CREATE DATABASE  IF NOT EXISTS `travel` /*!40100 DEFAULT CHARACTER SET latin1 */;
USE `travel`;
-- MySQL dump 10.13  Distrib 5.5.52, for debian-linux-gnu (x86_64)
--
-- Host: 127.0.0.1    Database: travel
-- ------------------------------------------------------
-- Server version	5.5.52-0ubuntu0.14.04.1

/*!40101 SET @OLD_CHARACTER_SET_CLIENT=@@CHARACTER_SET_CLIENT */;
/*!40101 SET @OLD_CHARACTER_SET_RESULTS=@@CHARACTER_SET_RESULTS */;
/*!40101 SET @OLD_COLLATION_CONNECTION=@@COLLATION_CONNECTION */;
/*!40101 SET NAMES utf8 */;
/*!40103 SET @OLD_TIME_ZONE=@@TIME_ZONE */;
/*!40103 SET TIME_ZONE='+00:00' */;
/*!40014 SET @OLD_UNIQUE_CHECKS=@@UNIQUE_CHECKS, UNIQUE_CHECKS=0 */;
/*!40014 SET @OLD_FOREIGN_KEY_CHECKS=@@FOREIGN_KEY_CHECKS, FOREIGN_KEY_CHECKS=0 */;
/*!40101 SET @OLD_SQL_MODE=@@SQL_MODE, SQL_MODE='NO_AUTO_VALUE_ON_ZERO' */;
/*!40111 SET @OLD_SQL_NOTES=@@SQL_NOTES, SQL_NOTES=0 */;

--
-- Table structure for table `comment`
--

DROP TABLE IF EXISTS `comment`;
/*!40101 SET @saved_cs_client     = @@character_set_client */;
/*!40101 SET character_set_client = utf8 */;
CREATE TABLE `comment` (
  `idComment` int(11) NOT NULL AUTO_INCREMENT,
  `idPosts` int(11) NOT NULL,
  `idUser` int(11) NOT NULL,
  `dateWrite` datetime NOT NULL,
  `state` int(1) NOT NULL,
  `context` text COLLATE utf8_unicode_ci NOT NULL,
  PRIMARY KEY (`idComment`),
  KEY `fk_BinhLuan_2_idx` (`idPosts`),
  KEY `fk_BinhLuan_1_idx` (`idUser`),
  CONSTRAINT `fk_BinhLuan_1` FOREIGN KEY (`idUser`) REFERENCES `user` (`idUser`) ON DELETE CASCADE ON UPDATE CASCADE,
  CONSTRAINT `fk_BinhLuan_2` FOREIGN KEY (`idPosts`) REFERENCES `posts` (`idPosts`) ON DELETE CASCADE ON UPDATE CASCADE
) ENGINE=InnoDB AUTO_INCREMENT=10 DEFAULT CHARSET=utf8 COLLATE=utf8_unicode_ci;
/*!40101 SET character_set_client = @saved_cs_client */;

--
-- Dumping data for table `comment`
--

LOCK TABLES `comment` WRITE;
/*!40000 ALTER TABLE `comment` DISABLE KEYS */;
INSERT INTO `comment` VALUES (1,6,5,'2016-11-20 23:51:56',1,'thật tuyệt vời'),(2,6,5,'2016-11-20 23:56:20',1,'thật tuyệt vời'),(3,1,5,'2016-11-20 23:56:20',1,'thật tuyệt vời'),(4,8,5,'2016-11-20 23:56:20',-1,'thật tuyệt vời'),(5,2,5,'2016-11-20 23:56:20',1,'thật tuyệt vời'),(6,3,5,'2016-11-20 23:56:20',1,'thật tuyệt vời'),(7,4,5,'2016-11-20 23:56:20',1,'thật tuyệt vời'),(8,5,5,'2016-11-20 23:56:20',1,'th?t tuy?t v?i'),(9,7,5,'2016-11-20 23:56:20',1,'thật tuyệt vời');
/*!40000 ALTER TABLE `comment` ENABLE KEYS */;
UNLOCK TABLES;

--
-- Table structure for table `destination`
--

DROP TABLE IF EXISTS `destination`;
/*!40101 SET @saved_cs_client     = @@character_set_client */;
/*!40101 SET character_set_client = utf8 */;
CREATE TABLE `destination` (
  `idDestination` int(11) NOT NULL AUTO_INCREMENT,
  `title` varchar(45) COLLATE utf8_unicode_ci NOT NULL,
  `nameArea` varchar(45) COLLATE utf8_unicode_ci NOT NULL,
  `discription` text COLLATE utf8_unicode_ci NOT NULL,
  `imageProfile` varchar(100) CHARACTER SET utf8 DEFAULT NULL,
  `state` int(1) NOT NULL,
  PRIMARY KEY (`idDestination`)
) ENGINE=InnoDB AUTO_INCREMENT=8 DEFAULT CHARSET=utf8 COLLATE=utf8_unicode_ci;
/*!40101 SET character_set_client = @saved_cs_client */;

--
-- Dumping data for table `destination`
--

LOCK TABLES `destination` WRITE;
/*!40000 ALTER TABLE `destination` DISABLE KEYS */;
INSERT INTO `destination` VALUES (1,'Hà Nội','Miền Bắc ','Hà Nội là thủ đô của nước Việt Nam, đồng thời cũng là một trung tâm chính trị, kinh tế, văn hóa, thương mại và du lịch quan trọng của Việt Nam.Hà Nội nằm hai bên bờ sông Hồng, ở giữa vùng Đồng bằng Bắc Bộ, tiếp giáp với các tỉnh: Thái Nguyên, Vĩnh Phúc ở phía bắc; phía nam giáp Hà Nam và Hoà Bình; phía đông giáp các tỉnh Bắc Giang, Bắc Ninh và Hưng Yên; phía tây giáp tỉnh Hoà Bình và Phú Thọ.','1',1),(2,'Huế','Miền Trung','Thừa Thiên – Huế ở vào vị trí trung độ của cả nước, nằm giữa Thủ đô Hà Nội và thành phố Hồ Chí Minh, phía Bắc giáp tỉnh Quảng Trị, phía Nam giáp thành phố Đà Nẵng, phía Tây giáp nước Cộng hoà Dân chủ Nhân dân Lào, phía Đông giáp biển Đông. Về tổ chức hành chính, Thừa Thiên – Huế có 8 huyện và thành phố Huế với 150 xã, phường, thị trấn','2',1),(3,'Sài Gòn','Miền Nam','Thành phố Hồ Chí Minh (Sài Gòn) là trung tâm kinh tế, chính trị và văn hóa lớn nhất ở miền Nam Việt Nam. Sài Gòn – TP.HCM cũng là một trung tâm du lịch lớn, với các di tích lịch sử và bảo tàng ghi lại dấu ấn thời chiến tranh chống Pháp và Mỹ. Tiêu biểu là hệ thống 11 bảo tàng trong đó nổi tiếng nhất là Bảo tàng chứng tích chiến tranh. Bên cạnh đó, các công trình kiến trúc thời thuộc địa cũng làm mãn nhãn du khách khi du lịch Sài Gòn, như Trụ sở Ủy Ban Nhân Dân Thành phố, Nhà hát lớn, Bưu điện trung tâm, Bến Nhà Rồng, Chợ Bến Thành và Dinh Độc Lập','3',1),(4,'Cần Thơ','Miền Nam','Thành phố Cần Thơ nằm trong vùng trung – hạ lưu và ở vị trí trung tâm châu thổ đồng bằng sông Cửu Long, trải dài trên 55km dọc bờ Tây sông Hậu, tổng diện tích tự nhiên 1.401,61 km2 , chiếm 3,49% diện tích toàn vùng. Phía Bắc giáp tỉnh An Giang; phía Đông giáp tỉnh Đồng Tháp và tỉnh Vĩnh Long; phía Tây giáp tỉnh Kiên Giang; phía Nam giáp tỉnh Hậu Giang','4',1),(5,' Ninh Bình','Miền Bắc ',' Ninh Bình là một tỉnh nằm ở cửa ngõ cực nam miền Bắc và khu vực đồng bằng Bắc Bộ, Việt Nam. Ninh Bình giáp với Hòa Bình, Hà Nam ở phía bắc, Nam Định ở phía đông qua sông Đáy, Thanh Hóa ở phía tây, biển (vịnh Bắc Bộ) ở phía đông nam. Trung tâm tỉnh là thành phố Ninh Bình cách thủ đô Hà Nội 93 km về phía nam','5',1),(6,'Đà Lạt','Miền Nam','Đà Lạt là một trong những thành phố du lịch nổi tiếng nhất của Việt Nam. Trong thời Pháp thuộc, tên tiếng Latin Dat Aliis Laetitiam Aliis Temperiem có nghĩa là \"cho những người này niềm vui, cho những người khác sự mát mẻ\". Đà Lạt được mệnh danh là: thành phố hoa, thành phố tình yêu, thành phố mùa xuân, thành phố sương mù','6',1),(7,'Sapa','Miền Bắc',' Nằm ở phía tây bắc của Tổ quốc, Sa Pa là một huyện vùng cao của tỉnh Lào Cai, một vùng đất khiêm nhường, lặng lẽ nhưng ẩn chứa bao điều kỳ diệu của cảnh sắc thiên nhiên. Phong cảnh thiên nhiên của Sa Pa được kết hợp với sức sáng tạo của con người cùng với địa hình của núi đồi, màu xanh của rừng, như bức tranh có sự sắp xếp theo một bố cục hài hoà tạo nên một vùng có nhiều cảnh sắc thơ mộng hấp dẫn.','7',1);
/*!40000 ALTER TABLE `destination` ENABLE KEYS */;
UNLOCK TABLES;

--
-- Table structure for table `favoritefestival`
--

DROP TABLE IF EXISTS `favoritefestival`;
/*!40101 SET @saved_cs_client     = @@character_set_client */;
/*!40101 SET character_set_client = utf8 */;
CREATE TABLE `favoritefestival` (
  `idFestival` int(11) NOT NULL,
  `idUser` int(11) NOT NULL,
  PRIMARY KEY (`idFestival`,`idUser`),
  KEY `fk_LeHoiYeuThich_2_idx` (`idUser`),
  CONSTRAINT `fk_LeHoiYeuThich_1` FOREIGN KEY (`idFestival`) REFERENCES `festival` (`idFestival`) ON DELETE CASCADE ON UPDATE CASCADE,
  CONSTRAINT `fk_LeHoiYeuThich_2` FOREIGN KEY (`idUser`) REFERENCES `user` (`idUser`) ON DELETE CASCADE ON UPDATE CASCADE
) ENGINE=InnoDB DEFAULT CHARSET=utf8 COLLATE=utf8_unicode_ci;
/*!40101 SET character_set_client = @saved_cs_client */;

--
-- Dumping data for table `favoritefestival`
--

LOCK TABLES `favoritefestival` WRITE;
/*!40000 ALTER TABLE `favoritefestival` DISABLE KEYS */;
INSERT INTO `favoritefestival` VALUES (47,1),(48,1);
/*!40000 ALTER TABLE `favoritefestival` ENABLE KEYS */;
UNLOCK TABLES;

--
-- Table structure for table `favoritelandscape`
--

DROP TABLE IF EXISTS `favoritelandscape`;
/*!40101 SET @saved_cs_client     = @@character_set_client */;
/*!40101 SET character_set_client = utf8 */;
CREATE TABLE `favoritelandscape` (
  `idLandscape` int(11) NOT NULL,
  `idUser` int(11) NOT NULL,
  PRIMARY KEY (`idLandscape`,`idUser`),
  KEY `fk_ThangCanhYeuThich_2_idx` (`idUser`),
  CONSTRAINT `fk_ThangCanhYeuThich_1` FOREIGN KEY (`idLandscape`) REFERENCES `landscape` (`idLandscape`) ON DELETE CASCADE ON UPDATE CASCADE,
  CONSTRAINT `fk_ThangCanhYeuThich_2` FOREIGN KEY (`idUser`) REFERENCES `user` (`idUser`) ON DELETE CASCADE ON UPDATE CASCADE
) ENGINE=InnoDB DEFAULT CHARSET=utf8 COLLATE=utf8_unicode_ci;
/*!40101 SET character_set_client = @saved_cs_client */;

--
-- Dumping data for table `favoritelandscape`
--

LOCK TABLES `favoritelandscape` WRITE;
/*!40000 ALTER TABLE `favoritelandscape` DISABLE KEYS */;
INSERT INTO `favoritelandscape` VALUES (62,1);
/*!40000 ALTER TABLE `favoritelandscape` ENABLE KEYS */;
UNLOCK TABLES;

--
-- Table structure for table `favoriteposts`
--

DROP TABLE IF EXISTS `favoriteposts`;
/*!40101 SET @saved_cs_client     = @@character_set_client */;
/*!40101 SET character_set_client = utf8 */;
CREATE TABLE `favoriteposts` (
  `idPosts` int(11) NOT NULL,
  `idUser` int(11) NOT NULL,
  PRIMARY KEY (`idPosts`,`idUser`),
  KEY `fk_BaiVietYeuThich_2_idx` (`idUser`),
  CONSTRAINT `fk_BaiVietYeuThich_1` FOREIGN KEY (`idPosts`) REFERENCES `posts` (`idPosts`) ON DELETE NO ACTION ON UPDATE NO ACTION,
  CONSTRAINT `fk_BaiVietYeuThich_2` FOREIGN KEY (`idUser`) REFERENCES `user` (`idUser`) ON DELETE CASCADE ON UPDATE CASCADE
) ENGINE=InnoDB DEFAULT CHARSET=utf8 COLLATE=utf8_unicode_ci;
/*!40101 SET character_set_client = @saved_cs_client */;

--
-- Dumping data for table `favoriteposts`
--

LOCK TABLES `favoriteposts` WRITE;
/*!40000 ALTER TABLE `favoriteposts` DISABLE KEYS */;
/*!40000 ALTER TABLE `favoriteposts` ENABLE KEYS */;
UNLOCK TABLES;

--
-- Table structure for table `festival`
--

DROP TABLE IF EXISTS `festival`;
/*!40101 SET @saved_cs_client     = @@character_set_client */;
/*!40101 SET character_set_client = utf8 */;
CREATE TABLE `festival` (
  `idFestival` int(11) NOT NULL AUTO_INCREMENT,
  `idDestination` int(11) NOT NULL,
  `title` varchar(45) COLLATE utf8_unicode_ci NOT NULL,
  `discription` text COLLATE utf8_unicode_ci NOT NULL,
  `imageProfile` varchar(100) CHARACTER SET utf8 DEFAULT NULL,
  `state` int(1) NOT NULL,
  PRIMARY KEY (`idFestival`),
  KEY `fk_LeHoi_1_idx` (`idDestination`),
  CONSTRAINT `fk_LeHoi_1` FOREIGN KEY (`idDestination`) REFERENCES `destination` (`idDestination`) ON DELETE CASCADE ON UPDATE CASCADE
) ENGINE=InnoDB AUTO_INCREMENT=49 DEFAULT CHARSET=utf8 COLLATE=utf8_unicode_ci;
/*!40101 SET character_set_client = @saved_cs_client */;

--
-- Dumping data for table `festival`
--

LOCK TABLES `festival` WRITE;
/*!40000 ALTER TABLE `festival` DISABLE KEYS */;
INSERT INTO `festival` VALUES (1,1,' L? h?i ?ình và ??n Kim Liên',' Th?i gian: 15-16/3 âm l?ch\n??a ?i?m:  Làng Kim Liên c?, nay thu?c ph??ng Ph??ng Liên, qu?n ??ng ?a, Thành ph? Hà N?i\n??i t??ng suy tôn: Th? Cao S?n ??i V??ng m?t trong t? tr?n c?a kinh thành Th?ng Long.\n??c ?i?m: T? l?, l? r??c ki?u, thi c?t tóc, ch?i chim, n?u ?n và bày c?…','',-1),(2,1,' ?êm h?i Giã La',' Th?i gian: 6 - 14/1 âm l?ch (5 n?m t? ch?c m?t l?n).\n??a ?i?m: Xã D??ng N?i, huy?n Hoài ??c, Hà N?i.\n??i t??ng suy tôn: Thành hoàng ???ng C?nh.\n??c ?i?m: R??c ?êm, di?n trò s?n h?, r??c hoàn cung.','',-1),(3,1,' H?i ??n Hát Môn',' Th?i gian: 4 - 7/3, 4/9 và 24/12 âm l?ch. Chính h?i 6/3 âm l?ch.\n??a ?i?m: Thôn Hát Môn, xã Hát Môn, huy?n Phúc Th?, Hà N?i.\n??i t??ng suy tôn: Hai Bà Tr?ng.\n??c ?i?m: Ba l? h?i trong n?m. Có t?c dâng cúng bánh trôi. T?c th? bánh trôi trên sông vào ?êm 5/3 âm l?ch.   ','',-1),(4,1,' H?i ?i?n Thái Bình',' Th?i gian: 26/8 âm l?ch.\n??a ?i?m: Xóm Thái Bình, xã Vân N?i, huy?n ?ông Anh, TP. Hà N?i.\n??i t??ng suy tôn: Tr?n H?ng ??o.\n??c ?i?m: L? ??o thánh, dâng v?n.','',-1),(5,1,' L? h?i chùa H??ng',' Th?i gian: 6 tháng giêng ??n h?t tháng 3 âm l?ch.\n??a ?i?m: xã H??ng S?n, huy?n M? Ð?c, Hà N?i.\n??i t??ng suy tôn: Ph?t Bà Quan Âm\n??c ?i?m:Múa r?ng, b?i tr?i','',-1),(6,1,' H?i Gióng ? ??n Sóc',' Th?i gian: 6 - 8/1 âm l?ch, chính h?i 7/1 (ngày thánh hóa)\n??a ?i?m: Xã Phù Linh, huy?n Sóc S?n, TP. Hà N?i.\n??i t??ng suy tôn: Thánh Gióng.\n??c ?i?m: C??p hoa tre và chém t??ng gi?c Ân','',-1),(7,1,'L? h?i Phù ??ng',' Nhi?u ??a ph??ng thu?c Hà N?i t? ch?c l? h?i suy tôn Thánh Dóng: Phù ??ng, Chi Nam (Gia Lâm), Xuân ??nh (T? Liêm), ??n Sóc (Sóc S?n). Trong s? b?n h?i trên thì h?i Dóng ? Phù ??ng (Gia Lâm, Hà N?i) có quy mô, t? ch?c ch?t ch? và công phu nh?t. Chính h?i vào ngày 9/4 âm l?ch h?ng n?m. Tr??c ?ó ngày 6/4 là l? r??c n??c t? gi?ng tr??c ??n th? M?u.\n\nL? t? có ph??ng ?i Lao múa hát th? th?n; di?n tr?n tái hi?n s? tích ông Dóng ?ánh gi?c Ân v?i các cu?c múa c? “ba ván thu?n” và “ba ván ngh?ch” ???c cách ?i?u, ng??i xem có th? hi?u tài ?ánh gi?c c?a ông Dóng. Nh?ng ngày ti?p theo có nhi?u trò vui nh? l? c?m c?, m?ng th?ng tr?n, cáo ??t tr?i và nhi?u trò vui khác.\n','',-1),(8,1,'L? H?i c? loa',' L? h?i di?n ra t?i xã ?ông Anh, ngo?i thành Hà N?i. L? h?i h?ng n?m di?n ra t? ngày 6 ??n 16 tháng giêng âm l?ch (chính h?i ngày 6) ?? t??ng nh? Th?c Phán An D??ng V??ng ng??i ?ã ???c vua Hùng th? 18 nh??ng ngôi.\n\nÔng ?ã có công xây thành C? Loa, tr? vì Âu L?c trong 50 n?m vào th? k? th? 3 tr??c công nguyên. Trong d?p l? h?i tái hi?n nhi?u tích x?a nh? r??c vua s?ng, l? ??m g??m t?i ??n Sái, r??c c? b?ng…\nL? h?i ??n C? Loa có ?ám r??c th?n uy nghiêm c?a 12 xóm. Trong ph?n h?i có nhi?u trò ch?i vui: ch?i ?u, th?i c?m thi, hát ca trù, hát chèo…\n','',-1),(9,1,'H?i l? m?t',' Làng L? M?t nay thu?c ph??ng Vi?t H?ng, qu?n Long Biên. H?ng n?m m? h?i vào ngày 23/3 âm l?ch, t??ng nh? Hoàng ??c Trung (thành hoàng làng L? M?t). Là ng??i ?ã có công ???c vua Lý ban ??t l?p 13 trang tr?i. H?i L? M?t có trò múa r?n nh?m tôn vinh ngh? b?t và nuôi r?n ? ?ây.\nH?i L? M?t còn là d?p ?? c? dân trong làng và nh?ng ng??i ?i xa có d?p v? quê, ôn l?i l?ch s? d?ng làng ??y gian nan th? thách t? xa x?a, cùng chung ni?m vui và lòng bi?t ?n v?i t? tiên.\n','',-1),(10,1,'L? h?i ??ng ?a',' L? h?i ??ng ?a (thu?c qu?n ??ng ?a – Hà N?i) h?ng n?m di?n ra vào ngày 5 t?t Nguyên ?án (5/1 âm l?ch). ?ây là n?i l? h?i chi?n th?ng, m?ng công tích l?y l?ng trong l?ch s? ch?ng ngo?i xâm c?a dân t?c, do hoàng ?? Quang Trung (Nguy?n Hu?), ng??i anh hùng áo v?i Tây S?n lãnh ??o.\nCu?c t? di?n ra ? ?ình Kh??ng Th??ng, l? c?u siêu ? chùa ??ng Quang. Sau ?ám r??c “r?ng l?a Th?ng Long” là l? dâng h??ng, l? ??c v?n. H?i còn có nhi?u trò vui, ?ua tài, ?ua trí trên sân bãi t?i gò ??ng ?a l?ch s?.','',-1),(12,2,'Hội đua ghe truyền thống',' Hội đua ghe truyền thống tỉnh TTHuế là một lễ hội mới được tổ chức sau ngày giải phóng hoàn toàn miền Nam nam 1975. Hội được tổ chức trong một ngày nhằm ngày lễ Quốc khánh 2-9(dương lịch) \nÐịa điểm đua là bờ Nam sông Hương trước trường Quốc học. Hội nhằm tạo điều kiện thuận tiện cho thanh niên nam nữ có cơ hội thi tài trên sông nước, qua đó rèn luyện tăng cường bảo vệ sức khoẻ và tạo không khí vui tươi lành mạnh cho nhân dân. Ðây cũng là dịp để biểu lộ lòng vui mừng của nhân dân nhân ngày Quốc khánh. \nQuy mô hội có tính chất rộng rãi liên phường xã và các huyện trong tỉnh. Hội tổ chức theo định kỳ, mỗi năm một lần theo phong tục. ','',1),(13,2,'Hội vật làng Sình',' Dù ai đi đó đi đây \nNgày mười hội vật nhớ quay về Sình \nÐó là câu ca dao ở Huế nhắc nhở mọi người hãy nhớ ngày mồng mười tháng giêng âm lịch hàng năm quay về làng Sình (Lại An), xã Phú Mậu huyện Phú Vang để xem đấu vật. Sân vật được dựng ngay trước đình làng Sình. \nVật võ cũng là một hình thức để tưởng nhớ ngài khai canh làng đã truyền dạy dân làng nghề vật. Nên đến ngày giỗ Ngài, dân làng tổ chức vật võ. Lễ chính tế Ngài khai canh được cử hành vào sáng mồng mười tháng giêng âm lịch lúc 2h sáng. Lễ tất mới vật võ, lúc 7h sáng. \nThể thức thi đấu hễ \"tấm lưng trắng bụng\" là thua nhưng có cuộc tranh tài quá quyết liệt, có khi đô vật bị tử vong. Trọng tài của hội vật do một người có uy tín trong làng đảm nhiệm. Lễ vật không hạn chế số đô vật ở các làng xã khác tham dự. Thứ tự cuộc đấu chiến bắt đầu là các thiếu niên, sau đó là cuộc thi vật của thanh niên và trung niên. \nSự tổ chức cũng theo thời gian mà thay đổi. Người thắng cuộc vật thời trước là tay thượng võ đài chiến thắng mọi đối thủ đến phút cuối, khi không còn ai dám lên đấu vật nữa mới được gọi là vô địch. Ngày nay các đô vật được chia thành từng cặp đấu chiến, để qua các vòng sơ kết, bán kết và chung kết. Người thắng vòng chung kết là vô địch. Như vậy đô vật khỏi bị mất sức vì phải đấu liên tiếp với nhiều người','',1),(14,2,'Lễ Hội điện hòn chén',' Tại Huế, Thánh Mẫu được thờ tại điện Hòn Chén, làng Hải Cát, huyện Hương Trà. Nghi lễ tại Ðiện Hòn Chén rất long trọng. Dân làng tổ chức tế tại đình, trước ngày chánh tế có lễ nghinh thần để rước tất cả các vị thần trong làng về đình. Ðám rước Thiên Y A Na Thánh Mẫu từ Huệ Nam đến đình làng Hải Cát tổ chức trọng thể hơn cả. \nLễ hội giống như một festival về văn hóa dân gian trên sông Hương, tấp nập những chiếc “bằng” (thuyền kết đôi) với cờ phướn, hương án đủ màu sắc, hành hương về điện Hòn Chén, nơi thờ Thánh Mẫu. Tại khu vực điện sẽ diễn ra Thánh Mẫu tuần du làng Hải Cát, lễ tế làng Hải Cát, lễ cung nghinh Thánh Mẫu hồi loan về điện, lễ phóng sanh, phóng đăng... \nÐám rước cử hành trên những chiếc “bằng”. Trên mỗi bằng có bàn thờ Thánh Mẫu cùng với long kiệu. Trên long kiệu có hòm sắc của vua ban Thánh Mẫu, liền kế đó là một bằng khác có bàn thờ, kiệu và hòm sắc của nhị vị thượng Ngàn và Thuỷ Cung Thánh Mẫu. Sau đó là những chiếc bằng chở các tự khí, tàn tán cờ quạt. \nTrải qua những thăng trầm lịch sử, những năm gần đây lễ hội này đã được phục hồi theo các tập tục truyền thống mang đậm màu sắc văn hóa dân gian địa phương. Lễ hội điện Hòn Chén còn được gọi là Lễ Vía Mẹ, không chỉ là của những tín đồ Thiên Tiên Thanh Giáo, mà còn là của những người theo đạo thờ Mẹ, đạo hiếu, đạo làm người. Theo ý nghĩa đó, việc phục hồi lễ hội điện Hòn Chén là phục hồi một giá trị văn hóa truyền thống của một vùng đất. ','',1),(15,2,'Hội chợ Xuân Lạc',' Trong ba ngày Tết cũng như nhiều vùng khác, tất cả các chợ ở Huế đều nghỉ mua bán để mọi người tổ chức lễ hội, cúng ông bà, thăm hỏi nhau. Tuy nhiên, chỉ có một chợ Tết độc nhất đã mở trong những ngày đầu xuân- Ðó là chợ Gia Lạc- đông vui chỉ trong 3 ngày Tết. \nCó thể hiểu Gia Lạc theo 2 cách:” nhà nhà vui tươi”; hoặc “thêm vui” (ngụ ý ngày xuân đã vui rồi, chợ lập ra để tăng thêm nguồn vui- cách lý giải này được nhiều người chấp nhận) \nChợ lập được từ thời Minh Mạng (1820-1840) do Ðịnh Viễn Công Nguyễn Phước Binh, con thứ tư của Gia Long. Lúc đầu chợ chỉ họp nhóm trong giới hạn thân nhân nơi phủ đệ của ông nhằm trao đổi hàng hóa, vui chơi. \nSau thấy vui, nhân dân quanh vùng đến mua bán, rồi bày các trò chơi dân gian. Do vậy, chợ Gia Lạc trở thành một hình thức hội chợ xuân, loại chợ phiên trong ngày Tết. Ðịa điểm chợ ở tại ngã 3, giáp ranh làng Nam Phổ, trên 2 nẻo đường, 1 về Dương Nổ, 1 về Ngọc Anh- cách trung tâm thành Huế, đi theo hướng về Vĩ Dạ khoảng 3km. Chợ cách bờ sông Hương khỏang 300m. Bên kia sông là chợ Dinh hiện nay. \nHàng mua bán ở chợ Gia Lạc rất phong phú, thay đổi theo năm: từ những đồ gia dụng đến đồ chơi trẻ em, thay đổi theo năm: từ những đồ gia dụng đến đồ chơi trẻ em, thức ăn uống. Ðó là hình thức “chợ trời” ngày nay. \nChợ còn là điểm tập trung vui chơi trong 3 ngày Tết: các cuộc chơi bài chòi, bài ghế, hò giã gạo, bài thái đều được tổ chức. \nNgười đi chợ ăn mặc thật chải chuốc, chỉnh tề. Các bà, các chị với y phục cổ truyền, áo mớ năm, mớ ba...ngoài việc mua bán, còn có ăn uống, vui chơi. Cả người bán lẫn người mua ăn nói, ứng xử lịch sự, vui vẻ, không có cảnh ồn ào cãi cọ thiếu văn hóa. Cuộc vui chơi diễn ra trong 3 ngày Tết. Qua ngày mồng Bốn, tất cả chợ trời trở lại sinh hoạt bình thường. Ðây là nơi biểu hiện nền văn hóa Huế tương đối tập trung và rõ nét, từ phong cách ăn mặc đến ngôn ngữ.','',1),(16,2,'Hội cầu ngư ở Thái Dương Hạ',' Hội của nhân dân làng Thai Dương hạ, huyện Phú Quang, tổ chức vào ngày 12 tháng giêng âm lịch hằng năm, để tưởng nhớ vị Thành Hoàng của làng là Trương Quý Công (Trương Thiều), người gốc Thanh Hóa, có công dạy cho dân nghề đánh cá và buôn bán ghe mành. \nThường cứ 3 năm một lần làng lại tổ chức đại lễ rất linh đình, có tổ chức các trò mô tả những sinh hoạt nghề đánh cá, trong đó trò \"bủa lưới\" mang ý nghĩa trình nghề, khắc họa đậm nét lễ nghi dân gian của cư dân ven biển. \nLễ hội Cầu Ngư Thai Dương Hạ là một lễ hội lớn ở Thừa Thiên Huế và ở Việt Nam.','',1),(17,2,'Lễ Xã Tắc',' Lễ tế Xã Tắc là một nghi lễ truyền thống rất quan trọng ở nước ta trước đây nhằm cầu mong cho mưa thuận gió hòa, mùa màng bội thu, nhân dân no ấm, thiên hạ thái bình. Các triều đại độc lập ở Việt Nam, từ Đinh, Lý, Trần, Lê đến nhà Nguyễn đều cử hành Lễ tế Xã Tắc vào mùa Xuân hàng năm và luôn xem đây là Quốc lễ.\nDưới triều Nguyễn, Đàn Xã Tắc được xây dưới thời vua Gia Long vào tháng 4 năm 1806 để tế cúng thần đất (xã) và thần ngũ cốc (tắc). Lúc xây Đàn, triều đình nhà Nguyễn đã huy động tất cả dinh trấn trong cả nước cống nạp đất sạch để đắp. Trước đây, Đàn được tổ chức tế lễ mỗi năm hai lần, vào mùa Xuân và mùa Thu, và Lễ tế Đàn Xã Tắc được xếp vào hàng \"đại tự\", đích thân nhà vua đến làm lễ. Vì thế, cả 13 đời vua Nguyễn nói chung đều thân hành đến làm chủ lễ ở đàn Xã Tắc.\nTiến sĩ Phan Thanh Hải, Giám đốc Trung tâm Bảo tồn di tích Cố đô Huế cho biết: Trải qua thời gian cùng các biến động lịch sử, chỉ duy nhất tại Cố đô Huế hiện nay còn bảo tồn được Đàn tế Xã Tắc bên trong Kinh thành Huế và là một công trình thuộc quần thể di tích cố đô Huế. Vị trí Đàn Xã Tắc hiện nằm tại phường Thuận Hòa, thành nội Huế, trong ô phố giới hạn bởi 4 mặt: mặt Bắc - đường Ngô Thời Nhiệm, mặt Nam - đường Trần Nguyên Hãn, mặt Đông - đường Trần Nguyên Đán, mặt Tây - đường Nguyễn Cư Trinh.\nLễ tế Xã Tắc, với tính chất là một nghi lễ cung đình, đã được nghiên cứu và phục hồi thành công và trở thành một nét văn hóa truyền thống độc đáo của tỉnh Thừa Thiên - Huế. Với mục đích đáp ứng nguyện vọng của người dân luôn mong mỏi được dâng hương cầu nguyện, cùng đồng cảm trong hoài vọng quốc thái dân an, phong điều vũ thuận đem lại hạnh phúc cơm no, áo ấm cho nhân dân, Lễ tế Xã tắc đã được tổ chức tái hiện lần đầu tiên vào năm 2008.\nTừ đó đến nay, Lễ tế Xã Tắc được tổ chức hàng năm vào dịp Xuân, và đã nhận được sự đánh giá cao của dư luận và giới chuyên môn.\nNăm nay, Lễ tế Xã Tắc được tổ chức dựa theo các nghi thức truyền thống đã được nghiên cứu và điều chỉnh theo hướng tinh gọn, vừa trang trọng, lại vừa phù hợp với điều kiện thực tế hiện nay...\n','',1),(18,2,'Lễ hội A Riêu',' Theo các già làng, lễ hội Ariêu Car vốn có từ xa xưa nhằm mục đích tạo sự đoàn kết, gắn bó giữa các làng bản có mối quan hệ về họ tộc và nơi cư trú.\nĐặc biệt, lễ hội Ariêu Car là dịp để tạ ơn các vị thần linh đã phù hộ cho dân làng sức khỏe, mùa màng bội thu, cuộc sống ngày càng no ấm, hạnh phúc.\nBà Lê Thị Thêm - Trưởng phòng Văn hóa thông tin huyện A Lưới - còn cho biết: Nhiều năm qua, huyện đã duy trì lễ hội Ariêu Car như một nét đẹp truyền thống và thường được tổ chức luân phiên từ 5 đến 10 năm một lần.\nKhác với những lễ hội truyền thống của đồng bào dân tộc thiểu số ở vùng cao A Lưới, lễ hội Ariêu Car có nhiều phần nghi lễ chính như: “tâng hung” để họp bàn thống nhất cách thức tổ chức; lễ “a xa a rah” nhằm tẩy rửa những điều ô uế, nhơ bẩn trong làng bản; lễ “ta nôm” là giao ước giữa các già làng với thần linh; lễ “chật ty riaq” tức đâm trâu, đây được xem là nghi lễ quan trọng nhất của lễ hội.  Tuy nhiên, khác với những lễ hội trước, năm nay lễ hội Ariêu Car đã được bỏ đi phần lễ đâm trâu.   \n“Thực hiện theo Thông tư số 15 của Bộ VHTT&DL về quy định không tổ chức các lễ hội có nội dung “đâm chém, kinh dị, rùng rợn”... nên tại lễ hội Ariêu Car năm 2016, Ban tổ chức đã bỏ nghi lễ đâm trâu. Mặc dù vậy nhưng lễ hội vẫn diễn ra hoành tráng, đậm chất văn hóa dân gian và thu hút đông đảo đồng bào dân tộc thiểu số đến tham dự” - Bà Thêm khẳng định.\nLễ hội A riêu Car là lễ hội linh thiêng và lớn nhất được tổ chức định kỳ 10 năm hoặc 20 năm một lần. Nội dung ý nghĩa của lễ hội A riêu Car nhằm thắt chặt tình đoàn kết giữa các làng, qua đó kết nghĩa tâm giao giúp đỡ nhau khi gặp khó khăn hoạn nạn, tạo điều kiện cho nhau về đất đai để làm ăn sinh sống, gắn kết tình thông gia, tình bạn, giải quyết, giải hòa mâu thuẫn giữa các làng bản. Các già làng sẽ quy định, quy ước chung những điều không được vi phạm, đưa ra những hình phạt nhất định nếu bên nào vi phạm và sẽ giải quyết, xử lý theo lệ làng đã quy định.\nTrước đây lễ hội thường diễn ra từ 3 đến 5 ngày. Nghi lễ trước khi tổ chức lễ hội chính thức sẽ có 5 nghi lễ không thể thiếu và khi tổ chức lễ hội chính thức các già làng, chủ lễ hội phải thực hiện qua 8 nghi lễ. Cuối cùng phần hội kết thúc già làng sẽ thực hiện nghi lễ báo hiệu lễ hội kết thúc.\nBên lề tái hiện lễ hội A Riêu Car truyền thống, huyện A Lưới còn tổ chức tái hiện một số sinh hoạt văn hóa các dân tộc A Lưới như trình diễn và trưng bày các sản phẩm đan lát thủ công truyền thống; trình diễn và trưng bày các sản phẩm dệt Zèng truyền thống; không gian văn hóa ẩm thực và trình diễn dân ca, dân nhạc, dân vũ truyền thống.\n','',1),(19,3,'L? h?i ?m th?c cu?i n?m Sài Gòn',' Ho?t ??ng này s? di?n ra t?i khu B công viên 23/9, t? ngày 12.12 ??n ngày 16.12.2012 v?i kho?ng 80 gian hàng c?a 50 ??n v? nhà hàng, khách s?n ??i di?n cho n?n ?m th?c c?a 20 các qu?c gia và vùng lãnh th?.\nCác ??n v?, nhà hàng ??t chu?n, các tr??ng nghi?p v? ?ào t?o nhà hàng, các c? quan t?ng lãnh s?, ??i di?n n??c ngoài t?i thành ph?… tham gia gi?i thi?u các nét v?n hóa ?m th?c ??c s?c, ??c s?n… qua ?ó góp ph?n xúc ti?n, qu?ng bá gi?i thi?u ?i?m ??n du l?ch sài gòn.\nLiên hoan ?m th?c “Món ngon các n??c” n?m nay có nhi?u ho?t ??ng. Các ??n v? bi?u di?n ch? bi?n và ph?c v? ?m th?c t?i các gian hàng chú tr?ng phong cách trang trí, ngh? thu?t ch? bi?n và trình bày món ?n th? hi?n nét v?n hóa ?m th?c ??c s?c c?a các qu?c gia cho khách tham quan th??ng th?c món ?n t?i các gian hàng.\n“B?p tr??ng 5 sao” là ?i?m nh?n c?a s? ki?n, nh?m gi?i thi?u nét ??c s?c trong ?m th?c c?a các khách s?n cao c?p t?i Vi?t Nam v?i ch? ?? “ti?c Giáng sinh”.\nL?n ??u tiên t?i Vi?t Nam, 100 hoa ??ng ???c c?t t?a t? d?a h?u do các ??u b?p chuyên nghi?p th?c hi?n nh?m l?p k? l?c “H?i hoa ??ng d?a h?u nhi?u nh?t Vi?t Nam”. Các hoa ??ng d?a h?u ??c bi?t này s? ???c th?p sáng và thu hút du khách qu?c t? c?ng nh? ng??i dân thành ph? th??ng th?c và chiêm ng??ng.\nLiên hoan “Các món cu?n Vi?t Nam” s? ?? gi?i thi?u Vi?t Nam có n?n ?m th?c ?a d?ng, s? d?ng nhi?u rau xanh trong th?c ?n, ít béo, ?áp ?ng t?t nhu c?u dinh d??ng và trình bày ??p m?t. Ho?t ??ng này nh?m gi?i thi?u cho th?c khách các lo?i món cu?n chay, cu?n m?n, cu?n trái cây… c?a Vi?t Nam trên kh?p vùng mi?n, dùng ngay ho?c qua ch? bi?n.\n??c bi?t, liên hoan có s? tham gia c?a ??u b?p n?i ti?ng th? gi?i Martin Yan v?i nh?ng màn trình di?n ngh? thu?t ch? bi?n món ?n và gi?i thi?u nét ??c s?c c?a ?m th?c th? gi?i ??n công chúng TP.HCM và du khách qu?c t? vào ?êm khai m?c 12.12 t?i khu v?c sân kh?u chính công viên 23/9.\nCh??ng trình trình di?n ngh? thu?t pha ch? (bartender) là d?p ?? nh?ng chuyên gia pha ch? tr? tài pha ch? các lo?i th?c u?ng v?i công th?c m?i nh?t, k?t h?p v?i v? ??o và các pha trình di?n ??p m?t. Ngoài ra, còn có ch??ng trình bi?u di?n Muay Thái, dance sport, th? d?c nh?p ?i?u và ch??ng trình ngh? thu?t trong các ?êm xuyên su?t liên hoan.\nL? h?i v?n hóa, ?m th?c “H?t lúa quê tôi” s? di?n ra t? 17gi? ??n 21 gi? các ngày 14, 15 và 16.12.2012 t?i khu du l?ch Bình Qu?i 1 (1147 Bình Qu?i, Q. Bình Th?nh).\n?ây là d?p ?? du khách khám phá nh?ng ?i?u thú v? v? ?m th?c dân gian và sinh ho?t nông thôn Vi?t Nam v?i các món ?n, th?c u?ng dân dã ???c ch? bi?n t? h?t lúa c?a các vùng mi?n.\nL? h?i tái hi?n m?t s? c?nh sinh ho?t ??ng áng c?a nông dân làm ra h?t lúa v?i c?nh ??ng lúa, n??ng khoai. ??c bi?t, gi?i thi?u b? s?u t?p nông c? lúa g?o các vùng mi?n.\nL? h?i c?ng gi?i thi?u phong phú h?n nh?ng nét v?n hóa ??c s?c trong lao ??ng, sinh ho?t h?i hè, ch? quê, m?t s? ngh? truy?n th?ng s?n xu?t ra các s?n ph?m th? công c?a m?t s? ??a ph??ng, t? ch?c các trò ch?i dân gian, h??ng d?n làm ?? ch?i th? công, bi?u di?n ngh? thu?t ??m nét v?n hóa dân gian Vi?t Nam ?? du khách hòa nh?p vào không khí h?i hè làng quê Vi?t Nam.\n','',-1),(20,3,'L? h?i chùa Ph??c H?i','  L? h?i chùa Ph??c H?i ???c t? ch?c vào ngày mùng 9 tháng giêng âm l?ch hàng n?m, t?i s? 73, ???ng Mai Th? L?u, g?n ch? ?a Kao thu?c ph??ng ?a Kao, qu?n 1.\nChùa Ng?c Hoàng hay Ng?c Hoàng ?i?n, nay g?i là chùa Ph??c H?i, t?a l?c t?i s? 73, ???ng Mai Th? L?u, g?n ch? ?a Kao thu?c ph??ng ?a Kao, qu?n I, thành ph? H? Chí Minh.Chùa Ng?c Hoàng ???c thành l?p t? n?m 1892 do m?t ng??i Hoa tên L?u Minh ch? x??ng. N?m 1900, công cu?c xây c?t chùa hoàn thành, nh?ng ??n n?m 1906 m?i làm l? khánh thành. Chùa kh?i nguyên tên là Ng?c Hoàng ?i?n, ng??i Pháp g?i là \"chùa ?a Kao\", n?m 1982 chùa gia nh?p Giáo h?i Ph?t Giáo Vi?t Nam v?i hòa th??ng Thích V?nh Kh??ng ch? trì, m?i ??i tên thành Ph??c  H?i T?, nh?ng dân gian v?n quen g?i là chùa Ng?c Hoàng.\nTrong sân chùa Ng?c Hoàng, ngoài hai h? nuôi cá và rùa, có m?t mi?u th? H? Pháp và m?t nhà bát giác che chi?c ??nh l?n ?úc b?ng xi m?ng gi? ??ng dành cho khách hành h??ng th?p nhang tr??c khi vào chùa c?ng nh? ra kh?i chùa. Chùa Ng?c Hoàng có t?ng c?ng trên 300 t??ng th?, ???c phân b? trong ba gian th?. Gian ? gi?a li?n v?i c?ng vào, là gian th? các b?c thiên t??ng và Ng?c Hoàng, theo th? t? t? ngoài vào trong g?m có: Th? ??a (bên trái c?a vào), Môn Quan (bên ph?i c?a vào)- Ph?t D??c S?, t??ng ph?t duy nh?t b?ng g? tr?m ??t trong l?ng kính, ? gi?a chánh ?i?n- Thanh Long ??i t??ng (bên ph?i) và Ph?c H? ??i t??ng (bên trái), t??ng to b?ng ng??i th?t- Cung th? Ng?c Hoàng ? gi?a, cung th? Chu?n ?? Quan Âm bên ph?i và cung th? B?c ??, t?c Huy?n Võ hay Tr?n Võ bên trái.? gian th? Ng?c Hoàng có sáu pho t??ng chính: bên ph?i g?m ba v?, v?i gi?a là Quan Phu T? (ch? v? vi?c võ) và hai bên là Thiên T??ng và Thiên Th?n. Ngoài ra, còn có các t??ng th? khác nh?: Nam Tào, B?c ??u, Hoa ?à tiên s?, T? Thiên ??i thánh, Quan Thánh ?? quân, th?n Nh?t, th?n Nguy?t, Long M?u n??ng n??ng, T? ??i kim quang, Thái ?t chân nhân, Hòa th??ng ??o Minh, Khuy?n thi?n ??i s?, hai quan v?n, hai quan võ, hai ??ng t?, Ông bà bà Thiên Lôi cùng b?y thiên t??ng...\nH?u h?t các t??ng th? ? ?ây ??u b?ng g?, m?t s? ít làm b?ng gi?y b?i. Riêng t??ng c?a Ng?c Hoàng là pho t??ng ng?i l?n nh?t trong chùa. ??u t??ng Ng?c Hoàng ??i mão l?n có mái che tr??c trán. Hai tay Ng?c Hoàng c?m l?nh ti?n. M?t Ng?c Hoàng bình th?n, không vui c?ng không bu?n, m?t trong t? th? m? nh?ng không th?y rõ tròng m?t, m?i d?i và to. Khuôn m?t t??ng Ng?c Hoàng hình ch? ?i?n, hai má cao và r?ng, có b?n chòm râu t?a dài xu?ng ngang vai.Ng?c Hoàng m?c áo choàng r?ng, hai tay áo ph? t?n ??n các ngón tay. áo ???c ch?m n?i dính h?n vào t??ng v?i k? thu?t s?n son th?p vàng tinh x?o làm n?i b?t ???ng nét trang trí trên thân áo v?i m?t con r?ng u?n l??n.Gian bên trái t? ngoài vào, theo th? t? t? tr??c ra sau có nh?ng h??ng án v?i các t??ng th? sau:- Gian ??u tiên th? Kim Hoa thánh m?u, m??i hai bà m? và các nh? m?u trong các t? th? nuôi d?y cho tr? nh?.?ây là gian c?u t? cho nh?ng ng??i hi?m mu?n- Gian ti?p theo là Th?p ?i?n Diêm V??ng, v?i m??i b?c ch?m g? v?i c?nh m??i c?a ng?c phân b? ??u m?i bên vách n?m b?c. N?i li?n gian Th?p ?i?n v?i gian Kim Hoa thính m?u, có các t??ng th?: Quan Âm, Kim ??ng, Ng?c N?, ??a T?ng V??ng b? tát (bi?u t??ng cho s? c?u r?i), Ho?t Vô Th??ng, T? M?ng s? quân và D?n H?n Ti?n (bi?u t??ng s? d?n d?t, phân bi?t linh b? lành d?)- Th?n Tài: Trang ph?c ?? t?ng, bi?u t??ng mang h?t s? r?i ro vào mình và ban phát tài l?c cho nhân gian. T??ng ??ng cu?i gian Th?p ?i?n, tay c?m m?t cái r? ??ng các gói gi?y ?? b?c m?nh gi?y nh? ghi hai ch? Hán \"Tài Th?n\" bên trong ?? khách hành h??ng xin l?c- Gian n?i li?n v?i gian Th?p ?i?n có các t??ng th?: Nh? V? song án, Mã t??ng quân, Thành Hoàng L? Ban và Thái Tu?- Gian cu?i cùng (hi?n không còn cho khách vào chiêm bái) g?m hai h??ng án th? Th?ch C?m ???ng (t?c th? ?á c?a ng??i Hoa) và th? Ông Tà (t?c th? ?á c?a ng??i Khmer)- Bên ph?i gian th? Ng?c Hoàng là phòng khách c?a chùa, sau phòng này có c?u thang lên l?u. N?i ?ây th? ph?ng: Quan Âm b? tát, Quan Thánh ?? Quân, H? pháp và T? L?u Minh - ng??i l?p chùa.\nL? h?i còn di?n ra vào nh?ng ngày r?m, mùng m?t âm l?ch, nh?t là vào các ngày r?m l?n trong n?m (15/1 âm l?ch, 15/7 âm l?ch, 15/10 âm l?ch) khách ??n l? chùa ?ông ??n hàng v?n ng??i. Tuy nhiên, d?p l? h?i thu hút khách ?ông nh?t là d?p l? vía Ng?c Hoàng vào ngày mùng 9 tháng giêng âm l?ch hàng n?m.\nVào d?p này, t?i ngày mùng 8, v? hòa th??ng tr? trì chùa t? ch?c t?ng kinh c?u an. C? ngày mùng 9 dành cho hàng ch?c v?n khách ??n chiêm bái, có c? ng??i Hoa l?n ng??i Vi?t. Khói h??ng mù m?t kh?p trong ngoài...Trong các c? s? tín ng??ng dân gian c?a ng??i Hoa ? thành ph? H? Chí Minh, chùa Ng?c Hoàng có th? xem là m?t trong nh?ng ?i?m có s?c thu hút khách trong và ngoài n??c ??n tham quan, chiêm bái r?t ?ông ??o\n','',-1),(21,3,'L? h?i chùa bà Thiên H?u',' L? h?i chùa bà Thiên H?u ???c t? ch?c vào ngày 23/3 âm l?ch hàng n?m, t?i 710 Nguy?n Trãi, qu?n 3, TP. H? Chí Minh. L? h?i nh?m suy tôn Bà Thiên H?u.\nBà có tên th?t là Mi Châu, sinh ngày 23 tháng 3 (âm l?ch) n?m Giáp Thân (1044), s?ng ? Ph??c Ki?n (Trung Qu?c). Theo s? tích k? l?i thì ngày hôm ?y cha Bà là Lâm Tích Khánh cùng hai anh trai ?i thuy?n ch? mu?i ??n Giang Tây, gi?a ???ng g?p bão l?n. Lúc ?ó Bà ?ang ng?i d?t v?i c?nh m? nh?ng xu?t th?n ?? ?i c?u cha và hai anh. Bà dùng r?ng c?n ???c chéo áo c?a cha, hai tay n?m hai anh, gi?a lúc ?ó m? kêu g?i Bà, ép Bà tr? l?i, Bà v?a h? môi tr? l?i thì sóng cu?n cha ?i m?t d?ng, ch? c?u ???c hai anh. T? ?ó m?i khi thuy?n bè ngoài bi?n b? n?n ng??i ta ??u g?i vái ??n Bà. N?m Canh D?n (1110) nhà T?ng s?c phong cho Bà là \"Thiên H?u Thánh M?u\".\nChùa Bà Thiên H?u hàng ngày v?n ?ón ti?p nh?ng ng??i ??n cúng l? khá ?ông. Nh?ng ?ông h?n là vào các ngày mùng m?t và r?m hàng tháng, các ngày l? T?t trong n?m c?a ng??i Hoa nh? T?t Nguyên ?án, T?t Nguyên tiêu, T?t ?oan ng? v.v... ??c bi?t, ngày 28 T?t, chùa ti?n hành l? cúng Bà và L? khai ?n, c?u mong Bà phò tr? cho “H? qu?c an dân” và “H?p c?nh bình an”. Riêng ngày vía Bà (23 tháng 3 âm l?ch) ???c xem là ngày h?i chính c?a chùa.\nVào ngày l?, bà con ng??i Hoa, ng??i Vi?t ??n cúng l? r?t ?ông. ?êm 22 s? di?n ra L? t?m Bà. Sáng ngày 23, m?i ng??i l?i t? ch?c L? r??c Bà: T??ng Bà ???c ??t vào ki?u do các thanh niên nam n? ?n m?c ??p ?? di?u qua các ???ng ph? quanh chùa. Theo sau ki?u có thuy?n r?ng, các t?m b?ng ?? ghi tên các v? th?n ???c th? ph?ng trong chùa, các ??i múa g?m: múa lân, múa s? t?, múa r?ng, các ??i nh?c dân t?c v?a bi?u di?n v?a múa hát, t?o nên m?t quang c?nh náo nhi?t trong các khu ph? ?ông ??o ng??i Hoa...\nChùa Bà Thiên H?u (theo cách g?i c?a ng??i Vi?t) còn ???c g?i là chùa Bà Ch? L?n, tên ch? Hán làThiên H?u mi?u, ng??i Hoa g?i là Phò Mi?u (t?c mi?u ??c Bà). Và do bên c?nh chùa có Tu? Thành H?i quán là n?i quy t? c?a nhóm ng??i Hoa Qu?ng ?ông, nên chùa còn ???c g?i Tu? Thành H?i quán.\n?ây là m?t trong nh?ng ngôi chùa c? nh?t c?a ng??i Hoa ?ã gây d?ng trên ??t ?? Ng?n x?a. Chùa n?m trong khu trung tâm c?a nh?ng ng??i Hoa ??u tiên ??n t?o l?p nên Ch? L?n sau này. Chùa Bà Thiên H?u ???c nhóm ng??i Hoa g?c huy?n Tu? Thành, Qu?ng ?ông ?ã r?i b? làng quê sang Vi?t Nam góp v?n và góp công xây d?ng vào kho?ng n?m 1760 và ???c trùng tu l?n vào các n?m 1800, 1842, 1890, 1916...\n??i Nam Nh?t Th?ng Chí ghi: “Cách huy?n Bình D??ng 12 d?m, ? phía t? và phía h?u ???ng quan l?. N?i ch? có ???ng thông ra t? phía ?i liên l?c nh? hình ch? \"?i?n\", nhà c?a ph? xá liên ti?p th?m mái cùng nhau, ng??i Hán, ng??i Th? ? chung l?n dài ?? 3 d?m, ?? c? hàng hóa tr?m th?c, ? bên sông Nam và B?c không thi?u món gì, ??u phía B?c ???ng l?n có ??n Quan Công, quán Tam H?i, xây c?t ??i nhau phía t? và phía h?u. Phía Tây ???ng l?n có chùa Thiên H?u, g?n phía Tây có Ôn L?ng H?i Quán”.\nChùa th? bà Thiên H?u là chính. Bà ???c ng??i Qu?ng ?ông g?i là “A Phò” (??c Bà). Ng??i Phúc Ki?n và H?i Nam thích g?i bà là \"??o M?u\".\nChùa Bà Thiên H?u là m?t trong nh?ng ngôi chùa mi?u, có l?ch s? lâu ??i nh?t c?a ng??i Hoa ? Thành ph? H? Chí Minh. Bên c?nh giá tr? v? ngh? thu?t ki?n trúc, ?iêu kh?c, hi?n v?t c?, n?i ?ây còn có m?t giá tr? khác, ?ó không ch? là n?i ?áp ?ng nhu c?u tín ng??ng mà còn là n?i qui t? và t??ng tr? l?n nhau c?a bà con ng??i Vi?t g?c Hoa (Qu?ng ?ông).\nS? tích Bà Thiên H?u, qua ng??i k? ?ôi khi có ít nhi?u d? bi?t nh?ng ch? y?u v?n là ?? cao m?t ng??i ph? n? Hoa có lòng hi?u th?o, ??c h?nh, dám x? thân vì m?i ng??i...S? ?? cao này nh?m m?c ?ích giáo d?c.\nM?t khác trên b??c ???ng nguy nan, nhi?u sóng gió khi sang vùng ??t m?i ?? m?u sinh, ng??i Hoa tin t??ng s? hi?n linh c?a bà s? giúp h? v??t qua ???c m?i tr? ng?i và ???c an c? l?c nghi?p. ?? t? lòng bi?t ?n sâu xa ??i v?i s? phù tr? c?a Bà, Chùa Bà Thiên H?u có v? trí quan tr?ng ??i v?i ng??i Hoa Qu?ng ?ông, Phúc Ki?n, Tri?u Châu... và c? ng??i Vi?t.\n','',-1),(22,3,'L? h?i chùa ông B?n',' Chùa Ông B?n hay còn g?i là (Nh? ph? mi?u), t?a l?c t?i ???ng H?i Th??ng Lãn Ông, qu?n 5 (TP. H? Chí Minh), hàng n?m có nhi?u l? h?i l?n. ??c bi?t ngày l? chính c?a chùa là r?m tháng Giêng và r?m tháng Tám theo âm l?ch.\nL? v?t cúng ông B?n th??ng là heo quay, heo s?ng, gà lu?c, hoa trái, nhang ?èn v.v... Ng??i Hoa ph?n l?n là ng??i g?c Phúc Ki?n ?em l? v?t ??n chùa cúng r?t ?ông. Bà con ng??i Hoa th??ng mua nh?ng vòng h??ng th?p cúng treo kh?p vòm tr?n chùa t?a khói th?m nghi ngút su?t nhi?u tháng.\nNgoài hai ngày l? chính, chùa Ông B?n c?ng có m?t s? bà con ng??i Hoa ??n cúng chùa vào d?p T?t Nguyên ?án, Nguyên Tiêu, R?m tháng Ch?p... Ng??i Hoa ? thành ph? t?i l? chùa, d? h?i r?t ?ông vui. Th??ng vào d?p t?t Nguyên ?án, các ??i múa R?ng ??n t? ch?c bi?u di?n múa ngay sân chùa thu hút hàng ngàn ng??i xem. Các ??i võ thu?t, th? d?c th? thao, c?ng th??ng t? ch?c các cu?c thi ??u t?i sân chùa.\nVào R?m tháng Giêng m?t s? bà con ng??i Hoa ??n l? chùa và xin vay m??n ti?n c?a các v? th?n thánh trong chùa nh? Ông B?n, Quan Công ?? làm ?n buôn bán. S? vay m??n này có tính ch?t t??ng tr?ng, nh?ng ??n cu?i n?m vào R?m tháng Ch?p, bà con ??n chùa tr? l? ??y ?? c? v?n l?n l?i b?ng s? ti?n m?t b? vào các thùng ph??c s??ng. Vào d?p này s? ng??i ??n chùa Ông B?n, c?ng nh? nhi?u chùa khác xin x?m, bói toán khá nh?n nh?p.\nTheo tài li?u c?a Lý V?n Hùng trong Gia ??nh tràng Ph?t Tích c? thì ông B?n chính là Châu ??t Quan, m?t viên quan c?a tri?u ?ình Trung Hoa ??i nhà Nguyên, th? k? th? XIII. Ông tham gia các s? b? Trung Hoa ??n nhi?u n??c ? ?ông Nam Á, trong ?ó có vùng ??t nam Vi?t Nam và Chân L?p. Ông là nhà vi?t s? và nhà du ký... n?i ti?ng trong l?ch s? Trung Hoa c? ??i. T? mi?n Chân L?p tr? v?, ông vi?t quy?n Chân L?p phong th? ký (ghi chép v? phong t?c, ??t ?ai và con ng??i) mô t? vùng ??t c?c nam ?ông D??ng th? k? XIII...\nChùa Ông B?n - Nh? ph? mi?u có ki?n trúc t?ng th? theo hình ch? kh?u, g?m b?n dãy nhà dài, vuông góc nhau, kho?ng tr?ng ? gi?a t?o nên sân thiên t?nh. Nhìn t? bên ngoài chùa Ông B?n n?i b?t gi?a ph? ph??ng v?i nh?ng n?p mái cong nh? ch?ng lên nhau. Nh?ng n?p mái cong c?a chùa Ông B?n khá ??c ?áo so v?i nhi?u ngôi chùa khác ? thành ph? H? Chí Minh c?ng nh? c? n??c. Ph?n chính ?i?n chùa Ông B?n bày m?t bàn th? Ng?c Hoàng th??ng ?? v?i m?t l? h??ng b?ng ??ng khá l?n. Bên trên Ng?c Hoàng có hai t?m hoàng phi ??i t? \"Phúc toàn ??c b?\" và \"Thích c?p lâm phong\". Nh?ng hi?n v?t này ???c ghi rõ làm trong n?m Quang T? th? 27 t?c 1901.\n?i qua sân thiên t?nh, n?i ?ó có dãy bàn b?ng xi m?ng làm ch? bi?n bày các l? v?t cúng th?n, s? b?t g?p m?t hoàng phi ??i t? \"Thân Lâm ph??c ??a\", nét ch? bay b??m phong nhã. Bên d??i hoàng phi là m?t bàn ?? bày l? cúng và c?ng là bàn th? \"Nh? Ph? mi?u phúc ??c chính th?n\".\nBàn th? \"Phúc ??c chính th?n\" chi?m v? trí trung tâm c?a gian chính ?i?n v?i trang th? nguy nga, l?ng l?y. Bao lam ?i?n th? ???c s?n son th?p vàng, ch?m l?ng hoa lá, r?ng, ph??ng v.v... ?i?n th? phúc ??c chính th?n có t??ng ông B?n b?ng g? cao kho?ng 1,5m, m?t c? ng? s? b?ng ??ng, m?t bài v? \"Nh? Ph? ??i Bá Công\".\nT??ng ông B?n th? hi?n m?t ông già khuôn m?t qu?c th??c, khoan hòa v?i chòm râu b?c tr?ng buông dài, dáng ng?i tho?i mái, m?t tay gác lên tay ngai, m?t tay v?a m?i vu?t chòm râu. Nh?ng n?p áo t??ng buông chùng trong dáng ngh? ng?i suy t?. Bên d??i t??ng ông B?n là hai t??ng nh? khác nh? hai ??ng t? ?ang ??ng ch? ???c sai b?o.\n','',-1),(23,3,'L? h?i nghinh ông',' L? h?i nghinh Ông la? tu?c th? cá \"Ông\" ph? bi?n t? Qua?ng Bi?nh tr? vào Nam  là m?t trong nh?ng l? h?i l?n nh?t c?a ng? dân.  Hàng n?m,t? ngày 15 d?n 17 tháng 8 âm l?ch t?i l?ng Ông Th?y t??ng ???c vua T? ??c ban s?c phong: “Nam H?i t??ng quân” thu?c  Xã C?n Th?nh, huy?n C?n Gi?, thành ph? H? Chí Minh ??u di?n ra l? t? r?t trang tr?ng c?a ng? dân C?n Gi? ?? t??ng nh? công ?n cá \"Ông\".\nLê? hô?i co?n co? ca?c tên g?i khác nh?: L? r??c c?t Ông, L? c?u ng?, L? t? cá Ông, L? cúng Ông, L? nghinh Ông, L? nghinh Ông Th?y t??ng... Nh?ng t?t c? ??u có chung m?t quan ni?m r?ng cá \"Ông\" là thâ?n ba?o tr?? nghê? ca? va? ca?c ngh? trên bi?n nói chung, và t?? ?o? tr? thành tín ng??ng cu?a ng? dân.\nNgày 15/8 không khí l? h?i ?ã di?n ra nh?n nh?p ? bên ngoài l?ng v?i nhi?u ho?t ??ng v?n hoá sôi n?i.\nSáng ngày 16/8, kho?ng 10h, các v? trong h?i l?ng trong trang ph?c ch?nh t? làm l? r??c ki?u c?a Nam h?i T??ng quân xu?ng thuy?n r?ng ra bi?n. ?oàn ghe nghinh xu?t phát t?i b?n ?ò C?n Gi? - V?ng Tàu. D?c theo ???ng r??c, ng? dân s?ng trên bi?n và bà con hai bên ph? bày l? v?t nghênh ?ón, khói nhang nghi ngút. Cùng v?i thuy?n r?ng r??c thu? t??ng, có hàng tr?m ghe l?n nh?, trang hoàng l?ng l?y, c? hoa r?c r? tháp tùng ra bi?n nghênh ông. Tr??c m?i ghe là h??ng án và mâm l? v?t. Trên các ghe l?n nh? này có ch? hàng ngàn khách và bà con tham d? ?oàn r??c. ?oàn r??c ?i kho?ng hai gi? thì quay v? b?n n?i xu?t phát, r??c ông v? l?ng ông Thu? t??ng. T?i b?n m?t ?oàn múa lân, s? t?, r?ng ?ã ??i s?n ?? ?ón ông v? l?ng.\nKhi r??c ông vào l?ng, các nghi th?c ?ón và t? di?n ra trang tr?ng, ?úng v?i nghi th?c c? truy?n. Các l? c?u an, xây ch?u ??i b?i, hát b?i di?n ra t?i l?ng ông Thu? t??ng. Ngoài l?ng, có các ho?t ??ng v?n hoá v?n ngh?. Vào kho?ng 20 - 23h cùng ngày l? cúng t?, hát b?i v?n ti?p t?c di?n ra trong l?ng. \nSáng 17/8: t? 8h - 22h t?i l?ng ông Thu?  t??ng di?n ra l? tôn v??ng ông Thu?  t??ng theo s?c phong. L? cúng có hát th?. Sau ph?n l? tôn ông theo s?c phong c?ng là lúc ch?m d?t l? h?i.\n','',-1),(24,3,'L? h?i d? t? ngh? Kim Hoàn',' L? h?i Gi? T? Ngh? Kim Hoàn di?n ra trong 3 ngày 6, 7, 8 tháng 2 âm l?ch h?ng n?m t?i H?i quán L? Châu, 586 Tr?n H?ng ??o,qu?n 5, TP H? Chí Minh. L? h?i ???c t? ch?c r?t qui mô, quy t? hàng ngàn ng??i trong ngành th? kim hoàn, không ch? riêng Thành Ph? H? Chí Minh mà t? các t?nh Nam B? c?ng v? d?, cúng bái nh?ng t? s? khai sáng ngành kim hoàn.\nTrong nh?ng ngày di?n ra l? h?i, L? Châu h?i quán ???c trang hoàng r?c r?, n?n và h??ng ???c th?p t? trong ??n ngoài, t?o cho ngày gi? h?t s?c trang nghiêm. M?c dù mùng 7 m?i là chính l?, nh?ng vi?c cúng t? ?ã ???c chu?n b? tr??c ?ó vài ngày.\nM? màn gi? t? là t?i mùng 6 – 2 v?i nghi th?c cúng c?u qu?c thái dân an, tuyên ??c s?c phong t? s? th? b?c Vi?t Nam c?a các v? vua Tri?u Nguy?n cho ng??i tham d?, ??c bi?t là ng??i trong ngh? hi?u bi?t xu?t x? c?a t? ngh?. Ngày chánh t? mùng 7 – 2, cúng ba “Viên” theo nghi th?c l? gi? truy?n th?ng. Viên th? nh?t cúng Ch?p minh vào 8 gi? sáng ?? r??c t? s?. Viên th? hai cúng Chánh t? t? s? t? 22 gi? ??n 24 gi?. Viên th? ba di?n ra vào 16 gi? ngày 8 – 2, t? ngh?a t? - nh?ng ng??i có công xây d?ng L? Châu h?i quán.\nViên là cách g?i v? m?i ph?n l?. Viên ???c ti?n hành theo nghi th?c c? truy?n, dâng ph?m v?t nh? trà, bánh, trái cây, heo quay…Trong các viên, chánh ho?c phó h?i tr??ng L? Châu h?i quán ??c v?n t? ??c trong ngày gi? t? do so?n gi? c?i l??ng Vi?n Câu sáng tác, thay vì x?a kia ch? xây ch?u hát b?i. \nNh?ng thành viên ban qu?n tr? ??n th? trong b? l? ph?c áo dài kh?n ?óng, ??ng tr??c Bài V? t? s? vái l?y. Bên trong ??n, nh?ng ng??i th? b?c th?p h??ng và dâng mâm hoa qu? x?p hình long, lân, quy, ph?ng v?i t?m lòng thành kính, bi?t ?n ng??i ?ã có công truy?n d?y ngh? cho con ch?u, giúp ích cho xã h?i và mang l?i cu?c s?ng ?m no cho gia ?ình h?.\nN?u x?a kia, L? Châu H?i Quán là n?i h?i h?p quan tr?ng c?a nh?ng ng??i th? b?c vùng ??t l?c t?nh thì ngày nay, L? Châu h?i quán ?ã tr? thành n?i ?? th? kim hoàn th? hi?n lòng bi?t ?n ??i v?i t? ngh?. Chính n?i ?ây h? còn tìm th?y m?t s?c m?nh tinh th?n ?? có thêm ni?m tin ??i v?i b?n thân c?ng nh? ngh? nghi?p.\nViên là cách g?i v? m?i ph?n l?. Viên ???c ti?n hành theo nghi th?c c? truy?n, dâng ph?m v?t nh? trà, bánh, trái cây, heo quay…Trong các viên, chánh ho?c phó h?i tr??ng L? Châu h?i quán ??c v?n t? ??c trong ngày gi? t? do so?n gi? c?i l??ng Vi?n Câu sáng tác, thay vì x?a kia ch? xây ch?u hát b?i. \nNh?ng thành viên ban qu?n tr? ??n th? trong b? l? ph?c áo dài kh?n ?óng, ??ng tr??c Bài V? t? s? vái l?y. Bên trong ??n, nh?ng ng??i th? b?c th?p h??ng và dâng mâm hoa qu? x?p hình long, lân, quy, ph?ng v?i t?m lòng thành kính, bi?t ?n ng??i ?ã có công truy?n d?y ngh? cho con ch?u, giúp ích cho xã h?i và mang l?i cu?c s?ng ?m no cho gia ?ình h?.\nN?u x?a kia, L? Châu H?i Quán là n?i h?i h?p quan tr?ng c?a nh?ng ng??i th? b?c vùng ??t l?c t?nh thì ngày nay, L? Châu h?i quán ?ã tr? thành n?i ?? th? kim hoàn th? hi?n lòng bi?t ?n ??i v?i t? ngh?. Chính n?i ?ây h? còn tìm th?y m?t s?c m?nh tinh th?n ?? có thêm ni?m tin ??i v?i b?n thân c?ng nh? ngh? nghi?p.\n','',-1),(25,4,' Lễ hội Chùa Ông',' Ngày lễ lớn trong năm là mùng 7 tháng 7 âm lịch có “Lễ Vu Lan” kéo dài từ 2 -3 ngày. Ngoài ra, còn có các ngày vía (theo ngày âm lịch): ngày 2/2 ngày vía ông Bổn, ngày 23.3 lễ vía Thiên Hậu Thánh mẫu, ngày 13/ 5 lễ vía Quan Bình; ngày 24/ 6 lễ vía Ông còn gọi là lễ vía Quan Thánh Đế; ngày 30/ 10 lễ vía Quan Châu. \nVào những ngày lễ Tết, đông đảo dân làng và khách từ các địa phương đến cúng. Loại nhang được dùng nhiều nhất trong lễ cúng là nhang khoanh, những cuộn nhang được treo lên từ nhỏ đến lớn buông xuống tạo thành hình xoắn ốc, giữa vòng xoắn ốc ấy có treo lủng lẳng một miếng nhựa màu vàng, trên đó ghi tên người cúng bằng tiếng Hoa, khói nhang bay phảng phất tỏa mùi thơm tạo thành một bầu không khí trang nghiêm và huyền ảo. \n','',1),(26,4,' Lễ hội cúng đình Bình Thủy',' Hàng năm, tại Đình Bình Thủy, ngoài các lễ cúng tế vào ngày rằm mỗi tháng và Tết Nguyên Đán, đình còn có 2 kỳ lễ hội lớn gắn liền dấu ấn sản xuất nông nhiệp, được tổ chức long trọng:\n	Lễ Hạ điền: Cúng đất đai bắt đầu vụ mùa mới (rằm tháng 4 Âm lịch).\n	Lễ Thượng điền: Tạ ơn và cúng ruộng đồng nghỉ ngơi (rằm tháng chạp Âm lịch).\nTrong những ngày này, khách thâp phương và dân làng tấp nập về dự lễ cúng đình, tế lễ. Sau phần lễ gồm có việc rước sắc thần cầu cho Quốc thái dân an, mùa màng tươi tốt bội thu là đến phần hội, đua thuyền, đô vật, các đoàn hát bội, cải lương được mời về biểu diễn cho dân xem, thi múa lân, hát xếp, hát tuồng… cho đến thâu đêm.\n','',1),(27,4,' Lễ Cholchonam Thomay',' Hàng năm vào ngày 13,14,15 tháng 3 âm lịch đông đảo đồng bào người Khmer Nam Bộ nhất là các tỉnh Trà Vinh, Sóc Trăng, An Giang lại nô nức đón mừng lễ Cholchonam Thomay. Ngày lễ này được xem như ngày tết cổ truyền của dân tộc Khmer, mang nhiều tên gọi khác nhau như lễ vào năm mới hay lễ chịu tuổi. Nếu năm nào rơi đúng vào năm nhuận thì ngày bắt đầu của lễ hội lùi lại một ngày.\nThời gian này mọi công việc đồng áng đều đã xong, nên mọi người đều có thời gian rãnh rỗi thỏa sức ăn tết. Mọi nhà đều làm bánh ngọt, bánh tét, hoa quả và hương đèn dâng lên chùa lễ Phật. Nhiều gia đình vào ở trong chùa làm công quả, vừa vui chơi vừa được dự lễ. Những nghi thức quan trọng trong ngày đầu năm mới cũng đều diễn ra tại chùa.\n\nNgày thứ nhất của lễ hội gọi là ngày \"Chôl Sangkran Thmây\"; ngày thứ hai gọi là \"Wonbơt\" và ngày cuối gọi là ngày \"Lơn Săk\". Trong đêm giao thừa, mọi nhà đều làm lễ tiễn đưa vị thần Têvôđa năm cũ và rước vị thần Têvôđa năm mới. Vì theo quan niệm của người Khmer thần Têvôđa là một vị tiên do Trời sai xuống coi sóc trong một năm. Và vào mỗi năm lại được thay thế bởi một vị khác. Hiện nay vẫn còn một số gia đình đúng vào đêm giao thừa họ đưa con trai vào chùa kính Phật, làm lễ quy y, vì đây là giờ lành tháng tốt, là giờ khắc tốt nhất trong năm.\n','',1),(28,4,' Tắm tượng Phật vào năm mới',' Trong ngày thứ nhất của ngày tết, mọi người phải tắm gội sạch sẽ, mặc quần áo đẹp mang theo lễ vật nhang đèn vào chùa làm lễ rước Sangkran, mọi người phải xếp hàng đi vòng quanh chính điện ba vòng làm lễ mừng năm mới. Sau lễ rước Sangkran, mọi người vào lễ Phật tụng kinh mừng năm mới. Đêm xuống, trai gái trong phum, sóc tụ tập về sân chùa, tham gia các sinh hoạt vui chơi giải trí, múa dù kê, rồbăm, múa lâmthôl, thả đèn gió...\n\nVào ngày thứ nhì, mọi người làm lễ dâng cơm cho các sư sãi. Theo tục lệ nhà chùa, vào ngày sóc, vọng, ngày tết, lễ... các tín đồ đi chùa lạy Phật phải góp phần nuôi sư sãi bằng cách mang cơm và thức ăn mời các nhà sư, đáp lại các nhà sư sẽ làm lễ tạ ơn cho những người làm ra hạt thóc, cũng như đưa những vật thực đến những linh hồn thiếu đói và sau khi ăn, các sư sãi làm lễ chúc phúc cho thí chủ. Buổi chiều, người ta tổ chức làm Lễ đắp núi cát. Mọi người tìm cho mình những mớ cát sạch đem đến chùa đổ thành đống quanh đền thờ Phật, bên ngoài hành lang trước sân chùa. Núi cát là tượng trưng cho vũ trụ và núi thứ chín ở giữa là trung tâm của thế giới. Tiếp theo là đến phần lễ quy y cho núi, đến ngày hôm sau thì làm lễ xuất thể. Tất cả các nghi lễ này đến ngày nay được gìn giữ gọi là Anisong Puôn Phnom khsach nghĩa là \"Phúc duyên đắp núi cát\"- Đây là một tập tục lưu truyền theo sự tích về một người làm nghề săn bắn từ lúc trẻ đến già đã giết rất nhiều muông thú. Ông được một nhà sư hướng dẫn tích phước bằng cách đắp núi cát, về già ông luôn ám ảnh bởi những loài thú mà ông đã săn bắn, chúng lúc nào cũng đòi mạng ông, nhưng nhờ ông tích phước từ việc đắp núi cát nên ông tỉnh táo bảo các loài chim muông hãy đi đến hết những hạt cát mà ông đã đắp, sau đó hãy đòi nợ ông. Nhưng do ông đã đắp quá nhiều núi cát nên các loài muông thú không tài nào đi hết, nên bọn chúng kéo nhau đi và từ đó ông thợ săn già cố gắng tích đức cho đến một ngày ông về với cõi Phật.\n','',1),(29,4,' Lễ Kỳ Yên',' Lễ Kỳ Yên  thường được tổ chức tầm khoảng giữa tháng 3, tháng tư âm lịch. Cá biệt, cũng có nơi cúng vào tháng Bảy âm lịch và tháng 11 âm lịch. Trong chuyến du lịch Cần Thơ 2 ngày 1 đêm đúng dịp, nếu tranh thủ ít thời gian tham gia lễ Kỳ Yên hẳn là một điều vô cùng thú vị. Lễ hội quá quen thuộc với người Miền Tây nói chung và miệt  Cần Thơ nói riêng nhằm  cầu an và để tỏ lòng tôn kính đối với Thành Hoàng, vị thần đã bảo hộ cho dân làng một năm làm ăn nhiều thuận lợi. Ngoài ra còn có lễ Thượng Điền và Hạ Điền. Tuy nhiên, do nghi thức lễ Thượng Điền, Hạ Điền và Kỳ Yên giống nhau nên hầu hết các đình ở Cần Thơ đã gộp lại thành một để cúng chung. Những kỳ lễ này mang ý nghĩa rất quan trọng với đời sống người dân Miền Tây nên được tổ chức rất quy mô, long trọng. Long trọng nhất có lẽ là lễ rước “sắc thần” của đình. Đối với đình làng, “sắc thần” và “ấn kiếm” là những bảo vật linh hồn của ngôi đình. Bởi lẽ đây là biểu tượng được vua ban phát. Theo nhiều tài liệu cho rằng: “Sắc thần là một tờ giấy súc khá tốt, dai, khổ giấy từ 1m20 đến 1m50 với chiều dài, từ 0,50m đến 0,60m với chiều rộng, dày, màu vàng. Mặt giấy có in nền chìm bằng dụ ngân hình rồng ẩn trong mây, chung quanh có khung hồi văn chữ vạn, nên gọi long đằng chỉ (giấy hình rồng dùng để sao chép), hoặc chữ đinh hay hoa lá dây chéo nhau. Mỗi sắc thần thường có từ 5 đến 11 hàng dọc, chép từ phải qua trái. Dòng cuối cùng đề niên hiệu, tháng, ngày cấp sắc. Ấn vàng của nhà vua dùng son phụng màu đỏ đóng lên hàng chữ đề niên hiệu, ngay giữa dòng chữ này, kể từ chữ (niên) trở xuống, ấn hình vuông, có bốn chữ viết theo lối triện là Sắc Mệnh Chi Bửu”. Đó cũng là lý do vì sao có nhiều câu chuyện xung quanh việc đánh cắp “Sắc thần”. Và một ngôi đình mà không có “sắc thần” thì cũng gần như một nhà không có chủ và không được công nhận. Vì thế, ngày xưa “sắc thần” thường được để trong nhà của hương chức hoặc những người trong ban tế lễ. Những người này phải là những người có uy tín và phẩm hạnh  mới xứng đáng được cất giữ sắc thần.\nNghi lễ thỉnh sắc thần thường được bắt đầu bằng một hồi trống để báo cho dân làng biết để bày hương án hai bên đường làm lễ tạ ơn. Sau đó là chiêng, trống được gióng lên để báo hiệu giờ rước bắt đầu. Chiêng, trống dẫn đầu đoàn rước. Kế đến là những người trong ban tế tự. Kế đến là hai viên chức của làng với một người ôm ấn kiếm của thần và người kia bưng dàn lỗ bộ nhỏ. Tiếp theo là những người ăn mặc như lính hầu đi hai bên. Mỗi bên khoảng từ 4 đến 5 người tay cầm cờ, phướn, đao, kiếm, thương,…Nếu rước bằng đường thủy thì có thêm bè thủy lục, rước bằng đường bộ thì có thêm long đình.\nLại nói về bè thủy lục là một chiếc bè lớn được ghép từ 2 đến 3 chiếc bè. Bè thủy lục được trang  trí lồng đèn, đặt kiệu đỏ và có cả múa lân biểu diễn. Điều quan trọng là có cả hộp đựng “sắc thần” , nhạc lễ, các quan chức trang nghiêm hầu “sắc thần”.\nLong đình vốn là một ngôi đình thu nhỏ, thường làm bằng gỗ và được sơn son thếp vàng. Long đình đặt trên bàn do bốn người ăn mặc như lính hầu khiêng kiệu. Đi sau bè thủy lục hoặc long đình là những người khiêng kiệu và các thành viên trong hội đình. Theo nghi thức thì khi đám rước vào tới nơi đặc sắc thần thì các vị chức sắc vào tế một tuần hương, ba tuần rượu  và đọc một bài văn tế. Sau khi hết bài văn tế, người đứng đầu bưng hộp sắc thần trao cho chánh hội. Sau đó đích thân ông chánh hội mang hộp “sắc thần” đặt vào long đình hoặc đưa xuống be thủy lục để rước về đình. Khi về đến đình, các vị chức sắc đình lại tế một tuần hương, ba tuần rượu và một tuần trà để thỉnh sắc thần vào đình. Kế đó, các chức sắc đình tiếp tục dâng để ra mắt thần. Dân chúng đến lễ bái, dâng hoa quả, bánh trái và góp tiền để ủng hộ đình tế lễ kỳ yên. Sắc thần được để tại đình trong 3 ngày lễ sau đó lại đưa về nơi cất giữ gọi là hồi sắc. Nghi lễ hồi sắc cũng là một tuần hương, ba tuần rượu và một tuần trà cùng với bài văn tế hộ tống. Khi sắc thần đến nơi cất giữ lại phải hành lẽ an vị với một tuần hương, ba tuần rượu và một tuần trà. Sau đó đám rước mới kết thúc.\nVà hầu như trong mỗi hội đình của Miền Tây , đặc biệt là lễ lớn Kỳ Yên thì không thể thiếu hát bội. Và hát bội được xem là nghệ thuật đình chùa của miền Tây. Với lễ Kỳ Yên, không những chỉ có hát bội mà còn có khách mời đến dự. Các vị khách này sẽ được tham gia hội đình và thưởng thức những vở hát bội với nội dung và diễn xuất thú vị và ý nghĩa.\nĐược tham gia lễ Kỳ Yên là vinh dự  của nhiều người. Đó cũng là một trong những kinh nghiệm du lịch Cần Thơ. Kinh nghiệm đó như muốn mách cho bạn rằng nếu du lịch Cần Thơ vào dịp lệ hội, nhớ ghé tham dự lệ hội Kỳ Yên mà xem hội cầu an.\n','',1),(30,5,' Lễ hội đền Thái Vi',' Hội được tổ chức hàng năm từ ngày 14 đến ngày 17 tháng 3 âm lịch tại thôn Văn Lâm, xã Ninh Hải, huyện Hoa Lư. Đây là dịp để nhân dân Ninh Bình và nhân dân cả nước tưởng nhớ công lao các vua Trần - những người có công lớn với dân với nước.\n Phần lễ được tiến hành dưới hai hình thức: rước kiệu và tế. Rước kiệu ở đền Thái Vi không chỉ có một đoàn, mà là trên 30 đoàn của các xã trong huyện Hoa Lư và trong tỉnh Ninh Bình. Sau phần rước kiệu là đến phần tế. Tế là nghi lễ quan trọng được tổ chức trước Đền. \nPhần hội ở đền Thái Vi thực sự là phần vui chơi giải trí của nhân dân và những người đến dự hội, gồm các trò: múa lân, múa rồng, đánh cờ người, đấu vật, bơi thuyền ngoạn mục... \n','',1),(31,5,' Lễ hội đền Địch Lộng ',' Lễ hội được tổ chức vào hai ngày: mùng 6 và mùng 7 tháng 3 (âm lịch) tại chùa Địch Lộng thuộc xã Gia Thanh, huyện Gia Viễn. \nPhần lễ tổ chức dâng hương và lễ Phật theo nghi thức nhà Phật. \nPhần hội cũng tổ chức các trò chơi dân gian như: múa lân, múa rồng, cờ tướng, thi viết chữ nho... \n','',1),(32,5,' Lễ hội chùa Bái Đính',' Hội được tổ chức vào ngày mồng 6 tháng giêng hàng năm tại thôn Sinh Dược, xã Gia Sinh, huyện Gia Viễn. Cũng như các lễ hội khác, hội gồm có hai phần là phần lễ và phần hội. \nPhần lễ thường tổ chức dâng hương, tưởng nhớ các vị anh hùng có công với nước với dân. \nPhần hội kéo dài từ 3 đến 5 ngày, tổ chức các trò chơi dân gian như: đánh cờ, đấu vật... \n','',1),(33,5,' Lễ hội Báo bản Nộn Khê',' Lễ hội được tổ chức vào ngày 14 tháng giêng (âm lịch) hàng năm tại đình làng Nộn Khê, xã Yên Từ, huyện Yên Mô. \nPhần lễ ngoài việc tổ chức tế, dâng hương tôn vinh công đức của các vị tiền bối lập ra làng xã, còn dâng hương tưởng nhớ, tỏ lòng biết ơn các liệt sỹ là con em của làng. Một nét độc đáo của lễ hội Báo bản là kính báo lên Thành Hoàng, các bậc tiên tổ về sự thành đạt, hiếu học của con em dân làng và những thành tích của làng đã đạt được trong năm cũ. \nPhần hội cũng có những trò vui chơi giải trí như các lễ hội khác. \n','',1),(34,5,' Lễ hội đền Nguyễn Công Trứ \n',' Lễ hội tổ chức vào 3 ngày, từ ngày 13 đến ngày 15 tháng 11 (âm lịch) tại đền Nguyễn Công Trứ thuộc xã Quang Thiện, huyện Kim Sơn. Ngày 13 tế yết cáo, ngày 14 tế chính kỵ, ngày 15 tế tạ. Hình thức tế theo phong tục tế lễ như các lễ hội khác. \nPhần hội có các trò dân gian như: múa lân, đấu vật, thi bơi trải trên sông Ân... ','',1),(35,6,'Lễ hội trọi trâu',' Giới thiệu về Lễ Hội Đâm Trâu ở Tây Nguyên\nTheo truyền thuyết của đồng bào Tây Nguyên, con trâu là biểu tượng của tín ngưỡng vật tổ. Đồng bào “ăn trâu” để tạ ơn thần linh, để được tổ chức vui chơi và cũng để khẳng định uy tín, danh vọng của gia đình, buôn làng.\nLễ hội ăn trâu thường diễn ra vào lúc nông nhàn, mọi người vui chơi, nghỉ ngơi để chuẩn bị cho mùa rẫy mới, thường vào tháng ba hoặc tháng tư âm lịch.\nĐầu tiên dựng nêu, cây nêu được xem là lễ đài của buổi lễ, vì thế nó không những phải cao vút, bề thế mà còn phải trang nghiêm, đầy chất huyền thoại. Cây nêu được làm bằng cây tre, được kết bằng lá cây non, cây sra, trên ngọn còn được treo một con Phượng Hoàng làm bằng gỗ được tô nhiều màu, trên thân cây nêu luôn đủ các hình: tổ ong, chim én, hình người, xâu lục lạc,…\nGà gáy báo sáng cũng là lúc người ta gọi “Thần lúa” và hát khóc trâu để vỗ về, an ủi, tiễn biệt con vật yêu quý trước khi làm lễ hiến sinh. Trong lúc đó, thầy cúng lấy một chiếc nồi đồng đem ra đặt ở trước nhà, đứng hai chân trên miệng nồi rồi làm phép cúng vái. Trời vừa tản sáng, người ta mang một ché rượu nhỏ giết một con gà để cúng hồn trâu. Một thanh niên nhanh nhẹn, thông minh và lực lưỡng nhất được cử ra để nhận lãnh trách nhiệm đâm trâu.\nAnh chạy theo con trâu quanh cột cây nêu, tay cầm con dao Kgã, vừa chạy vừa múa dao, thừa lúc thuận tiện anh cầm chém đứt khuỷu chân trái sau con trâu. Bị đau, con vật lồng lộn chạy bằng ba chân, anh rượt theo, vừa múa dao, thừa lúc thuận tiện nhất anh chém tiếp chân phải của nó. Con vật ngã khuỵu hai chân sau, lết quanh chân cây nêu. Lúc bấy giờ anh mới dùng cây giáo dài, vừa múa vừa chạy theo để đâm mạnh vào sườn con trâu trong tiếng reo hò cổ vũ của mọi người tham dự.\nCon trâu vừa chết, thầy cúng mang sẵn chiếc nồi đồng to tướng trong đó có chứa ít rượu đem đặt ngay cạnh vết thương con vật để hứng lấy máu. Máu hòa với rượu để cúng Giàng (thần). Người thầy cúng còn cắt một tí tai, mũi, mắt và lông đuôi con trâu rồi lấy máu bôi vào hai que tre xin keo. Sau đó, thầy cúng đem những thứ nói trên vào nhà làm lễ và đặt hai que tre lên mái nhà. Thịt trâu được xẻ ra và chia đều cho mọi người trong làng. Mọi người cùng ăn uống múa hát cho đến tận hôm sau.\n\n','',1),(36,6,' Lễ Hội Cồng Chiêng',' Giới thiệu về Lễ Hội Cồng Chiêng ở Tây Nguyên\nLễ hội cồng chiêng là một lễ hội được tổ chức hàng năm theo hình thức luân phiên tại các tỉnh có văn hóa cồng chiêng, trong đó có Lâm Đồng.\nLễ hội được tổ chức nhằm quảng bá hình ảnh Không gian văn hóa Cồng Chiêng Tây Nguyên đã được UNESCO công nhận là di sản truyền khẩu và phi vật thể nhân loại. Tại đây, những lễ hội dân gian đặc sắc của các dân tộc Tây Nguyên sẽ được dựng lại, nhằm kêu gọi cộng đồng cùng chung sức bảo tồn và phát huy những giá trị văn hóa của đồng bào các dân tộc. Cồng Chiêng Tây Nguyên là nơi tiết tấu và giai điệu gặp nhau. Mỗi nhạc công chơi một nốt và một mô hình tiết tấu, kết hợp lại thành bè, thành giai điệu. Cồng Chiêng Tây Nguyên bảo lưu được hình thức diễn xướng tập thể – cộng đồng, hợp tấu bằng cách nghe nhau, tức phải có tâm linh cộng đồng ứng vào. Hoàn toàn xa lạ với việc cá nhân hóa, nghệ sĩ hóa người biểu diễn, văn hóa cồng chiêng chỉ còn ở Đông Nam Á, và nguyên thủy nhất ở Tây Nguyên.\nMột nghệ thuật thiêng “Cồng chiêng càng cổ bao nhiêu thì thần chiêng càng mạnh bấy nhiêu…Người chủ nhiều cồng chiêng không chỉ là người nhiều của cải mà cái chính là được sức mạnh của thần chiêng phù hộ” (GS. Tô Ngọc Thanh).\nNgay khi đứa trẻ vừa ra đời, người ta đã đem cồng đến đánh bên tai nó, gọi là lễ thổi tai. Cồng chiêng luôn có mặt trong các lễ cúng từ khi con người còn là thai nhi trong bụng mẹ cho tới khi vĩnh biệt cuộc đời, chưa kể trong vô số nghi lễ nông nghiệp ở Tây Nguyên, kéo dài từ tháng ba đến tháng mười hai.\nTrong mỗi lễ hội, cồng chiêng là phương tiện duy nhất để con người thông linh (với thần), giao hòa với trời đất và giao tiếp trong cộng đồng. Đánh cho khỉ trên cây cũng quên bám chặt vào cành đến ngã xuống đất. Đánh cho ma quỉ mải nghe đến quên làm hại người.\n','',1),(37,6,' Lễ Cúng Thần Suối',' Giới thiệu về Lễ Cúng Thần Suối ở Tây Nguyên\nLễ cúng thần Suối là một trong những lễ hội quan trọng trong hệ thống các lễ hội cổ truyền của người Mạ ở Tây Nguyên. Lễ cúng được tổ chức vào khoảng tháng 3 hàng năm, với mục đích tạ ơn thần nước đã đem lại những may mắn trong năm cũ và cầu mưa thuận gió hòa, mùa màng thuận lợi cho năm sau và thường được tiến hành vào sau khi thu hoạch vụ mùa và Lễ mùng lúa mới.\nĐể làm lễ cúng, người ta chọn một ngày tốt làm vệ sinh buôn, dọn Suối (chọn chỗ nào có bến rộng) và soạn lại máng nước, làm thịt lợn, gà để hiến tế cúng các thần: Thần đất, thần nước, thần núi, tổ tiên. Tất cả dân làng tập trung ra Suối (khu vực đã chọn), thầy cúng sẽ chủ trì lễ cúng với mâm đồ cúng là thịt lợn, gà và quan trọng nhất là một chậu tiết pha loãng.\nKhu vực Suối (chỗ chuẩn bị cúng) hôm đó được trang hoàng với cổng chào bằng lá cây, cỏ lá dài, có treo đồ vật trang trí, có dựng cả trụ trang trí dạng như cây nêu của người Kinh. Sau khi làm thủ tục cúng xong ở Suối, mọi người cùng lấy nước vào các vật đựng nước thường là các quả bầu khô, bỏ vào gùi và cõng về nhà lấy khước.\nTrong khi đó một đoàn người sẽ theo chủ lễ đi đến cầu thang từng nhà, hát cầu cúng và rưới tiết vào chân cầu thang để cầu may cho chủ nhà. Sau đó cả buôn làng tập trung về nhà cộng đồng để ăn tiệc, uống rượu cần và nhảy múa trong không khí của lễ hội với âm vang cồng chiêng rộn rã…\n\n','',1),(38,6,' Lễ Cúng Thần BơMung',' Giới thiệu về Lễ Cúng Thần BơMung\nNgười Chu Ru có mặt tại một số địa phương thuộc tỉnh Lâm Đồng và một số ít ở tỉnh Ninh Thuận, Gia Lai.\nNgười Chu Ru là một dân tộc đã định canh định cư và làm ruộng từ lâu đời. Nên họ thường làm những mương phai và những đề cập để dẫn nước từ sông, suối vào ruộng. Mỗi làng thường có một người phụ trách công việc thủy lợi và hai người giúp việc gọi là Trưởng thủy cũng do tập thể các thành viên trong làng bầu ra.\n\nNgười Chu Ru còn lưu giữ nhiều phong tục tập quán như việc thờ cúng tổ tiên và tín ngưỡng đa thần.\nViệc tiến hành các nghi lễ nông nghiệp cổ truyền, như cúng thần đập nước (Bơ mung), thần mương nước (Rơ bông), thần lúa khi gieo hạt (Mơ nhum tô ốt đoồng hay khâu doông), ăn mừng lúa mới (ngay yang boong ko pa tay), cúng sau mùa gặt (p’lei đây ru). Đáng chú ý nhất, là lễ cúng thần Bơ mung. Trong mỗi vùng cư trú của người Chu Ru, có một nơi dành riêng để thờ cúng vị thần này. Hàng năm, khoảng tháng hai âm lịch, tất cả mọi người trong làng đều đến đây làm lễ cúng.\nDân làng thường cúng bằng dê, còn chủ làng thường phải cúng bằng ngựa. Tục truyền là vị thần này ưa cưỡi ngựa. Con ngựa cúng thần cũng phải thắng yên cương và phủ lễ phục. Cúng xong, tất cả mọi người tham gia hành lễ cùng ăn uống vui vẻ.\n\n','',1),(39,6,'Lễ Hội Trà',' Nguồn gốc lễ hội Trà ở Đà Lạt – Lâm Đồng\nLâm Đồng có 26.000ha trồng chè, là tỉnh chiếm 21% diện tích cây chè (trà) và 27% sản lượng chè của cả nước; Trà hương B’Lao được người tiêu dùng trong và ngoài nước biết đến hơn nửa thế kỷ qua; tại Đà Lạt có Nhà máy chè Cầu Đất – một thương hiệu Sao vàng đất Việt đến nay đã 80 năm tuổi và vẫn đang hoạt động hiệu quả. Mục đích của Lễ hội văn hóa trà là nhằm tôn vinh nghề trồng và chế biến trà, đồng thời để quảng bá những thương hiệu trà nổi tiếng của tỉnh Lâm Đồng nói riêng và cả nước nói chung.\nTổng quan về lễ hội Văn hóa Trà\nViệc tổ chức lễ hội văn hóa trà ở Lâm Đồng không chỉ nhằm mục đích tôn vinh những người làm trà, quảng bá cho các sản phẩm trà của địa phương, giao lưu, hợp tác phát triển nghề trà mà còn góp phần hình thành một nếp sinh hoạt uống trà trong người dân, nhất là trong giới trẻ.\nLễ hội còn có các chương trình hưởng ứng do các doanh nghiệp ngành trà đảm nhận như chương trình tham quan vùng nguyên liệu trà với chủ đề “Hương sắc trà B’Lao”, Hội thi hái trà, chương trình nghệ thuật “Sắc màu Nam Tây Nguyên”, Hội thi “Kiến thức trà và cuộc sống”, Liên hoan “Giọng hát hay xứ trà” và nhiều chương trình khác.\nĐặc biệt là không gian lễ hội mở rộng tổ chức ở cả 3 địa bàn còn lại làm nghề trà là huyện Bảo Lâm, Di Linh, và Cầu Đất (Tp Đà Lạt).\nĐến với lễ hội văn hóa trà, không những là ngày hội lớn gắn với niềm tự hào của những người làm trà mà còn là dịp để các làng trà, doanh nghiệp và cá nhân hoạt động trên lĩnh vực trà trong cả nước giao lưu, học hỏi kinh nghiệm trong sản xuất, kinh doanh, giới thiệu, quảng bá thương hiệu trà; Đồng thời đây là môi trường thuận lợi về hợp tác đầu tư được tạo ra để ngành trà Lâm Đồng nói riêng và cả nước nói chung tiếp tục phát triển trong bối cảnh hội nhập kinh tế khu vực và thế giới.\n\n','',1),(40,6,' Festival Hoa ',' Đà lạt có điều kiện thuận lợi cho Festival Hoa\nNằm ở độ cao 1.500m so với mặt nước biển, Đà Lạt ẩn mình trong những rừng thông bạt ngàn trên Cao nguyên Langbiang và được “trời ban cho” một khí hậu trong lành, mát mẻ quanh năm, điều kiện lý tưởng cho nhiều loài hoa khoe sắc rực rỡ. Du khách đến với Đà Lạt sẽ không khỏi ngỡ ngàng khi đắm mình vào một không gian hoa tràn ngập mọi lúc, mọi nơi. Ven đường đi, những đóa dã quỷ sắc vàng rực rỡ xen lẫn giữa màu xanh của rừng thông, hoa trinh nữ như những cục bông tim tím nhỏ xinh, hoa cánh bướm với màu hồng mỏng manh… Bên tường rào hay trên vách nhà ai thấp thoáng đóa tường vi trắng, những hoa giấy tím hồng…\nThành phố Hoa, mỹ hiệu này được du khách ưu ái ban tặng cho Đà Lạt từ lâu. Thật vậy, nhờ khí hậu mát mẻ và ấm áp quanh năm mà các nhà khí hậu học gọi Đà Lạt là “Thành phố của mùa xuân”, nơi đây rất thích hợp để trồng hoa và lý tưởng đối với du khách, do đó, thế mạnh của Đà Lạt là trồng hoa và du lịch.\nTỉnh Lâm Đồng có khoảng 3.449ha với sản lượng hoa các loại trên 1 tỷ cành năm. Mỗi năm, ngoài số lượng hoa phục vụ cho thị trường nội đại, địa phương này còn xuất khẩu hoa với doanh thu rất lớn. Riêng thành phố Đà Lạt có khoảng 30 công ty và hơn 5000 hộ gia đình chuyên trồng và kinh doanh cung cấp hoa cho thị trường trong nước và quốc tế. Với các loài hoa đặc biệt của Đà Lạt được giới thiệu với thế giới, như: hoa Hồng, Mimosa, Xác Pháo, Forget me not, Cẩm Chướng, Nhật Quỳnh, Cẩm Tú Cầu, Pensée, Layơn, Thu hải Đường, Thạch Thảo, Hoa Mõm Sói, Phượng Tím, các loài hoa Phong Lan độc đáo…\nTổng quan của Festival Hoa ở Đà Lạt\nNhằm tôn vinh người trồng hoa, từ năm 2005, cứ 2 năm một lần thành phố Đà Lạt đã long trọng tổ chức lễ hội Hoa mang tên “festival Hoa Đà Lạt” vào dịp cuối năm nhằm phục vụ người dân địa phương và thu hút du khách đến tham quan Đà Lạt. Sân khấu chính của lễ hội thường được dàn dựng trên mặt nước của long Hồ Xuân Hương với hàng ngàn diễn viên chuyên nghiệp và quần chúng tham gia biểu diễn để diễn đạt những thông điệp của lễ hội đến mọi người. Ngoài hai chương trình khai mạc và bế mạc rất ấn tượng, còn có các chương trình đặc sắc và phong phú khác như: hội chợ triển lãm hoa, diễu hành hoa trên đường phố với nhều hoa lớn nhỏ, hội chợ thương mại, lễ hội tình yêu và lễ cưới tập thể của những đôi uyên ương từ mọi miền của đất nước tập trung về đây, lễ hội rượu vang, chương trình chinh phục đỉnh Langbiang…\n\n','',1),(41,7,'Lễ Hội Nào Cống',' Từ thập kỷ 50 về trước, Tả Van có một ngôi miếu thờ 3 gian. Ngôi miếu dựng ở ngay đầu cầu treo sang làng Tả Van Giáy. Ngôi miếu trở thành địa điểm tổ chức lễ “Nào Cống” của cả vùng thung lũng Mường Hoa.\nHàng năm vào ngày Thìn, tháng 6 âm lịch, các làng người Mông, người Dao, người Giáy ở Mường Hoa đều tập trung về miếu thờ làm lễ “Nào Cống”. Mỗi gia đình cử một người đại diện (có thể là chồng hoặc vợ), không phân biệt nam, nữ, già, trẻ. Lễ “Nào Cống” có 3 phần: Phần nghi lễ cúng thần, phần công bố quy ước chung cả vùng và phần ăn uống.\nNgôi miếu thờ được người Mông gọi là “Chế đáng” (Tsêr đăngz). Miếu thờ có 3 gian, gian giữa thờ hai viên quan họ Đào, họ Nguyễn đã có công an dân và xây dựng Mường Hoa. Một gian bên trái thờ thần núi (Sơn thần), thần Suối Hoa (Long Vương), người Giáy gọi là “Sía po”, “Sía ta”, người Mong gọi là “Thủ Ti”, “Lùng Vàng”. Một gian bên phải thờ các bà nàng vợ hai ông quan họ Đào, họ Nguyễn. Lễ Vật dân cúng là trâu đen, lợn đen và gà vịt do các làng đóng góp mua. Làng Tả Van Giáy còn có trách nhiệm chuẩn bị vàng hương, bát đĩa dâng cúng.\nTrước đây, người chủ lễ phải mời thầy mo người Tày của Mường Bo. Từ thập kỷ 40 – 50 của thế kỷ này, chủ lễ là thầy mo của người Giáy ở Tả Van. Thầy mo ăn mặc áo dài, quần thụng (kiêng đội mũ, khăn) trịnh trọng đọc lời cúng các thần kinh. Nọi dung bài cúng là mời các thần về dự lễ, cầu mong các thần phù hộ người yên vật thịnh, được mùa.\nSau lễ cúng, chức dịch Mường Hoa lên đọc quy ước chung của cả Mường… Nội dung bản quy ước đề cập đến 4 vấn đề:\n•	Vấn đề trị an của các làng: không được trộm cắp, có biện pháp phòng ngừa kẻ xấu nơi khác đến trộm cắp.\n•	Vấn đề bảo vệ rừng: Các làng người Mông, người Dao, người Giáy, phải chú ý làm rẫy, cấm lấy củi hái măng ở khu rừng cấm thờ thổ thần và khu rừng chung đầu nguồn nước của làng…\n•	Vấn đề chăn dắt gia súc : Quy ước có quy định cụ thể thời gian cấm thả rông gia súc. Hàng năm từ ngày 15 tháng chuột (tháng 10 âm lịch) đến này Thìn tháng giêng (ngày mở hội xuống đồng) người dân mới được thả gia súc. Ngoài khoảng thời gian trên, cấm mọi người thả rông gia súc để tránh bị phá hoại mùa màng.\n•	Vấn đề ứng xử xã hội: Các quy ước của cả vùng đều đề cập đến quan hệ tương trợ giúp đỡ lẫn nhau, giúp gia đình có tang… đồng thời phê phán quan hệ nam nữ không lành mạnh, “Cấm kéo đàn bà, con gái vào trong núi”…\nKết thúc phần đọc các quy ước, người chức dịch còn nhấn mạnh “Hôm nay, tôi nói cho mọi người biết như thế, từ đây mọi người trở về nhà phải tuân theo những lý lối này và kể cho cả nhà được biết để tuân theo”.\nKhác với lễ “Nhặn sồng”, “Nào sồng”, lễ “Nào Cống” không tổ chức bàn bạc thảo luận quy ước, mọi người đến dự chỉ có trách nhiệm tuân theo quy ước do chức dịch đã phổ biến.\nKết thúc phần phổ biến quy ước, mọi người dự lễ “Nào cống” đều vui vẻ ngồi vào mâm ăn uống cộng cảm. Dân làng nào tự nấu lấy thức ăn cho làng ấy và cùng ăn với nhau ở ngoài miếu. Trong miếu, chỉ có các chức dịch (lý trưởng, phó lý, thầy mo) được ngồi ăn. Trong làng, gia đình nào không có người đến dự, người khác sẽ dành phần thức ăn mang về.\n','',1),(42,7,'Lễ Tết Nhảy',' Tết nhảy là lễ hội quan trọng và được chuẩn bị khá công phu của người Dao ở Tả Van. Trước Tết, nam thanh niên ôn luyện các điệu nhảy múa. Các thiếu nữ lo nhuộm chàm, thêu áo mới. Lễ Tết nhảy thường diễn ra ở nhà ông trưởng họ và các thành viên trong họ đều tấp nập đến giúp trưởng họ chuẩn bị Tết. Bàn thờ tổ tiên “Chụ chông” thường nằm ở gian giữa hướng về bếp chính được trang trí rực rỡ sắc màu hoa văn. Cửa bàn thờ dán tranh cắt giấy biểu tượng mào gà trống và Tam thanh. Nóc bàn thờ phía trước nổi bật sắc đỏ rực của hoa văn “Mặt trời”. Hai bên bàn thờ đều dán câu đối trên giấy hồng điều với nội dung cầu mong “Người yên vật thịnh”, “Uống nước nhớ nguồn”.\nSáng sớm ngày mùng một, khi sương đêm vẫn còn đọng trên cành lá, những bông hoa đào hoa mận chưa kịp đón ánh nắng mặt trời, cả gia đình ông trưởng họ đều tệ tựu quanh bàn thờ. Sau khi làm lễ báo tổ tiên, tất cả người trong gia đình cầm dao, cầm cuốc ra cửa chính, vượt khỏi khuôn viên, đến trước cây đào (hoặc cây mận). Gia chủ vung dao giận dữ nói với cây: “Mày là cây đào được người vun trồng, chăm sóc, sao mày không sinh hoa, sinh quả, bây giờ tao phải chặt mày đi”. Dứt lời, gia chủ dứ dứ con dao vào gốc cây. Một người vội vàng van nài: “Tôi xin ông, lậy ông đừng chặt tôi, năm nay thế nào tôi cũng đẻ hoa, đẻ quả”.\nTuỳ theo từng dòng họ, Tết nhảy có thể tổ chức vào ngày mùng một hoặc mùng hai tết. Khi tổ chức, cả dòng họ tập trung tại nhà trưởng họ. Nam giới phụ lễ, tham gia nhảy đồng, gọi là “sài cỏ”. Chỉ có một số nam giới có khả năng mới làm được “Sài cỏ”. Còn những người khác phụ bếp, giúp việc.\nTrước bàn thờ tổ tiên, thầy cúng chính “Chói peng pi” trịnh trọng và nghiêm khắc điều khiển hướng dẫn các “sài cỏ” (người mới tập nhảy) lắc và rung toàn thân. “Chói peng pi” chảy trước, các “sài cỏ” nhảy sau. Vừa nhảy vừa đọc bài khấn trình thưa với tổ tiên mục đích ý nghĩa tổ chức lễ Tết nhảy. Thầy mo rúc tù và, “Chải peng pi” ra giữa sân dùng chiếc sừng trâu hướng về bốn phương tám hướng rúc 3 hồi gọi chư thần thượng giới xuống dự lễ. Một số “sài cỏ” hú lên một hồi dài lao vào bếp lửa tắm than. Than đỏ rực và dường như họ có phép màu nên không một ai có cảm giác bỏng. Tắm than nhằm làm cho người “trong sạch” chuẩn bị đón rước tổ tiên về. Tiếng hú lại vang lên, các chàng trai lại lao vào bếp than cả vai, tay chân vững vàng trong than lửa. Bếp than thì tàn còn các “sài cỏ” vẫn khoẻ mạnh.\nSau lễ trình báo tổ tiên, thầy cúng và các phụ lễ nhảy 14 điệu nhảy. Mỗi điệu nhảy lại thể hiện những động tác khác nhau và đều có tính biểu tượng cao. Điệu nhảy “Plây Thiên Tả Vàng” nhằm chào đón các vị thần trên thượng giới về dự lễ nhảy theo điệu cò bay “Pê họ”. Điệu nhảy luôn cúi đầu, hai bàn tay xoè ra và chỉ xuống đất. Điệu nhảy chào bố mẹ đã khuất nhảy một chân, ngòn tay trỏ bên phải luôn chỉ ngược cùng chiều với nhịp nhấc của chân phải. Điệu nhảy chào sư phụ, nhảy một chân nhưng hai tay đặt lên đùi, đầu cúi chào trịnh trọng. Điệu nhảy mời tiên nữ xuống dự khá uyển chuyển, mềm mại, hai cánh tay múa theo cánh hạc bay…v.v. Các điệu nhảy mở đường, xua tà ma, người nhảy thể hiện sự mạnh mẽ và hùng dũng.\nKhi nhảy bao giờ cũng phải nhảy lò cò một chân. Nhảy hết một vòng tròn, nhảy quay lại bàn thờ để lạy tạ. Kết thúc các điệu nhảy, cả dòng họ làm lễ rước tổ tiên.\nTết nhảy diễn ra từ cuối giờ Thìn đến giờ Dậu với tổng hợp các loại hình nghệ thuật dân gian. Đó là nghệ thuật múa nhảy đan xen với nghệ thuật âm nhạc. Đó là nghệ thuật ngôn từ kể về sự tích dòng họ, công lao tổ tiên. Đó là nghệ thuật tạo hình với các loại tranh thờ, tranh cắt giấy, điêu khắc tượng gỗ… sinh hoạt tết của người Dao đỏ Tả Van giầu bản sắc, độc đáo nhưng đều thấm đậm tính nhân văn.\nTrong Lễ hội còn có hội hát giao duyên của trai gái trong bản và các trò chơi mang đậm nét văn hóa của đồng bào các dân tộc thiểu số như: ném còn, bịt mắt bắt dê, đẩy gậy, leo cột mỡ, đi cầu tre… thu hút rất nhiều khách du lịch trong nước và quốc tế đến tham gia và khám phá\n','',1),(43,7,'Lễ hội Nhặn Sồng và Nào Sồng',' Đây là Lễ hội của người Dao đỏ ở làng Giàng Tả Chải (Tả Van – Sa Pa). Trước đây, vào những ngày tốt của tháng đầu năm hàng năm, người Dao ở Giàng Tả Chải thường tổ chức lễ “Nhặn Sồng” (1) ở khu rừng cấm của làng. Từ đầu thập kỷ 50, do sự gia tăng dân số, nạn phá rừng làm nương rẫy cũng phát triển, nên chỉ năm nào rừng bị phá nhiều, trâu ngựa thả rông phá vườn tược hoa mầu, người Dao mới tổ chức lễ “Nhặn Sồng”. Đồ cúng lễ là một con lợn (to hay nhỏ tuỳ thuộc số người đến dự nhiều hay ít). Con lợn này luân phiên hàng năm từng hộ gia đình trong làng nuôi dưỡng. Lợn dâng cúng phải là lợn có lông đen tuyền, khoẻ mạnh, béo tốt.\nNgày làm lễ, mỗi hội gia đình cử từ một hay hai người nam giới đi dự. Người đi dự lễ đều mặc quần áo đẹp, mang theo nửa lít rượu và một bát gạo, nét mặt hồ hởi tiến vào khu rừng hay bị phá nhất. Địa điểm họp có khi cũng chọn ngôi nhà gần khu rừng bị phá (vì theo quan niệm của đồng bào, nhà ở gần rừng hay thả rông gia súc và hay phá rừng nhiều hơn).\nKhi mọi người đến đông đủ, dân làng bầu ra một người làm gốc, “Chẩu chiếu” – người đứng đầu trông coi rừng trong năm. Người “Chẩu chiếu” phải là người có sức khoẻ, giỏi lý lẽ, hiểu biết lệ tục. Sau khi được bầu “Chẩu chiếu” làm lễ cúng thần thổ địa “Thủ Ti” – Vị thần cai quản cộng đồng làng. Sau đó ông ta trịnh trọng đọc quy ước của làng:\n•	Bà con trong làng đã bầu tôi làm “Chẩu chiếu”, tôi nói điều gì bà con phải tuân theo. Rừng của làng ta bị phá nhiều rồi, cây trúc cây vầu không mọc kịp. Từ nay, ta phải giữ gìn bảo vệ cây cối trong rừng này. Trong vòng ba năm tới không ai được đến đây chặt cây chém vầu, bẻ măng.\n•	Nếu có ai cần cây gỗ cây vầu, cây trám về làm việc gì thì phải xin với người “Chẩu chiếu”. Xin một cây chỉ được lấy một cây, xin làm việc gì thì dùng việc đó không chặt cây về làm củi. Ai xin từ 1 đến 5 cây thì “Chẩu chiếu” tôi giải quyết. Nếu ai xin từ 6 cây trở lên, “Chẩu chiếu” phải hỏi ý kiến dân làng. Dân làng cho phép mới đến chặt. Nếu ai tự ý chặt 1 cây thì phải phạt gấp 3 con lợn cúng hôm nay.\nSau khi “Chẩu chiếu” đọc xong một điều quy định, đại diện các gia đình thảo luận. Cuối cùng, “Chẩu chiếu” tổng hợp các ý kiến thành quy ước riêng của làng về bảo vệ rừng, mọi người dân trong làng Giàng Tả Chải đều có trách nhiệm thực hiện. Quy ước của làng đã được “Thiêng” hoá vì có sự chứng kiến, công nhận của thần thổ địa. Quy ước của làng là nguyện vọng của cả làng, trở thành “luật lệ” của làng, mọi dân làng đều tự giác tuân theo. Trong niềm vui thống nhất được quy ước, mọi người đều ăn chung một bữa ăn cộng đồng. Thịt, cơm bầy ra lá rừng, rượu uống bằng ống bương nhưng mọi người đều hân hoan trong niềm vui chung của cả làng.\nNgười Mông ở Séo Mí Tỷ, ở Dền Thàng Tả Van cũng như ở Lao Chải, Hầu Thào, trước đây đều tổ chức lễ ăn ước tương tự như lễ “Nhặn Sồng” của người Dao. Nhưng ngày cúng thường là ngày Thìn của tháng giêng (với ý niệm mong mưa thuận gió hoà).\nĐịa điểm cúng thường tổ chức ở khu rừng cấm của cả làng – nơi thờ thần thổ địa, thần thường ngự ở một gốc cây to hoặc một hòn đá lớn trong rừng cấm. Sau khi ông “Chứ lồng” – người chủ lễ dâng cúng thần, đọc lời quy ước. Người dân đến dự đều có quyền tự do thảo luận, bàn bạc.\nNội dung quy ước của lễ “Nào Sồng” tại các làng dân tộc H’Mông có sự mở rộng phạm vi điều chỉnh hơn làng người Dao. Bên cạnh việc bảo vệ rừng, chống thả rông gia súc, quy ước còn đề cập đến các vấn đề phòng chống trộm cắp, bảo vệ mùa màng, tương trợ giúp đỡ lẫn nhau..\n','',1),(44,7,' Lễ hội Roóng Poọc của người Giáy',' Hàng năm vào ngày Thìn tháng Giêng âm lịch người Giáy ở Tả Van (huyên SaPa) lại mở hội Roóng Poọc để cầu mùa màng bội thu, người yên vật thịnh, mưa thuận, gió hoà. Tuy vốn là lễ hội dân tộc truyền thống của người Giáy ở Tả Van, nhưng nhiều năm nay đã lan rộng, trở thành lễ hội chung của cả vùng thung lũng Mường Hoa. Từ sáng sớm, làn sương còn giăng mù mịt từng đoàn người tíu tít nói cười trong mây, hồ hởi về dự hội. Người Mông từ Hầu Thào, Lao Chải dồn xuống, người Dao từ Bản Hồ, Bản Phùng ngược lên, du khách từ thị trấn SaPa cũng tới dự làm cho lễ hội đông vui tới vài nghìn người.\nĐịa điểm mở hội là một khu ruộng tương đối bằng phẳng phía đầu bản. Trung tâm hội dựng cây còn cao vút bằng cây mai có một vòng tròn trên ngọn. Vòng tròn đó một mặt dán giấy đỏ tượng trưng cho mặt trời, một mặt dán giấy vàng tượng trưng cho mặt trăng. Mâm cúng của thầy mo gồm các lễ vật tượng trưng cho sự no ấm như : vải, trứng , măng , bạc trắng và 6 qủa còn của các cô gái chưa chồng. Mở đâu lễ hội là cúng thần linh cầu cho người yên, vật thịnh . Khi lễ cúng kết thúc là dàn nhạc trống, chiêng điệu kèn pí lè tấu lên thông báo các chò chơi mang tính nghi lễ tượng trưng bắt đầu.\nMở đầu là chò chơi ném còn. Những người cao tuổi (nam một bên, nữ một bên) lấy 6 quả còn cùng ném tượng trưng 3 lần khai mạc, rồi sau đó mọi người vào cuộc chơi. Những quả còn tua xanh đỏ vun vút lao len phông còn.tiếng xuýt xoa hò reo cổ vũ rền vang.Phông còn bị ném thủng là báo hiệu cho một năm mùa màng tươi tốt.\nCùng với ném còn là chơi kéo co cũng bắt đầu bằng hình thức kéo nghi lễ. Tốp nam đứng phía đông cầm phần gốc dây song (dây kéo co).Tốp nữ đứng phía tây cầm phần ngọn. Hồi trống kèn nổi nên thùc giục.Bên nam(đằng đông tượng trưng cho dương, mặt trời) luôn kéo thắng. Bên nữ (tượng trưng cho âm) giả vờ thua. Và như vậy, năm đó cả làng sẽ được mùa. Phần nghi lễ kết thúc, đông đảo nam nữ thanh niên cùng ùa vào chia phe thi kéo, kể cả du khách cũng có thể tham gia.\nCác trò chơi đang tiếp diễn, thì những đôi nam nữ lặng lẽ rút khỏi cuộc chơi tìm góc vắng tâm tình qua đàn môi, tiếng khèn, lời hát. Ngày hội rồi cũng đến hồi kết thúc, các già làng làm lễ khấn và hạ cột còn. Hai thanh niên khoẻ mạnh cùng 2 con trâu mộng được chọn cầy 5 đường “xuống đồng” tượng trưng cho vụ mùa mới bắt đầu.\n','',1),(45,7,' Hội Gầu Tào của người Mông ở Sapa',' Lễ hội Gầu Tào ở San Sả Hồ chỉ khai hội vào đầu mùa xuân. Nếu như ở nơi khác, lễ hội Gầu Tào do một gia đình có nhu cầu sinh con được dân bản chọn ra làm chủ hội thì ở xã San Sả Hồ lâu nay lễ hội Gầu Tào do chính quyền xã đứng ra tổ chức nên thu hút đông người tới dự hơn. Lễ hội Gầu Tào và một số lễ hội truyền thống khác do bà con các dân tộc ít người ở Sa Pa tổ chức vào dịp đầu xuân cũng là sản phẩm du lịch độc đáo của vùng núi Sa Pa dành cho du khách.\nĐây cũng là hoạt động nhằm tôn vinh bảo tồn, phát huy bản sắc văn hóa dân tộc và giới thiệu với du khách những nét văn hoá truyền thống của dân tộc Mông San Sả Hồ.\n','',1),(46,7,' Lễ hội Xuống đồng Sapa',' Lễ hội xuống đồng đầu xuân của đồng bào dân tộc Tày, Dao xã Bản Hồ- Sapa (Lào Cai) khai hội sáng ngày mồng 8 Tết thường thu hút rất đông nhân dân địa phương và du khách thập phương, có rất nhiều khách du lịch nước ngoài đã đến dự vui và khám phá nét văn hoá đặc sắc của đồng bào vùng núi cao phía bắc.\nPhần lễ được bắt đầu từ tục rước đất, rước nước. Đoàn rước bao giờ cũng đi từ rất sớm khi trời còn chưa rõ mặt người. Trong đoàn gồm có: thầy cúng, đội trống, đội khèn, hai đôi nam nữ chưa vợ chưa chồng khiêng kiệu rước. Kiệu rước được trang trí sặc sỡ nhiều mầu theo biểu tượng âm dương ngũ hành. Đi đầu đoàn rước là thầy cúng, người được dân bản giao trách nhiệm là sứ giả để giao tiếp với thần linh, trên tay thầy cầm cây nêu biểu tượng của sự sinh sôi, nảy nở. Đi sau là kiệu rước nước, nước được đựng trong hai ống bương to một ống bố và một ống mẹ. Tiếp đến là kiệu rước đất, đất thiêng được lấy từ trên núi cao gọi là đất mẹ.\nSau đó là các mâm lễ để dâng các vị thần linh. Lễ vật gồm một mâm quả còn (bên trong các quả còn có đựng các hạt giống), mâm xôi 7 màu, bánh dày ngũ sắc và thủ lợn, gà luộc, hoa quả… Đội chiêng trống đi hai bên thầy cúng nổi chiêng trống để thầy cúng giao linh với thần linh. Khi đoàn rước về đến địa điểm làm lễ, thầy cúng ra hiệu cho đội nhạc lễ tấu lên ba hồi kèn trống vang vọng cả núi rừng, trời đất, tiếp đó thầy cúng thực hiện nghi lề cúng. Thầy khấn và phun nước làm phép để xua đuổi ma quỉ, xua đuổi điều không may, rồi thầy tung lộc (là các hạt giống) của thần linh cho dân bản.\nPhần hội được bắt đầu bằng các điệu múa và các tiết mục văn nghệ dân gian đặc sắc của người Tày, người Dao. Nhưng nổi bật nhất, vui nhất, nhiều người tham gia nhất là những màn xoè, khi tiếng kèn trống vang lên các cô gái Tày mở đầu màn xoè với những động tác xoè duyên dáng, điệu nghệ mời mọi người tham gia, vòng xoè cứ rộng mãi đi đều trong tiếng kèn, tiếng trống dập dìu.\nKhi các màn xoè kết thúc mọi người lại đổ tới khu chơi trò chơi. Các trò chơi ở đây đa số là trò chơi dân gian. Đầu tiên là trò chơi ném còn, hai đôi nam thanh nữ tú được vinh dự ném quả còn đầu tiên, sau đó tất cả mọi người đều được tham gia. Trò chơi ném còn được tiếp tục cho đến khi quả còn được ai đó ném qua vòng. Tiếp theo là các trò chơi như đẩy gậy, kéo co, đánh quay, đánh bóng, bịt mắt bắt dê, leo cột mỡ…\nHội xuống đồng Bản Hồ- Sapa tiếp thêm sinh lực mới cho người dân trong sản xuất và xây dựng, gìn giữ bản sắc văn hoá.\n','',1),(47,7,' Lễ hội Hoa chuối của người Xá Phó',' Hội hoa chuối của người Xa Phó, Lào Cai được tổ chức vào ngày 9.9 hằng năm để cầu mùa màng tốt tươi, gia súc, gia cầm phát triển, nhà nhà ấm no, hạnh phúc.\nTrong ngày hội, độc đáo nhất là các điệu múa truyền thống, các động tác múa diễn tả khung cảnh tăng gia sản xuất và đời sống sinh hoạt hằng ngày được bà con mang đến lễ hội với mong muốn có được một cuộc sống an vui.\nTrong buổi lễ, người ta dựng một cây chuối rừng phải có cả hoa và quả tại trung tâm nơi làm lễ, sau đó cắm các loài hoa vào thân cây chuối. Mọi người đi vòng quanh cây chuối để múa cầu mùa, dâng cúng cơm mới và các món đặc sản của núi rừng quê hương. Điệu múa còn được diễn tả các động tác như: gặt lúa, săn bắn, bắt cá…\nHội hoa chuối là nơi tụ họp vui chơi, cầu chúc, múa hát, thể hiện tinh thần đoàn kết, nhớ ơn tổ tiên, cùng phấn đấu vươn lên trong cuộc sống, lao động của người dân tộc Xa Phó.\nTrước khi tổ chức hội hoa chuối, các gia đình tham dự mang lễ vật đến góp cho gia đình chủ hội gồm: Gạo, gà, rượu, 3 con chim nướng, mắm cá ủ chua, muối ớt… Khi các món ăn đã chế biến xong, chủ nhà bày tất cả lên một chiếc mâm đan bằng mây và đem đặt thành từng dãy theo thứ tự trên khu đất đầu làng nơi tổ chức hội.\nTrước khi chủ hội hành lễ, các gia đình thắp hương tại mâm lễ của mình và khấn chứng kiến tấm lòng của gia chủ với thần linh và những người đã khuất”. Khi hương tàn, chủ hội vái lạy rồi xin phép hóa vàng và ra hiệu cho các gia đình hạ lễ. Các món ăn được chia làm 2 mâm, mâm dành riêng cho đàn ông, những người họ hàng, khách mời là đàn ông và một mâm phụ nữ.\nKhi đã ăn uống no say, chủ hội và một số nam thanh niên thực hiện nghi lễ trồng cây chuối trong khu vực hành lễ, xung quanh cây chuối cắm các loại hoa rừng, có cả hoa chuối đỏ biểu thị cho sự may mắn. Khi đã chuẩn bị xong, từng đôi thanh niên nam, nữ thực hiện các nghi lễ múa cầu mùa, diễn tả động tác cày, bừa, cấy, hái, gặt lúa, săn bắn… dâng cúng cơm mới và các đặc sản: Cá suối sấy khô, thịt chuột sấy khô, thịt chim rừng, khoai sọ…\nTrong ngày hội hoa chuối, các gia đình Xa Phó kiêng không cho ai mang bất cứ thứ gì ra khỏi nhà. Những gia đình ở làng khác chưa tổ chức hội hoa chuối không được mời đến dự.\n','',1),(48,1,'test festival','test festival description',NULL,-1);
/*!40000 ALTER TABLE `festival` ENABLE KEYS */;
UNLOCK TABLES;

--
-- Table structure for table `imagedetail_destination`
--

DROP TABLE IF EXISTS `imagedetail_destination`;
/*!40101 SET @saved_cs_client     = @@character_set_client */;
/*!40101 SET character_set_client = utf8 */;
CREATE TABLE `imagedetail_destination` (
  `idDestination` int(11) DEFAULT NULL,
  `idImage` int(11) NOT NULL AUTO_INCREMENT,
  PRIMARY KEY (`idImage`),
  KEY `fk_AnhChiTiet_DiaDiem_1_idx` (`idDestination`),
  CONSTRAINT `fk_AnhChiTiet_DiaDiem_1` FOREIGN KEY (`idDestination`) REFERENCES `destination` (`idDestination`) ON DELETE CASCADE ON UPDATE CASCADE
) ENGINE=InnoDB AUTO_INCREMENT=42 DEFAULT CHARSET=utf8 COLLATE=utf8_unicode_ci;
/*!40101 SET character_set_client = @saved_cs_client */;

--
-- Dumping data for table `imagedetail_destination`
--

LOCK TABLES `imagedetail_destination` WRITE;
/*!40000 ALTER TABLE `imagedetail_destination` DISABLE KEYS */;
INSERT INTO `imagedetail_destination` VALUES (1,1),(1,2),(1,3),(1,4),(1,5),(1,6),(1,7),(2,8),(2,9),(2,10),(2,11),(2,12),(2,13),(2,14),(3,15),(3,16),(3,17),(3,18),(3,19),(4,20),(4,21),(4,22),(4,23),(4,24),(4,25),(5,26),(5,27),(5,28),(5,29),(5,30),(5,31),(6,32),(6,33),(6,34),(6,35),(6,36),(6,37),(7,38),(7,39),(7,40),(7,41);
/*!40000 ALTER TABLE `imagedetail_destination` ENABLE KEYS */;
UNLOCK TABLES;

--
-- Table structure for table `imagedetail_festival`
--

DROP TABLE IF EXISTS `imagedetail_festival`;
/*!40101 SET @saved_cs_client     = @@character_set_client */;
/*!40101 SET character_set_client = utf8 */;
CREATE TABLE `imagedetail_festival` (
  `idFestival` int(11) DEFAULT NULL,
  `idImage` int(11) NOT NULL AUTO_INCREMENT,
  PRIMARY KEY (`idImage`),
  KEY `fk_AnhChiTiet_LeHoi_1_idx` (`idFestival`),
  CONSTRAINT `fk_AnhChiTiet_LeHoi_1` FOREIGN KEY (`idFestival`) REFERENCES `festival` (`idFestival`) ON DELETE CASCADE ON UPDATE CASCADE
) ENGINE=InnoDB AUTO_INCREMENT=234 DEFAULT CHARSET=utf8 COLLATE=utf8_unicode_ci;
/*!40101 SET character_set_client = @saved_cs_client */;

--
-- Dumping data for table `imagedetail_festival`
--

LOCK TABLES `imagedetail_festival` WRITE;
/*!40000 ALTER TABLE `imagedetail_festival` DISABLE KEYS */;
INSERT INTO `imagedetail_festival` VALUES (1,1),(1,2),(1,3),(1,4),(1,5),(2,6),(2,7),(2,8),(2,9),(2,10),(3,11),(3,12),(3,13),(3,14),(3,15),(3,16),(4,17),(4,18),(4,19),(4,20),(4,21),(5,22),(5,23),(5,24),(5,25),(5,26),(5,27),(5,28),(6,29),(6,30),(6,31),(6,32),(6,33),(7,34),(7,35),(7,36),(7,37),(7,38),(8,39),(8,40),(8,41),(8,42),(8,43),(9,44),(9,45),(9,46),(9,47),(9,48),(10,49),(10,50),(10,51),(10,52),(10,53),(12,54),(12,55),(12,56),(12,57),(12,58),(13,59),(13,60),(13,61),(13,62),(13,63),(14,64),(14,65),(14,66),(14,67),(14,68),(15,69),(15,70),(15,71),(15,72),(15,73),(16,74),(16,75),(16,76),(16,77),(16,78),(17,79),(17,80),(17,81),(17,82),(17,83),(18,84),(18,85),(18,86),(18,87),(18,88),(19,89),(19,90),(19,91),(19,92),(19,93),(20,94),(20,95),(20,96),(20,97),(20,98),(21,99),(21,100),(21,101),(21,102),(21,103),(22,104),(22,105),(22,106),(22,107),(22,108),(23,109),(23,110),(23,111),(23,112),(23,113),(24,114),(24,115),(24,116),(24,117),(24,118),(25,119),(25,120),(25,121),(25,122),(25,123),(26,124),(26,125),(26,126),(26,127),(26,128),(27,129),(27,130),(27,131),(27,132),(27,133),(28,134),(28,135),(28,136),(28,137),(28,138),(29,139),(29,140),(29,141),(29,142),(29,143),(30,144),(30,145),(30,146),(30,147),(30,148),(31,149),(31,150),(31,151),(31,152),(31,153),(32,154),(32,155),(32,156),(32,157),(32,158),(33,159),(33,160),(33,161),(33,162),(33,163),(34,164),(34,165),(34,166),(34,167),(34,168),(35,169),(35,170),(35,171),(35,172),(35,173),(36,174),(36,175),(36,176),(36,177),(36,178),(37,179),(37,180),(37,181),(37,182),(37,183),(38,184),(38,185),(38,186),(38,187),(38,188),(39,189),(39,190),(39,191),(39,192),(39,193),(40,194),(40,195),(40,196),(40,197),(40,198),(41,199),(41,200),(41,201),(41,202),(42,203),(42,204),(42,205),(42,206),(42,207),(42,208),(43,209),(43,210),(43,211),(43,212),(43,213),(44,214),(44,215),(44,216),(44,217),(44,218),(45,219),(45,220),(45,221),(45,222),(45,223),(46,224),(46,225),(46,226),(46,227),(46,228),(47,229),(47,230),(47,231),(47,232),(47,233);
/*!40000 ALTER TABLE `imagedetail_festival` ENABLE KEYS */;
UNLOCK TABLES;

--
-- Table structure for table `imagedetail_landscape`
--

DROP TABLE IF EXISTS `imagedetail_landscape`;
/*!40101 SET @saved_cs_client     = @@character_set_client */;
/*!40101 SET character_set_client = utf8 */;
CREATE TABLE `imagedetail_landscape` (
  `idLandscape` int(11) DEFAULT NULL,
  `idImage` int(11) NOT NULL AUTO_INCREMENT,
  PRIMARY KEY (`idImage`),
  KEY `fk_AnhChiTiet_ThangCanh_1_idx` (`idLandscape`),
  CONSTRAINT `fk_AnhChiTiet_ThangCanh_1` FOREIGN KEY (`idLandscape`) REFERENCES `landscape` (`idLandscape`) ON DELETE CASCADE ON UPDATE CASCADE
) ENGINE=InnoDB AUTO_INCREMENT=236 DEFAULT CHARSET=utf8 COLLATE=utf8_unicode_ci;
/*!40101 SET character_set_client = @saved_cs_client */;

--
-- Dumping data for table `imagedetail_landscape`
--

LOCK TABLES `imagedetail_landscape` WRITE;
/*!40000 ALTER TABLE `imagedetail_landscape` DISABLE KEYS */;
INSERT INTO `imagedetail_landscape` VALUES (1,1),(1,2),(1,3),(1,4),(1,5),(2,6),(2,7),(2,8),(2,9),(2,10),(3,11),(3,12),(3,13),(3,14),(3,15),(4,16),(4,17),(4,18),(4,19),(4,20),(5,21),(5,22),(5,23),(5,24),(5,25),(6,26),(6,27),(6,28),(6,29),(6,30),(7,31),(7,32),(7,33),(7,34),(7,35),(8,36),(8,37),(8,38),(8,39),(8,40),(9,41),(9,42),(9,43),(9,44),(9,45),(10,46),(10,47),(10,48),(10,49),(10,50),(11,51),(11,52),(11,53),(11,54),(11,55),(12,56),(12,57),(12,58),(12,59),(12,60),(13,61),(13,62),(13,63),(13,64),(13,65),(14,66),(14,67),(14,68),(14,69),(14,70),(15,71),(15,72),(15,73),(15,74),(15,75),(16,76),(16,77),(16,78),(16,79),(16,80),(17,81),(17,82),(17,83),(17,84),(17,85),(18,86),(18,87),(18,88),(18,89),(18,90),(20,91),(20,92),(20,93),(20,94),(20,95),(21,96),(21,97),(21,98),(21,99),(21,100),(22,101),(22,102),(22,103),(22,104),(22,105),(23,106),(23,107),(23,108),(23,109),(23,110),(24,111),(24,112),(24,113),(24,114),(24,115),(25,116),(25,117),(25,118),(25,119),(25,120),(26,121),(26,122),(26,123),(26,124),(26,125),(27,126),(27,127),(27,128),(27,129),(27,130),(28,131),(28,132),(28,133),(28,134),(28,135),(29,136),(29,137),(29,138),(29,139),(29,140),(30,141),(30,142),(30,143),(30,144),(30,145),(31,146),(31,147),(31,148),(31,149),(31,150),(32,151),(32,152),(32,153),(32,154),(32,155),(33,156),(33,157),(33,158),(33,159),(33,160),(34,161),(34,162),(34,163),(34,164),(34,165),(35,166),(35,167),(35,168),(35,169),(35,170),(36,171),(36,172),(36,173),(36,174),(36,175),(37,176),(37,177),(37,178),(37,179),(37,180),(38,181),(38,182),(38,183),(38,184),(38,185),(39,186),(39,187),(39,188),(39,189),(39,190),(41,191),(41,192),(41,193),(41,194),(41,195),(42,196),(42,197),(42,198),(42,199),(42,200),(55,201),(55,202),(55,203),(55,204),(55,205),(56,206),(56,207),(56,208),(56,209),(56,210),(57,211),(57,212),(57,213),(57,214),(57,215),(58,216),(58,217),(58,218),(58,219),(58,220),(59,221),(59,222),(59,223),(59,224),(59,225),(60,226),(60,227),(60,228),(60,229),(60,230),(61,231),(61,232),(61,233),(61,234),(61,235);
/*!40000 ALTER TABLE `imagedetail_landscape` ENABLE KEYS */;
UNLOCK TABLES;

--
-- Table structure for table `imagedetail_posts`
--

DROP TABLE IF EXISTS `imagedetail_posts`;
/*!40101 SET @saved_cs_client     = @@character_set_client */;
/*!40101 SET character_set_client = utf8 */;
CREATE TABLE `imagedetail_posts` (
  `idPosts` int(11) DEFAULT NULL,
  `idImage` int(11) NOT NULL AUTO_INCREMENT,
  PRIMARY KEY (`idImage`),
  KEY `fk_AnhChiTiet_BaiViet_1_idx` (`idPosts`),
  CONSTRAINT `fk_AnhChiTiet_BaiViet_1` FOREIGN KEY (`idPosts`) REFERENCES `posts` (`idPosts`) ON DELETE CASCADE ON UPDATE CASCADE
) ENGINE=InnoDB AUTO_INCREMENT=36 DEFAULT CHARSET=utf8 COLLATE=utf8_unicode_ci;
/*!40101 SET character_set_client = @saved_cs_client */;

--
-- Dumping data for table `imagedetail_posts`
--

LOCK TABLES `imagedetail_posts` WRITE;
/*!40000 ALTER TABLE `imagedetail_posts` DISABLE KEYS */;
INSERT INTO `imagedetail_posts` VALUES (1,1),(1,2),(1,3),(1,4),(1,5),(2,6),(2,7),(2,8),(2,9),(2,10),(3,11),(3,12),(3,13),(3,14),(3,15),(4,16),(4,17),(4,18),(4,19),(4,20),(5,21),(5,22),(5,23),(5,24),(5,25),(6,26),(6,27),(6,28),(6,29),(6,30),(7,31),(7,32),(7,33),(7,34),(7,35);
/*!40000 ALTER TABLE `imagedetail_posts` ENABLE KEYS */;
UNLOCK TABLES;

--
-- Table structure for table `landscape`
--

DROP TABLE IF EXISTS `landscape`;
/*!40101 SET @saved_cs_client     = @@character_set_client */;
/*!40101 SET character_set_client = utf8 */;
CREATE TABLE `landscape` (
  `idLandscape` int(11) NOT NULL AUTO_INCREMENT,
  `idDestination` int(11) NOT NULL,
  `title` varchar(45) COLLATE utf8_unicode_ci NOT NULL,
  `discription` text COLLATE utf8_unicode_ci NOT NULL,
  `imageProfile` varchar(100) CHARACTER SET utf8 DEFAULT NULL,
  `state` int(1) NOT NULL,
  PRIMARY KEY (`idLandscape`),
  KEY `fk_ThangCanh_1_idx` (`idDestination`),
  CONSTRAINT `fk_ThangCanh_1` FOREIGN KEY (`idDestination`) REFERENCES `destination` (`idDestination`) ON DELETE CASCADE ON UPDATE CASCADE
) ENGINE=InnoDB AUTO_INCREMENT=63 DEFAULT CHARSET=utf8 COLLATE=utf8_unicode_ci;
/*!40101 SET character_set_client = @saved_cs_client */;

--
-- Dumping data for table `landscape`
--

LOCK TABLES `landscape` WRITE;
/*!40000 ALTER TABLE `landscape` DISABLE KEYS */;
INSERT INTO `landscape` VALUES (1,1,'??n B?ch Mã',' ??n B?ch Mã\n??n thu?c ph??ng Hà Kh?u, t?ng H?u Túc, huy?n Th? X??ng, ph? Hoài ??c, nay là 76 Hàng Bu?m, qu?n Hoàn Ki?m, Hà N?i. ??n th? th?n Long ?? t?c B?ch Mã, v? th?n b?o h? kinh thành Th?ng Long. Theo m?t b? sách so?n ? th? k? XIV thì chính th?n B?ch Mã ?ã c?nh cáo Cao Bi?n, m?t viên quan Trung Qu?c, sang cai tr?, kho?ng th?i gian t? n?m 866 ??n n?m 875, khi?n y s? hãi ph?i l?p ??n th?. M?t truy?n thuy?t khác k? thêm: khi vua Lý Công U?n ??nh ?ô Th?ng Long (1010), xây thành mà c? b? s?t l?, ông t?i ?ây c?u l? và l? thay, m?t bu?i sáng ch?t th?y có con ng?a tr?ng t? trong ??n ?i ra, ch?y vòng quanh khu v?c ?ang xây thành, ch?y ??n ?âu ?? d?u chân ??n ??y r?i tr? l?i ??n và v?t bi?n. Vua Lý c? theo v?t chân ng?a mà xây, thành không l? n?a. Vua bèn phong th?n Long ?? làm thành hoàng b?o v? cho Th?ng Long. T? ?ó th?n có thêm tên là B?ch Mã.\n\n??n ?ã ???c s?a ch?a nhi?u l?n, cu?i th? k? XVII ???c tôn n?n c? và m? r?ng. N?m 1781, chúa Tr?nh cho dân các giáp M?t Thái, B?c Th??ng, B?c H? thu?c ph??ng Hà Kh?u chung quanh ??n B?ch Mã ???c \"t?o l?\" (s?m l? v?t t?, không ph?i s?u sai, t?p d?ch khác). N?m 1829, s?a ch?a ??n thêm tráng l?. N?m 1839, d?ng v?n ch? ? bên trái ??n, d?ng Ph??ng ?ình ?? làm n?i cúng l? các tu?n ti?t. Trong ??n hi?n nay còn l?u gi? ???c khá nhi?u hi?n v?t có giá tr? nh? 15 v?n bia (n?i dung các v?n bia ?? c?p s? tích c?a ??n, th?n, nghi l? cúng th?n, các l?n trùng tu tôn t?o), ?? th? g?m các v? khí th?i c? nh? xích, ?ao, th??ng, câu liêm... ???c s?n son th?p vàng, ch?m kh?c tinh x?o. Trong ??n, cùng v?i các l? h??ng ??ng, bình ??ng, còn có t??ng Ph?t và m?t ?ôi h?c, ?ôi ph?ng trong t? th? ??ng trang nghiêm.\nL? h?i ??n h?ng n?m vào tháng hai âm l?ch, tr??c ?ây có t? ch?c l? ?ánh trâu r??c xuân.\n','',-1),(2,1,'H? Tây – H? Trúc B?ch',' H? Tây\nH? Tây, m?t g??ng c?a Hà N?i, lá ph?i c?a ch?n Long thành có di?n tích r?ng h?n 500 ha v?i m?t b? dày l?ch s? m?y nghìn n?m. ???ng vòng quanh h? dài t?i 17km. Ngành ??a lý l?ch s? ?ã ch?ng minh r?ng h? là m?t ?o?n sông H?ng c? còn r?t l?i sau khi sông ?ã ??i dòng... Có th? do sông h? bi?n ??i nh? v?y mà ?ã xu?t hi?n nhi?u truy?n thuy?t v? h? và tên g?i c?a h?.\nVí nh? theo truy?n \"H? Tinh\" thì có tên là h? (ho?c ??m) Xác Cáo, vì truy?n k? là có m?t con cáo chín ?uôi ?n n?p n?i ?ây làm h?i dân. Long Quân m?i dâng n??c lên phá hang cáo, hang s?p thành ra h?.\nTheo truy?n \"Kh?ng l? ?úc chuông\" thì h? l?i có tên là Trâu Vàng. Truy?n k? r?ng có ông kh?ng l? có tài thu h?t ??ng ?en c?a ph??ng b?c ?em ?úc thành chuông. Khi th?nh chuông, ti?ng vang sang bên b?c. Vì ??ng ?en là m? vàng nên con trâu vàng ph??ng B?c nghe ti?ng chuông li?n vùng ?i tìm m?. T?i ?ây nó qu?n mãi ??t, khi?n s?t thành h?.\n\nTheo th? t?ch thì th? k? XI, h? này ?i vào l?ch s? v?i tên là Dâm ?àm (??m mù s??ng), t?i th? k? XV thì ?ã g?i là Tây H?. H? còn có tên là Lãng B?c, trùng v?i tên n?i di?n ra nh?ng tr?n ?ánh ác li?t gi?a quân c?a Hai Bà Tr?ng và quân Hán ? vùng Tiên S?n t?nh B?c Ninh.\nH? Tây t? lâu l?m ?ã là th?ng c?nh. Th?i Lý - Tr?n, các vua chúa l?p quanh h? nhi?u cung ?i?n làm n?i ngh? mát, gi?i trí, nh? cung Thúy Hoa th?i Lý, ?i?n Hàm Nguyên th?i Tr?n nay là khu chùa Tr?n Qu?c, cung T? Hoa th?i Lý nay là khu chùa Kim Liên, ?i?n Thu? Ch??ng th?i Lê nay là khu tr??ng Chu V?n An...\nNh?ng ngày sóng yên gió l?ng, ch?i thuy?n H? Tây là m?t thú tao nhã. L??t trên sóng h? nhi?u thi s? ?ã có nh?ng v?n th? tuy?t tác nh? Nguy?n Du, Nguy?n Công Tr?, Nguy?n Khuy?n...\nN?u làm m?t cu?c ?i d?o quanh h? thì ??ng th?i c?ng ???c th?m khá nhi?u di tích và th?ng c?nh. Làng Nghi Tàm, quê h??ng nhà th? \"Bà huy?n Thanh Quan\" v?i chùa Kim Liên có ki?n trúc ??c ?áo; làng Nh?t Tân ngu?n hoa ?ào m?i ?? xuân v?, t??ng truy?n là n?i L?c Th? ??i H?ng Bàng sinh ra m?t b?c tr?ng n? thành b?y con r?ng. R?i làng Xuân T?o v?i ??n Sóc th? Thánh Gióng, làng Trích Sài có chùa Thiên Niên th? bà t? ngh? d?t l?nh, sang làng K? B??i có ngh? làm gi?y c? truy?n và ??n ??ng C? n?i bách quan h?i th? th?i Lý, làng Th?y Khuê có chùa Bà ?anh n?i ti?ng m?t th?i... Và ??c s?c nh?t là ??n Quán Thánh. L?i còn c? m?t s? công trình nhà ? m?i xây d?ng bên h? làm quang c?nh thêm ?a d?ng.\nH? Trúc B?ch\nH? Trúc B?ch cách H? Tây b?i con ???ng Thanh Niên. ???ng Thanh Niên có t? n?m 1957 - 1958 theo ý ki?n c?a Ch? t?ch H? Chí Minh, sau khi h? ???c thanh niên h?c sinh Hà N?i lao ??ng trong nh?ng ngày th? b?y c?ng s?n m? r?ng nh? ngày nay. Tr??c g?i là ???ng C? Ng?, hình thành t? m?t con ?ê h?p ???c ??p ng?n m?t góc H? Tây.\nH? Trúc B?ch có t? th? k? XVII khi dân hai làng Yên Hoa (nay là Yên Ph?) và Yên Quang (nay là ph? Quán Thánh) ??p con ?ê ng?n góc ?ông nam H? Tây ?? nuôi b?t cá. T? khi thành m?t h? bi?t l?p, h? ?ã ?i vào th? t?ch c?. Sách \"Tây H? chí\" cho bi?t nguyên ? phía nam h? có làng Trúc Yên, có ngh? làm mành, do ?ó nhà nào c?ng tr?ng trúc, trúc m?c nh? r?ng. Th?i chúa Tr?nh Giang (1729 - 1740) xây ? ?ây m?t cung ?i?n g?i là Vi?n Trúc Lâm. V? sau, vi?n tr? thành n?i giam c?m nh?ng cung n? có l?i, ph?i d?t l?a ?? m?u sinh. L?a ??p, bóng b?y, n?i ti?ng kh?p kinh thành, g?i là l?a làng Trúc.\nVen h? Trúc B?ch có nhi?u di tích l?ch s? và công trình ki?n trúc ??c s?c nh? ??n Quán Thánh ? ngay góc tây nam h?. Phía ?ông có chùa Châu Long (ph? Châu Long), t??ng truy?n xây t? th?i Tr?n, là n?i tu hành c?a công chúa con vua Tr?n Nhân Tông. Có ??n An Trì, n?i th? Uy ?ô, m?t anh hùng ch?ng quân Nguyên.\nBa phía chung quanh h? ph? xá che khu?t, ch? có phía tây giáp ???ng Thanh Niên m?i bày ra v? ??p êm ? ph?ng l?ng c?a m?t h?. Phía b?c h? có m?t gò ??t nh?, trên gò có ??n th? C?u Nhi g?n v?i chuy?n Lý Công U?n d?i ?ô.\nLý Công U?n sinh n?m Giáp Tu?t (974), d?i ?ô n?m Canh Tu?t (1010). Mà \"Tu?t\" là \"chó\" - m?t trong 12 con v?t theo l?ch âm. Trong tín ng??ng c? truy?n chó là con v?t có kh? n?ng xua ?u?i tà ma, b?o v? ??t ?ai. Huy?n tho?i k? r?ng tr??c ngày Lý Công U?n d?i ?ô, có m?t con chó t?i làm ? ?? con trên ??nh núi Nùng, n?i này sau d?ng \"Chính ?i?n ?ài\" và l?p bên ?i?n ngôi ??n th? chó m? và chó con. ??n tri?u ??i sau, ??n th? C?u Nhi ???c d?i ra ngoài hoàng thành, d?ng trên gò trong h? Trúc.\nH? Trúc B?ch cùng v?i công viên Lý T? Tr?ng và H? Tây t?o thành m?t t?ng th? thiên nhiên hài hoà, làm thành m?t th?ng c?nh ??p c?a th? ?ô Hà N?i.\n','',-1),(3,1,'L?NG CH? T?CH H? CHÍ MINH','L?ng Ch? t?ch H? Chí Minh ???c chính th?c kh?i công ngày 2 tháng 9 n?m 1973, t?i v? trí c?a l? ?ài c? gi?a Qu?ng tr??ng Ba ?ình, n?i Ch? t?ch H? Chí Minh ?ã t?ng ch? trì các cu?c mít tinh l?n.\n\nL?ng ???c khánh thành vào ngày 29 tháng 8 n?m 1975. L?ng g?m 3 l?p v?i chi?u cao 21,6 m, l?p d??i t?o dáng b?c th?m tam c?p, l?p gi?a là k?t c?u trung tâm c?a l?ng g?m phòng thi hài và nh?ng hành lang, nh?ng c?u thang lên xu?ng. Cát ???c l?y t? su?i Kim Bôi, t?nh Hòa Bình do ng??i dân t?c M??ng ?em v?; quanh b?n m?t là nh?ng hàng c?t vuông b?ng ?á hoa c??ng, l?p trên cùng là mái l?ng hình tam c?p, ?á cu?i ???c chuy?n t? các con su?i vùng S?n D??ng, Chiêm Hoá, Ngòi Thìa, Tuyên Quang...; nhân dân d?c dãy Tr??ng S?n còn g?i ra 16 lo?i g? quí. Các loài cây t? kh?p các mi?n ???c mang v? ?ây nh?: cây chò nâu ? ??n Hùng, hoa ban ? ?i?n Biên-Lai Châu, tre t? Cao B?ng... Thanh thi?u niên còn t? ch?c bu?i tham gia lao ??ng trong vi?c mài ?á, nh? c?, tr?ng cây.\n\nTrên ??nh l?ng là hàng ch? \"Ch? t?ch H? Chí Minh\" ghép b?ng ?á ng?c màu ?? th?m. C?a l?ng làm t? các cây g? quýTây Nguyên. Ti?n s?nh có dòng ch? \"Không có gì quý h?n ??c l?p T? do\" và ch? ký c?a Ch? t?ch H? Chí Minh ???c dát b?ng vàng. Hai bên c?a là hai cây hoa ??i. Phía tr??c và phía sau l?ng tr?ng 79 cây v?n tu? t??ng tr?ng cho 79 n?m trong cu?c ??i c?a H? Ch? t?ch. Hai bên phía Nam và B?c c?a l?ng là hai r?ng tre, lo?i cây bi?u t??ng cho n??c Vi?t Nam. Tr??c c?a l?ng luôn có hai ng??i lính ??ng gác, 1 gi? ??i gác m?t l?n.\n\nChính gi?a l?ng là thi hài Ch? t?ch H? Chí Minh ??t trong hòm kính khung b?ng g? quý, ?iêu kh?c hoa v?n các ?ám mây, ??t trên m?t b?c ?á. Qua l?p kính trong su?t, thi hài Ch? t?ch H? Chí Minh n?m trong b? qu?n áo ka ki b?c màu, d??i chân có ??t m?t ?ôi dép cao su. Trong nh?ng d?p có ng??i vi?ng l?ng, s? có b?n ti?u binh ??ng gác.\n\nL?ng hình vuông, m?i c?nh 30 m, c?a h??ng v? phía ?ông, hai phía Nam và B?c có hai l? ?ài dài 65 m dành cho khách trong nh?ng d?p l? l?n. Tr??c l?ng là Qu?ng tr??ng Ba ?ình v?i m?t ???ng dành cho l? di?u binh, duy?t binh, và m?t th?m c? dài xanh t??i su?t b?n mùa. Phía tr??c l?ng là c?t c?, lá Qu?c k? ???c kéo lên vào lúc 6 gi? sáng và h? xu?ng lúc 9 gi? t?i hàng ngày. Th?ng ti?p qua sân c? là ???ng B?c S?n, có tr?ng hoa h?ng ?? và hoa ?ào. T?n cùng ???ng B?c S?n là ?ài Li?t s?.\n\nBên phía Tây c?a qu?ng tr??ng là khu l?u ni?m Ch? t?ch H? Chí Minh. T?i ?ây có Vi?n B?o tàng H? Chí Minh, ngôi nhà sàn Bác H?.\n','',-1),(4,1,'NHÀ SÀN BÁC H?',' ??a ch?: N?m trong khuôn viên Ph? Ch? t?ch, thu?c qu?n Ba ?ình, thành ph? Hà N?i.\n\nN?m trong khu v??n r?ng sau Ph? Ch? t?ch, ngôi nhà sàn Bác H? n?m nh? nh?n bình d? gi?a nh?ng vòm cây, ???ng vào nhà r?i s?i, hai bên là hàng cây xoài, hàng rào dâm b?t bao quanh nhà, c?ng vào k?t b?ng cành cây ?an xen nhau. ?ó là ngôi nhà Bác H? ? và làm vi?c t? ngày 17/5/1958 cho t?i khi Ng??i qua ??i.\n\nT?ng d??i nhà sàn là n?i Bác th??ng h?p v?i B? Chính tr?. T?ng trên là hai phòng nh?, n?i Bác làm vi?c và phòng ng? v?i nh?ng v?t d?ng ??n s?, gi?n d?. Tr??c nhà là ao cá Bác nuôi, bên b? ao là các loài hoa phong lan n? quanh n?m.\n\nSau nhà là v??n qu? v?i hàng tr?m loài cây quý do các ??a ph??ng ??a v? tr?ng, nh? cây vú s?a c?a ??ng bào mi?n Nam g?i bi?u Bác n?m 1954, b??i Phúc Tr?ch, Biên Hòa, Mê Linh; cam H?i H?ng, Xuân Mai, Vân Du, Xã ?oài; quýt H??ng C?n, Lý Nhân; táo Thi?n Phi?n, Ng?c H?; song mai ?ông M?; h?ng Tiên ?i?n - Hà T?nh (quê h??ng nhà th? Nguy?n Du). Trong v??n còn có nh?ng lo?i cây t? n??c ngoài nh? ngàn hoa, cây b?t m?c quanh ao, cây cau vua g?c t? Caribê...\n\nTheo ý Bác, mùa hè n?m 1958, C?c Thi?t k? c? b?n thu?c T?ng c?c H?u c?n ?ã thi công ngôi nhà này. Ki?n trúc s? là ông Nguy?n V?n Ninh, C?c tr??ng C?c Thi?t k? Dân d?ng, B? Ki?n trúc (nay là Công ty T? v?n xây d?ng, B? xây d?ng). Ông Ninh là 1 trong 8 ng??i Vi?t Nam h?c ki?n trúc khóa ??u tiên ? Tr??ng Cao ??ng M? thu?t ?ông D??ng. Chính ông là ng??i thi?t k? l? ?ài Ba ?ình ?ón Bác và Trung ??ng ??ng, Chính ph? tr? v? th? ?ô, ngày 1/1/1955.\n\nNhân dân t? m?i mi?n ??t n??c c?ng nh? du khách qu?c t? ??n th? ?ô Hà N?i, ai c?ng mu?n ??n vi?ng Ch? t?ch H? Chí Minh, th?m nhà ? c?a Bác và ?i d?o quanh Qu?ng tr??ng Ba ?ình l?ch s?. ','',-1),(5,1,'Ph? C? Hà N?i',' Ph? C? Hà N?i\nÐ?c ?i?m chung c?a các ph? c? Hà N?i là nhi?u tên ph? b?t ??u b?ng t? \"Hàng\", ti?p ?ó là m?t t? ch? m?t ngh? nghi?p nào ?ó. Thí d?: Hàng Ðào, Hàng Ð??ng, Hàng Mã, Hàng Thi?c...\nDu khách m?i ??n Hà N?i, d?o qua khu ph? c? - ph? ngh? s? th?y ???c nét khác bi?t gi?a Hà N?i và các th? ?ô khác mà du khách ?ã ?i qua.T? phía B?c h? Hoàn Ki?m ?i b? l?n l??t qua các ph? Hàng Ðào, Hàng Ngang, Hàng Ð??ng là ??n ch? Ð?ng Xuân. Ph? Hàng Ðào hình thành t? th? k? XV, dân ? ?ây làm ngh? nhu?m v?i. Th?i ?ó h? ch? chuyên nhu?m màu ??, màu h?ng, màu hoa ?ào... nên có tên g?i là Hàng Ðào.\nT? ??i Lê (th? k? XV) nhi?u ng??i Trung Qu?c ???c phép c? trú ? Th?ng Long (Hà N?i), h? r? nhau ??n làm ?n buôn bán ? ph? Hàng Ngang. X?a kia ? hai ??u ph? có d?ng hai cái c?ng ch?n ngang ???ng, t?i ??n ?óng l?i. Do ?ó thành tên Hàng Ngang.\nNh? tên g?i, Hàng Ð??ng có r?t nhi?u c?a hàng bán ???ng, m?t, bánh, k?o...\n\nCh? Ð?ng Xuân ?ã có h?n 100 n?m, là ch? l?n nh?t Hà N?i, n?i h?i t? s?n v?t trên r?ng, d??i bi?n c?a c? n??c. Ch? Ð?ng Xuân là chi?n lu? oanh li?t c?a các chi?n s? c?m t? b?o v? Hà N?i n?m 1946.\nSát v?i ch? Ð?ng Xuân là ph? Hàng Mã. M?t hàng truy?n th?ng làm t? các lo?i gi?y màu ? ph? này g?n nh? không thay ??i t? khi l?p ph?. Có khác ch?ng bây gi? nhi?u ch?ng lo?i hàng h?n tr??c. Hàng n?m, vào d?p t?t Trung thu c?a tr? em (15/8 âm l?ch) c? ph? Hàng Mã tr? thành m?t ch? bán ?? ch?i muôn màu s?c: ?èn ông sao, ?èn x?p, ?èn kéo quân, ??u s? t?...\nT? ??u ph? Hàng Mã ?i th?ng sang ph? Hàng Chi?u dài 276m (n?i bán nhi?u lo?i chi?u th?m b?ng cói) là ??n Ô Quan Ch??ng (c?a Ðông Hà) di tích khá nguyên v?n c?a m?t trong 36 ph? ph??ng Th?ng Long x?a.\nM?t ph? ngh? r?t ?i?n hình: Hàng Thi?c. Ð?n ?ây b?n s? nghe râm ran ti?ng búa gõ vào nh?ng m?nh tôn, m?nh thi?c tr?ng l?p lánh. Nh?ng ng??i th? thi?c ? ph? này su?t ngày c?m c?i làm các ?? dùng t? nh? ??n l?n nh? chân ?èn, thùng, ch?u, gáo múc n??c, hòm, b? n??c... Ng??i các t?nh c?ng v? Hàng Thi?c buôn hàng ??a v? bán ? các ??a ph??ng...\n','',-1),(6,1,'Chùa m?t c?t',' Chùa M?t C?t\nLà m?t c?m ki?n trúc g?m ngôi chùa và tòa ?ài xây d?ng gi?a h? vuông. C? c?m có tên là ?ài Liên Hoa. ?ài này lâu nay quen g?i là chùa M?t C?t, hình vuông, m?i b? 3m, mái cong, d?ng trên c?t ?á hình tr?. C?t có ???ng kính 1,20m; cao 4m (ch?a k? ph?n chìm d??i ??t) ?? m?t h? th?ng nh?ng thanh g? t?o thành b? khung s??n kiên c? ?? cho ngôi ?ài d?ng bên trên khác nào m?t ?óa hoa sen v??n th?ng trên khu ao hình vuông có lan can b?ng g?ch bao quanh. T? bên ngoài có l?i nh? b?ng g?ch ?i qua ao ??n m?t chi?c thang xinh x?n d?n lên Ph?t ?ài. Trên c?a Ph?t ?ài có bi?n ?? \"Liên Hoa ?ài\" (?ài hoa sen) ghi nh? s? tích n?m m?ng c?a vua Lý d?n t?i vi?c xây chùa.\n\nS? chép \"Lý Thái Tông (1028 - 1054) chiêm bao th?y Ph?t Quan Âm ng?i trên tòa sen, vua c?ng ???c d?t lên ?ó. Khi t?nh gi?c vua ?em vi?c ?y h?i các quan. Có ng??i khuyên vua làm chùa, d?ng c?t ?á ? gi?a ao, làm toà sen c?a Ph?t ??t trên c?t nh? ?ã th?y trong m?ng. Cho các s? ch?y ?àn, t?ng kinh c?u cho vua s?ng lâu, vì th? g?i là chùa Diên H?u (kéo dài cõi phúc)\".\nVi?c d?ng chùa và ?ài hoa sen ti?n hành vào n?m 1049. Ch?a rõ ngôi chùa nh? th? nào, ch? qui mô Liên Hoa ?ài thì m?t t?m bia c? ngay t? ??i Lý ?ã ghi \"...?ào h? Linh Chi?u, gi?a h? v?t lên m?t c?t ?á ??nh c?t n? ?óa hoa sen nghìn cánh, trên sen d?ng tòa ?i?n màu xanh. Trong ?i?n ??t pho t??ng Quan Âm. Vòng quanh h? là dãy hành lang. L?i ?ào ao Bích Trì, m?i bên ??u b?c c?u vòng ?? ?i qua. Phía sân c?u ??ng tr??c, hai bên t? h?u xây tháp l?u ly\" (Bia chùa ??i ? huy?n Duy Tiên, t?nh Hà Nam).\nNh? v?y, Liên Hoa ?ài th?i Lý l?n h?n ngày nay nhi?u, c? nh?ng b? ph?n h?p thành và hình dáng c?ng phong phú h?n.\nTrong th?c t?, c?m chùa M?t C?t ?ã qua nhi?u l?n s?a ch?a. Ngày 11-9-1954, tr??c khi rút kh?i Hà N?i t?m chi?m, quân ??i th?c dân Pháp ?ã cho n? mìn phá hu? Liên Hoa ?ài.\n','',-1),(7,2,'Chùa thiên mụ',' Chùa nằm cách trung tâm thành phố Huế khoảng 5 km, trên đồi Hà Khê, tả ngạn sông Hương, xã Hương Long.\nTên của ngôi chùa bắt nguồn từ một huyền thoại. Chuyện kể rằng từ xa xưa, dân địa phương đêm đêm thường thấy một bà già mặc áo đỏ, quần lục xuất hiện trên ngọn đồi nơi chùa toạ lạc ngày nay, và nói: rồi sẽ có chân chúa đến lập chùa ở đây để tụ khí cho bền long mạch. Hễ nói xong là bà biến mất.\n Sau khi vào trấn Thuận Hoá, chúa Nguyễn Hoàng một lần đi qua, nghe kể chuyện đã cho xây chùa và đặt tên là Thiên Mụ Tự. Chùa nằm cách trung tâm thành phố Huế khoảng 5 km, trên đồi Hà Khê, tả ngạn sông Hương, xã Hương Long.\nNăm 1601 chùa được xây dựng. Năm 1665 chúa Nguyễn Phúc Tần cho trùng tu. Năm 1710, chúa Nguyễn Phúc Chu cho đúc quả đại hồng chung cao 2,5m nặng 3285 kg, và năm 1715, chúa lại cho xây dựng tấm bia cao 2,58m đặt trên lưng con rùa bằng cẩm thạch. Vào thời Nguyễn, các vua Gia Long, Minh Mạng, Thiệu Trị, Thành Thái đều cho trùng tu chùa. Tháp Phước Duyên (ban đầu được đặt tên là tháp Từ Nhân) được vua Thiệu Trị cho xây vào năm 1844. Tháp hình bát giác cao 7 tầng (21 m). Ðiện Ðại Hùng là ngôi chính điện trong chùa, một công trình kiến trúc đồ sộ nguy nga.\n Trong điện, ngoài những tượng phật bằng đồng sáng chói còn treo một khánh đồng được đúc năm 1677 và một bức hoành phi bằng gỗ sơn son thếp vàng do tự tay chúa Nguyễn Phúc Chu đề tặng năm 1714. Hai bên chùa có nhà trai, nơi các sư tĩnh dưỡng và nhà khách để đón khách đến vãn cảnh chùa.\nTrước các điện, quanh chùa là các vườn hoa cây cảnh xanh tươi, rực rỡ. Phía sau cùng là vườn thông tĩnh mịch, phong cảnh nên thơ. Chùa bị hư hỏng nặng năm 1943. Từ năm 1945, Hoà thượng Thích Ðôn Hậu đã tổ chức công cuộc đại trùng tu kéo dài hơn 30 năm.\nNgày nay chùa vẫn được tiếp tục chỉnh trang ngày càng huy hoàng, tráng lệ, luôn hấp dẫn và thu hút đông đảo du khách gần xa.\n','',1),(8,2,'Chùa Huyền Không',' Nếu như Thiền viện Trúc Lâm Bạch mã ẩn hiện giữa lòng hồ Truồi rộng mênh mang thì Chùa Thiền Huyền Không Sơn Thượng lại thu gọn mình trong một thung lũng, giữa những triền đồi, những dãy núi cao và một rừng thông bạt ngàn hàng vạn cây được gọi là Vạn tùng sơn trên độ cao hơn 300m so với mực nước biển. Đây là một ngôi chùa thuộc hệ phái Nam tông (*) được Thượng tọa Giới Đức khai sơn năm 1989.\n\nTrung tâm thung lũng mở ra tả Thanh Long là một triền đồi thoai thoải, hữu Bạch Hổ là một dãy núi cao liền với khối núi mẹ cây cối um tùm. Hướng tây nam có một mỏm núi với cây cổ thụ mọc cheo leo trên đá gọi là Độc Thụ sơn. Dưới gốc cây cổ thụ là bức tượng đá mang dáng vẻ ưu tư của thiền sư trong bóng núi mây ngàn. Những am cốc ẩn cư nằm rải rác sâu trong rừng thông hay quanh quẩn bên sườn núi tạo ra một quần thể kiến trúc tuyệt đẹp.\nHơn chục năm về trước con đường lên Huyền Không Sơn Thượng mới chỉ là con đường dất nhỏ bé, chạy ngoằn nghèo giữa những khu rừng thông với đá núi gập ghềnh. Lúc đó khi đến đây, tôi đã rất thán phục công sức của các nhà sư chỉ bằng những chiếc xe kéo nhỏ đã đưa được vật liệu lên đây để xây dựng nên ngôi chùa. Bây giờ thì con đường nhỏ ngày xưa đã trở thành một con đường bê –tông khá lớn, ô tô có thể vào được, trong chùa còn có cả nơi để xe ô tô và xe máy dành cho khách tham quan đến thăm chùa.\nTừ cổng chùa bạn đã thấy sự khác biệt của Huyền Không Sơn thượng so với các ngôi chùa khác. Ở đây không có cổng Tam quan to lớn, cổng chùa chỉ như cổng của một ngôi nhà theo kiểu kiến trúc sân vườn Huế. Bước vào phía trong là một khu vườn xanh ngắt với những cảnh quan kỳ ảo, đẹp như trong chuyện cổ tích. Một cây cầu gỗ bắc qua dòng suối nhỏ nở đầy bông súng tím ngát đưa khách bước vào Thanh tâm viên, sân trước toà Phật điện.\nKhác hẳn với chính điện của những ngôi chùa khác, chính điện ở đây là ngôi nhà nhỏ nhưng thoáng đãng, giản dị mái thấp và đơn sơ vách gió lùa. Chính giữa thờ duy nhất Tượng Phật Thích Ca Mâu Ni như bất cứ ngôi chùa nào khác thuộc hệ phái Phật giáo Nam tông.\nBên phải Phật điện là Phong Trúc Am, được dùng làm nơi đón khách. Đó đây, dưới bóng những cây tre ngà lao xao hay trong khu rừng trúc um tùm là những bộ bàn ghế giả gỗ để khách ngồi nghỉ, tận hưởng sự yên ả thanh bình nơi cửa Phật. Nếu muốn bạn cũng có thể xốc ba lô lên vai, men theo những con đường mòn nhỏ leo lên những sườn núi xung quanh để từ đó thỏa thích ngắm nhìn toàn bộ thung lũng dưới tầm mắt của mình.\nNếu biết rằng vị sư trụ trì chùa, Thượng tọa Giới Đức - Minh Đức Triều Tâm Ảnh cũng là một nhà thơ, một nhà thư pháp tài hoa thì bạn sẽ không ngạc nhiên khi nhìn thấy thư pháp hiện diện khắp nơi, khắc trên đá trong vườn, chạm trên gỗ, trang trọng treo trên tường, ghi trên cột cổng …Đó là những lời Phật dạy, những điều hay lẽ phải răn đời và răn người, là những cảm xúc bất chợt của các cây bút, là những bài thơ của các nhà thơ nổi tiếng.\nVề Huyền Không Sơn Thượng, giữa đất trời bao la, được trải lòng mình ra với thiên nhiên, để một phút sống thật với chính mình… là những cảm xúc không dễ gì bạn bắt gặp nơi ồn ào, náo nhiệt của chốn thị thành…\nPhật giáo Nam tông hay tiểu thừa, còn gọi là Phật giáo nguyên thủy là hệ phái Phật giáo được truyền theo con đường phía nam từ SriLanka vào Việt Nam ( khác với Phật giáo Bắc tông được truyền từ Trung Quốc đời Bắc Tống sang Việt Nam). Phật giáo Nam tông tu theo lối tu ẩn cư trong những am cốc nhỏ để đạt được đến độ giác ngộ cho bản thân mình. Cũng chính vì vậy những ngôi chùa thuộc hệ phái Nam tông thường ở nơi núi non hoang sơ, có phong cảnh đẹp, xa nơi thị thành.\n','',1),(9,2,'Chùa Từ Đàm',' Chùa Từ Đàm được khai sáng vào khoảng năm 1690, tức vào cuối thế kỷ thứ XVII, đến nay đã trên 300 năm vào thời Trịnh – Nguyễn phân tranh.\nNgài Minh Hoằng -Tử Dung – một vị thiền sư Trung Hoa sang Thuận Hóa thời bấy giờ sáng lập chùa này. Đầu tiên, ngài đặt tên là Ấn Tông Tự – ấn tông nghĩa là “dĩ tâm ấn vi tông”, tức lấy sự truyền tâm làm tông chỉ.\nNăm 1703, chúa Nguyễn Phúc Chu sắc phong cho chùa là Sắc Tứ Ấn Tông Tự. Đến thời Thiệu Trị, vua đặt thêm một tên khác là “Từ Đàm Tự”. Từ đàm là đám mây lành, có ý tượng trưng cho đức Phật, cho hình ảnh ngôi chùa Việt Nam như đám mây lành che mát cho chúng sanh.\nChùa Từ Đàm lúc sơ khai chỉ là tịnh thất nhỏ làm bằng tranh tre nứa lá. Từ đó đến nay chùa đã tồn tại lâu dài trên dãi đất Cố đô Huế. Trải qua bao thăng trầm thay đổi của lịch sử thì năm 1932, khi Phật giáo Việt Nam phục hưng sau bao năm bị phân hóa dưới thời Pháp thuộc, năm 1935 sơn môn tăng già Thừa Thiên chuyển giao Chùa Từ Đàm cho Hội An Nam Phật học làm trụ sở chính của hội.\nNăm 1938, Hội An Nam Phật học đại trùng tu Chùa Từ Đàm và đúc pho tượng bổn sư cùng các pháp khí để tôn trí trong chánh điện. Năm 1940 thì hoàn tất.\nTừ khi trùng kiến ngôi chùa này đến nay đã có những sự kiện sau đây xảy ra:\n-  Thứ nhất: chùa được làm trụ sở chung cho Tỉnh hội Phật giáo Thừa Thiên và cho Tổng hội Phật giáo Trung phần gồm 17 tỉnh Phật giáo miền Trung mỗi năm về họp để vạch chương trình hoằng dương Phật pháp.\n-  Thứ hai: năm 1951, Phật giáo 3 miền trung-nam-bắc phục hưng, lấy ngôi Chùa Từ Đàm làm trụ sở để tổ chức một hội nghị bàn việc thống nhất Phật giáo Việt Nam và sau đó kiến thiết lại quy mô trở thành Chùa Từ Đàm như ngày hôm nay.\n-  Thứ ba: năm 1963, dưới chế độ Ngô Đình Diệm cai trị miền Nam, chính quyền này rất kỳ thị Phật giáo, triệt hạ cờ Phật giáo để tâng bốc một tôn giáo khác là Thiên Chúa giáo. Do vậy các vị lãnh đạo Phật giáo miền Trung đã có sự phản ứng gọi là “Cuộc vận động Phật giáo đòi quyền tự do bình đẳng tôn giáo”.\nTôi xin tóm tắt vài nét đặc trưng về lịch sử Chùa Từ Đàm như vậy để cho thấy sự ảnh hưởng của Phật giáo tại Huế và tại miền Nam này là rất lớn. Phật giáo và Chùa Từ Đàm có ảnh hưởng vô cùng sâu đậm trong lòng quần chúng, vì quần chúng tìm thấy cái hay, cái đẹp, cái đúng, cái thích hợp với đạo với đời, với tín ngưỡng, với luân lý và với dân tộc nên được sự chở che giữ gìn cho đến ngày nay.\nNăm 2006, pl.2550 – nhân dịp tu sửa vì dột nát, chùa được mở rộng tầm vóc thêm một lần nữa, nhưng vẫn giữ duyên xưa, với kiến trúc ngôi chùa tổ, theo ý tưởng của Hòa thượng Trú trì Thích Thiện Siêu cùng với chư tôn thiền đức trưởng thượng cũng như toàn Ban trị sự Giáo hội đã đồng thuận dự án đại trùng tu chùa, và lễ đặt đá trùng tu lần này được tổ chức vào ngày 10 tháng 6 năm bính tuất (04.07.2006).\nSau hơn một năm thực hiện, chùa đã được hoàn thành và làm lễ an vị Phật vào ngày 15 tháng 11 năm đinh hợi (24.12.2007). \n','',1),(10,2,'Chùa Thiền Lâm',' \nChùa Thiền Lâm (hay còn gọi chùa “Phật đứng - Phật nằm”) được sư Hộ Nhẫn xây dựng năm 1960 với hình hài ban đầu chỉ là một Cốc nhỏ. Đến hiện tại, chùa là quần thể gồm nhiều công trình kiến trúc như tượng, tháp mộ, tháp Phật, nhà tăng chúng... ở nhiều vị trí khác nhau.\n\nKhác với bất kỳ những ngôi tự của Phật giáo Bắc Tông với cổng tam quan dẫn lối vào vườn thiền, chùa Thiền Lâm mở cửa đón đồ chúng bằng cổng chào mang phong cách Phật giáo Nam Tông, nhẹ nhàng nhưng ấn tượng.\nVào đến chùa, tận cùng khuôn viên ở bên trái là ngôi bảo tháp màu trắng đỉnh vàng cao vút, uy nghi mà thanh thoát giữa nền trời. Bảo tháp có 2 phần: tầng dưới là chánh điện; tầng trên tôn trí Xá lợi Phật Thích Ca và chư Thánh tăng.\nLà ngôi chùa Phật giáo Nam Tông nhưng chất thiền vẫn rõ nét trong không gian và các công trình kiến trúc của chùa. Không mang trên mình bề dày như những ngôi chùa Bắc Tông trên vùng đất xứ Huế, chùa “Phật đứng - Phật nằm” gợi đến cảm giác “là lạ”, nhẹ nhàng và tĩnh tại toát lên từ những gì mà ngôi tự đang có.\n','',1),(11,2,'Kinh thành Huế',' Kinh thành Huế được xây dựng gần 30 năm (từ 1803 đến 1832), là một dãy thành lũy dài cao 6,60m, dày 21m, với chu vi gần 9.000m. Trên mặt thành ngày xưa có tới 24 pháo đài.Bên ngoài, dọc theo bờ thành có hào sâu bảo vệ. Kinh thành liên lạc với bên ngoài qua 8 cửa trổ theo 8 hướng: Chính Ðông, Chính Tây, Chính Nam, Chính Bắc, Tây Bắc, Tây Nam, Ðông Bắc, Ðông Nam. Ngoài ra hai bên Kỳ Ðài còn có hai cửa Thể Nhơn và Quảng Ðức. Ngoài ra còn có hai cửa bằng đường thủy ở hai đầu sông Ngự Hà là Ðông Thành Thủy Quan và Tây Thành Thủy Quan. Phía Hoàng Thành ở góc đông bắc có một thành nhỏ, thời Gia Long gọi là Thái Bình, đến thời Minh Mạng đổi thành Trấn Bình Ðài có chu vi gần 1km, bên ngoài có hào rộng ăn thông với hào của Hoàng Thành.\n\nTheo nguyên tắc địa lý phong thủy của Ðông Phương và thuyết âm dương-ngũ hành của Dịch học. Kinh thành quay mặt về hướng Nam, dùng núi Ngự Bình làm tiền án và dùng 2 hòn đảo nhỏ trên sông Hương (Cồn Hến - Cồn Dã Viên) làm rồng chầu hổ phục (Tả Thanh Long - Hữu Bạch Hổ) để bảo vệ đế đô. Dòng Sông Hương chảy ngang trước mặt dùng làm Minh Ðường. Bốn mặt kinh thành đều được bao bọc bởi hệ thống sông ngòi gọi là sông Hộ Thành.\n\nỞ trong lòng Kinh thành, Hoàng thành và Tử cấm thành được gọi chung là Ðại Nội. Hoàng Thành dùng để bảo vệ khu vực các cơ quan lễ nghi, chính trị quan trọng nhất của triều đình và các điện thờ. Tử Cấm thành bảo vệ nơi làm việc, ăn ở và sinh họat hàng ngày của nhà vua và gia đình..\n\nÐược xây dựng từ 1804-1833, Ðại Nội có mặt bằng xây dựng theo hình gần vuông, mặt trước và mặt sau dài 622m, mặt trái và phải 604m. Thành xung quanh xây bằng gạch (cao 4,16m, dày 1,04m), bên ngoài có hệ thống hộ thành hào, gọi là Kim Thủy Hồ, để bảo vệ thành. Mỗi mặt trổ một cửa để ra vào: Ngọ Môn (trước), Hòa Bình (sau), Hiển Nhơn (trái), Chương Ðức (phải). Cửa chính của Ngọ Môn chỉ dành cho vua đi.\n\nVới hơn 100 công trình kiến trúc đẹp, mặt bằng Ðại Nội chia thành nhiều khu vực khác nhau:\n• Từ Ngọ Môn đến Ðiện Thái Hòa làm nơi cử hành các lễ lớn của triều đình.\n• Triệu Miếu, Thái Miếu, Hưng Miếu, Thế Miếu và Ðiện Phụng Tiên là nơi thờ các vua chúa nhà Nguyễn.\n• Cung Diên Thọ và Cung Trường Sanh là nơi ở của Hoàng Thái Hậu và Thái Hoàng Thái Hậu.\n• Phủ Nội Vụ là nhà kho tàng trữ đồ quý, xưởng chế tạo đồ dùng hoàng gia.\n• Vườn Cơ Hạ và Ðiện Khâm Văn là nơi các Hoàng tử học tập và chơi đùa.\n','',1),(12,2,'Tử Cấm Thành',' Có mặt bằng cũng gần vuông, cao 3,7m, mặt trước và sau dài 324m; mặt trái và phải dài 290m. Quanh thành trổ 10 cửa. Ðại Cung Môn là cửa chính ở mặt tiền chỉ dành cho vua ra vào, hiện nay đã hư hại hòan toàn. Bức bình phong to rộng dăng ngang sau lưng đIện Cần Chánh (nơi vua làm việc hàng ngày) là dấu hiệu cho biết thế giới sau đó chỉ dành riêng cho vua và gia đình. Trong đó có hàng trăm cung nữ và hàng chục thái giám thường trú để phục vụ hoàng gia. Trong khu vực này có gần 50 công trình kiến trúc vàng son lộng lẫy bao gồm: điện Càn Thành (nơi vua ở), điện Khôn Thái (nơi vợ chính vua ở), Duyệt Thị Ðường (nhà hát), Thượng Thiện (nơi nấu ăn cho vua), Thái Bình Lâu (nơi vua đọc sách),.điện Quang Minh (nơi ở các hòang tử), điện Trinh Minh (nơi các hòang hậu ở), điện Kiến trung, vườn Cẩm Uyển...\n\nHệ thống kiến trúc ở Ðại Nội đã được hoạch định theo những nguyên tắc chặt chẽ, đăng đối: chia ra các vị trí tiền, hậu, tả, hữu, thượng, hạ, chiêu mục tất cả đều nhất quán. Nó thể hiện những khái niệm về triết lý chính trị Nho giáo phương đông. Phần lớn các công trình kiến trúc ở đây đều làm bằng gỗ quý , nhưng cũng không chịu đựng nổi với thiên tai, khí hậu khắc nghiệt hàng thế kỷ qua và các cuộc chiến tranh tàn phá nặng nề. Cho nên một số công trình đã bị hư hỏng, các di tích quý này hiện nay đang được Nhà nước quan tâm đầu tư kinh phí để phục hồi, tôn tạo lại từng bước.\n','',1),(13,2,'Ngọ Môn',' Vừa là cổng chính, vừa là bộ mặt Ðại Nội, được xây dựng vào năm 1833 khi Minh Mạng cho quy hoạch lại mặt bằng và hoàn chỉnh hóa tổng thể kiến trúc trong Ðại Nội. Ngọ Môn là một tổng thế kiến trúc đa dạng, phía trên là lầu Ngũ Phụng với chức năng như một lễ đài, dùng để tổ chức một số lễ nghi trọng thể như duyệt binh, lễ xướng tên những người thi đỗ tiến sĩ, lễ ban sóc hàng năm và đây cũng là nơi diễn ra lễ thoái vị của vua Bảo Ðại - vị vua cuối cùng của Việt Nam vào ngày 30/8/1945.\n\nTheo kinh dịch thì các vị vua bao giờ cũng quay mặt về hướng Nam để cai trị thiên hạ, cho nên ngay từ thời Gia Long (1802-1819), khi xây dựng kinh đô Huế, các nhà kiến trúc đã cho hệ thống thành quách và cung điện ở vào vị thế tọa càn hướng tốn (Tây Bắc - Ðông Nam) cũng có nghĩa là hướng Bắc - Nam, thuộc Ngọ trên trục Tý - Ngọ, do đó Minh Mạng đã đặt tên cho chiếc cổng mới xây ở chính giữa mặt trước hoàng thành là Ngọ Môn, thay cho tên cũ là Nam Khuyết đài.\n\nHệ thống nền đài cao gần 5m, xây trên mặt bằng chữ U vuông góc, đáy dài 57,77m và cánh 27,06m. Ở phần giữa của nền đài trổ ba lối đi. Ngọ Môn dành cho vua đi, Tả và Hữu Giáp Môn dành cho các quan văn võ theo hầu trong đoàn ngự đạo. Tả và Hữu Dịch môn nằm ở hai cánh của nền đài, dành cho lính tráng và voi ngựa đi. Hệ thống lầu ngũ phụng có hai tầng, lầu gồm chín bộ mái lợp ngói hoàng lưu ly và thanh lưu ly, lầu dựng trên nền cao 1,14m xây trên nền đài. Ở tầng trên, mái lầu chia ra thành 9 bộ khác nhau. Tổng thể Ngọ Môn nhìn từ xa như một tòa lâu đài đồ sộ nguy nga, nhưng khi tiếp cận, nó trở thành một công trình kiến trúc xinh xắn, đáng yêu, gần gũi với phong cảnh thiên nhiên và tâm hồn, tình cảm của con người xứ Huế.\n','',1),(14,2,'Điện Thái Hòa',' Trong phạm vị hoàng cung triều Nguyễn, Ðiện Thái Hòa là công trình kiến trúc quan trọng nhất xét về nhiều mặt: chức năng, vị trí, ý nghĩa lịch sử, giá trị văn hóa nghệ thuật. Ðiện Thái Hòa là địa điểm sinh hoạt quan trọng nhất của triều đình nhà Nguyễn. Ðây là nơi diễn ra các lễ đại triều hàng tháng (vào ngày 1 và 15 âm lịch) hoặc các đại lễ khác như lễ Ðăng Quang (vua lên ngôi), lễ Vạn Thọ (sinh nhật vua), lễ Hưng Quốc Khánh Niệm... với sự tham gia của vua, hoàng thân, quốc thích và các vị đại thần. Về lịch sử xây dựng ngôi điện này, có thể chia làm ba thời kỳ chính, trong mỗi thời kỳ đều có một số thay đổi, cải tiến về kiến trúc trang trí...\n\nThời Gia Long Ðiện Thái Hòa được khởi công xây dựng vào 21/2/1805 và hoàn thành vào tháng 10/1805. Thời Minh Mạng, vào tháng Giêng năm Quý Tỵ, tức tháng 3/1833, khi tái quy hoạch và hoàn chỉnh hóa hệ thống kiến trúc cung đình Ðại Nội, vua Minh Mạng đã cho dời điện Thái Hòa hơi dé về phía Nam, đồ sộ và rộng lớn. Thời Khải Ðịnh, năm 1923, vua Khải Ðịnh cho đại tu điện Thái Hòa để chuẩn bị cho lễ Tứ tuần đại khánh tiết. Trong đợt tu sửa lớn này, có một số bộ phận kiến trúc ngôi điện này được thay đổi và làm mới. Trên mái điện, người ta đắp nổi 9 con rồng với một nghệ thuật cực kỳ tinh xảo. Cuối gian giữa của chính điện là ngai vàng được chạm khắc công phu, phía trên là bửu tán được trang trí cực kỳ lộng lẫy. Tám mươi cây cột gỗ lim khá lớn đều vẽ hình rồng vờn mây, màu vàng son rực rỡ.\n\nQua kiến trúc và trang trí của Ðiện Thái Hòa, chúng ta thấy người xưa đã gửi gắm vào đó khá nhiều ý tứ sâu xa đượm màu sắc đạo lý truyền thống phương Ðông. Bên cạnh ngôn ngữ kiến trúc mang tính triết học, tòa cung điện này còn ghi lại nhiều ngôn ngữ văn học với 297 ô hộc khắc chạm và đúc nổi thơ chữ Hán, nói lên một trong những nét đặc sắc của văn hóa Phú Xuân đầu thế kỷ XIX. Phía trước Ðiện Thái Hoà là sân Ðại Triều, hồ Thái Dịch và cầu Trung Ðạo. Sân Ðại triều chia làm 3 tầng, là nơi dành cho các quan từ nhất phẩm đến cửu phẩm sắp hàng làm lễ. thứ tự các quan được đánh dấu bởi hai hàng phẩm sơn (bia đá nhỏ) dựng ở hai bên sân.\n\nÐiện Thái Hòa là một trong những tòa cung điện tiêu biểu được xây dựng khá sớm ở Huế (1805), mang phong cách độc đáo của địa phương, cũng là cung điện rộng lớn, uy nghi, tráng lệ nhất trong hệ thống kiến trúc cung đình còn lại ở Huế.\n','',1),(15,2,'Cửu Đỉnh',' Ðặt tại sân Thế Miếu, là sản phẩm độc đáo, tinh xảo, được Bộ Công đúc tại Huế từ cuối năm 1835-đầu 1837. Cửu Ðỉnh biểu hiện ước mơ về sự trường tồn mãi mãi của triều đinh nhà Nguyễn và sự giàu đẹp của đất nước. Ðiều đó được thể hiện rất rõ trong việc đặt tên gọi cũng như tầm vóc và các hoa văn chạm nổi trên Cửu Ðỉnh. Mỗi đỉnh có khắc một tên riêng bằng chữ Hán, lấy từ miếu hiệu (tên để thờ cúng) của một vị vua nhà Nguyễn. Và cái đỉnh đó được xem là biểu tượng của vị vua đó. Cao Ðỉnh (vua Gia Long) ở vị trí chính giữa, Ðỉnh hai bên trái phải lần lượt là: Nhân Ðỉnh (vua Minh Mạng), Chương Ðỉnh ( vua Thiệu Trị), Anh Ðỉnh (vua Tự Ðức), Nghị Ðỉnh (vua Kiến Phúc), Thuần Ðỉnh (vua Ðồng Khánh), Tuyên Ðỉnh (vua Khải Ðịnh), Dụ Ðỉnh, Huyền Ðỉnh (chưa tượng trưng cho ông vua nào cả, mặc dù triều Nguyễn còn có 6 vị vua khác).\n\nGiá trị của 9 Ðỉnh trước hết ở tầm vóc to lớn và trình độ đúc đồng tinh xảo của các nghệ nhân đúc đồng Huế. Cao Ðỉnh cao 2,5m, nặng 2601kg-là đỉnh cao và nặng nhất. Huyền Ðỉnh cao 2,31m, nặng 1935kg - là đỉnh thấp và nhẹ nhất. Quanh hông đỉnh đều chạm trỗ 17 cảnh vật. Như vậy có tới 153 cảnh vật được chạm nổi trên Cửu Ðỉnh. Ðó là các hình ảnh: núi, sông, trăng, sao, cây cối, hoa, súc vật, vũ khí, xe, thuyền...Có thể xem 153 bức chạm khắc ấy là 153 bức tranh. Ta sẽ thấy sông Hồng trên Tuyên Ðỉnh, sông Cửu Long trên Huyền Ðỉnh, sông Hương trên Nhân Ðỉnh. Chín đỉnh được sắp thành một hàng ngang dưới thềm Hiển Lâm Các, nằm theo thứ tự các án thờ trong Thế Miếu. Riêng Cao Ðỉnh được đặt nhích về phía trước 8 đỉnh kia một khoảng gần 3m, vì vua Minh Mạng cho rằng Gia Long là vị vua có công lớn nhất đối với triều đại.\n','',1),(16,2,'Sông Hương',' Sông Hương bắt nguồn từ dãy Trường Sơn hùng vĩ, hai nguồn Tả Trạch và Hữu Trạch hợp lưu nơi ngã ba Tuần (dân gian còn gọi Bảng Lảng), từ đây sông Hương theo hướng Nam Bắc qua điện Hòn Chén, Ngọc Trản, chuyển Tây Bắc, uốn quanh bãi Nguyệt Biều, Lương Quán, xuôi về phía Ðông Bắc, lặng lẽ trôi về Huế trong dư vang của Trường Sơn, đi qua chốn yên giấc ngàn thu của các vua Nguyễn. Dòng sông mềm như tấm lụa, sắc nước xanh thẳm, tiếp tục cuộc hành trình đi qua Cồn Hến và những làng quê yên ả, qua ngã ba Sình mảnh đất thủ phủ Châu Hóa xưa rồi đổ ra phá Tam Giang hòa vào lòng biển cả.\n\nDòng sông trắng-Lá cây xanh, Sông Hương như \"thanh kiếm bạc dựng giữa trời xanh\". Biết bao tao nhân mặc khách lênh đênh trên quãng sông này với một \"phiến trăng sầu\" \"Hương Giang nhất phiến nguyệt, Kim cổ hứa đa sầu...\" Sông Hương quả là món quà vô giá mà thiên nhiên ban tặng cho Huế. Và nếu bỗng dưng Sông Hương biến mất, thành phố vẫn còn, thì có còn ai buồn nhắc đến Huế nữa không.\n','',1),(17,2,'Lăng tẩm các vua chiều Nguyễn',' Cách đây 80 năm, một người phương Tây, Ph.Eberhard đã viết: Huế là một trung tâm du lịch hấp dẫn, nơi có kinh thành, hoàng thành và lăng tẩm, có sức cuốn hút sự chú ý đặc biệt đối với du khách và các nhà mỹ thuật. Chỉ riêng lăng tẩm của các vua nhà Nguyễn không thôi cũng đủ có giá trị đối với cuộc du lịch rồi Triều Nguyễn (1802-1945) có đến 13 vua, nhưng vì những lý do lịch sử phức tạp khác nhau, nên hiện nay ở Huế chỉ có 7 khu lăng tẩm do triều đình xây dựng.\n\nÐó là các lăng vua Gia Long, Minh Mạng, Thiệu Trị, Tự Ðức (ở đây còn có lăng mộ vua Kiến Phúc), Dục Ðức (ở đây còn có mộ hai vua Thành Thái, Duy Tân), Ðồng Khánh và Khải Ðịnh. Theo ý đồ quy hoạch kiến trúc kinh đô nhà Nguyễn vào đầu thế kỷ XIX, các khu lăng tẩm ấy nằm trong một vùng khá riêng biệt ở phía Tây Huế.\n\nKiến trúc cung đình nhà Nguyễn rất tuân thủ các nguyên tắc phong thủy. Lăng tẩm nào cũng phải theo đúng những quy luật liên quan đến các thực thể địa lý thiên nhiên như: sông, núi, ao hồ, khe suối và nhất là huyền cung ở trung tâm điểm của mặt bằng kiến trúc phải tọa lạc đúng long mạch. Bố cục mặt bằng khu lăng tẩm nào cũng chia làm hai phần chính: phần lăng và phần tẩm.\n\nKhu vực lăng là khu vực chôn thi hài nhà vua, khu vực tẩm là chỗ xây nhiều miếu, điện, lầu gác, đình, tạ,... để nhà vua lúc còn sống thỉnh thoảng rời hoàng cung lên đây tiêu khiển. Chính vì vậy, mỗi lăng tẩm Huế, chẳng những là di tích lịch sử văn hóa mà còn là một thắng cảnh, một đóa hoa nghệ thuật kiến trúc giữa chốn núi đồi xứ Huế. Vì lăng tẩm Huế có được những giá trị văn hóa nghệ thuật cao như thế nên ngày từ năm 1957, trong quyển Les Merveilles du Monde được Viện sĩ Hàn lâm Pháp Jean Cocteau đề tựa, một nhóm gồm 15 tác giả phương Tây xếp lăng tẩm các vua nhà Nguyễn vào hàng kỳ quan của thế giới.\n','',1),(18,2,'Lăng Tự Đức',' Lăng Tự Ðức (Khiêm Lăng)\nLăng được dựng ở hữu ngạn sông Hương, trên núi Dương Xuân, làng Dương Xuân Thượng (cách Huế chừng 8 km), giữa một rừng thông bát ngát. Khởi công năm 1864, hoàn thành năm 1867, trên khoảng diện tích 475 ha. Toàn bộ lăng được bao quanh bằng một bức tường dày uốn lượn theo địa hình đồi núi. Kiến trúc trong lăng ngoài những yếu tố cần thiết của một lăng còn có những công trình kiến trúc phù hợp với nơi ở của vua Tự Ðức\n','',1),(20,2,'Lăng Khải Định',' Lăng Khải Ðịnh (Ứng Lăng)\nLăng được xây dựng từ 1920 đến 1931, trên đỉnh núi Châu Chữ, cách Huế 10km. Nếu các lăng khác được dựng trên một vùng núi non trập trùng rộng hàng trăm héc ta, thì lăng Khải Ðịnh như một toà lâu đài đồ sộ xây bên triền núi. Từ dưới chân núi lên tới Tẩm điện, qua 109 bậc. Vật liệu xây dựng lăng Khải Ðịnh chủ yếu là sắt thép bê tông và sành sứ. Nét nổi bật trong lăng Khải Ðịnh chính là nghệ thuật khảm sành, sứ trang trí lộng lẫy trên mặt tường, cột nhà và trần nhà. Ðây là sự kết hợp giữa hai nền kiến trúc, văn hoá Ðông - Tây rất tinh xảo.\n','',1),(21,3,'Ch? b?n thành',' Ch? B?n Thành là m?t trong nh?ng ngôi ch? lâu ??i nh?t t?i Thành ph? H? Chí Minh và là m?t trong nh?ng ?i?m ??n thu hút ?ông ??o khách du l?ch nh?t trên toàn lãnh th? Vi?t Nam. ?ây là ?i?m ??n không th? b? qua khi ??n v?i thành ph? h?n 300 n?m tu?i. Du khách có th? khám phá nh?ng gian hàng ?? màu s?c, mua th?c ?n, quà l?u ni?m và trang ph?c, v?i vóc t?i các gian hàng trong ch?.\nCh? có l?ch s? hình thành t? ??u th? k? 17, v?i ngu?n g?c ban ??u là n?i nhóm h?p c?a các ti?u th??ng bán hàng trên ph? g?n sông Sài Gòn. N?m 1870, chính quy?n thu?c ??a Pháp chính th?c ??t tên khu v?c này là Les Halles Centrales (t?c Ch? Trung tâm). Ch? ???c d?i vào m?t tòa nhà m?i vào n?m 1912 v?i tên g?i m?i là Ch? B?n Thành.\nLen l?i qua nh?ng gian hàng, xem ?? lo?i s?n ph?m Vi?t Nam. Du khách có th? tìm ???c m?i th? t?i ?ây, t? nh?ng món quà l?u ni?m bé tí ??n nh?ng b? trang ph?c truy?n th?ng. Tuy nhiên, ch? không ch? là ?i?m ??n c?a khách du l?ch. Ch? B?n Thành là n?i c? dân Thành ph? H? Chí Minh v?n mua s?m hàng ngày; giúp du khách có th? hi?u thêm v? ??i s?ng c?a ng??i b?n ??a.\nCh? B?n Thành c?ng là m?t trong nh?ng ??a ?i?m lý t??ng ?? th??ng th?c nh?ng món ?n Vi?t Nam truy?n th?ng. D?ng chân bên nh?ng gian hàng ?n v?i các món ??c s?n ??a ph??ng nh? cá chiên xù hay nh?m nháp vài ly trà ?á gi?i khát.\nM?c c? (hay tr? giá theo cách nói c?a ng??i Sài Gòn) là m?t tr?i nghi?m thú v? khi mua s?m t?i Vi?t Nam. Và khi ??n v?i ch? B?n Thành, hãy s?n sàng tr? giá khi mua hàng.\nCh? B?n Thành n?m t?i Qu?n 1, trung tâm c?a Thành ph? H? Chí Minh. Du khách có th? d? dàng nh?n ra ch? t? phía xa v?i tháp ??ng h? ?ã tr? thành m?t bi?u t??ng quen thu?c. Khu v?c này luôn nh?n nh?p ng??i xe, vì th? hãy c?n th?n khi sang ???ng. Ch? B?n Thành m? c?a quanh n?m. Ban ?êm, nhà l?ng ch? ?óng c?a nh?ng du khách v?n có th? tham quan khu Ch? ?êm B?n Thành v?i các gian hàng m? t? chi?u t?i ??n khuya\n','',-1),(22,3,'M?t thoáng Vi?t Nam',' Khu du l?ch ” M?t Thoáng Vi?t Nam” là qu?n th? làng th? công truy?n th?ng t?i b?n Bò C?p, ?p Phú Bình, xã An Phú, C? Chi, TP HCM. Khu du l?ch ???c m?nh danh là không gian v?n hóa thu nh? c?a Vi?t Namowir s? ?a d?ng và ??c bi?t v? v?n hóa, l?ch s? c?a nó. Khu du l?ch có di?n tích 22,5 ha, n?m c?nh r?ch Bò C?p, g?n sông Sài Gòn. N?i ?ây bao g?m 30 h?ng m?c nh? ??n th? ??t n??c, sa bàn n??c Vi?t, l?u v?ng. Ngoài ra còn có khu v?n hóa ?m th?c, ??o nuôi chim thú t? nhiên, khu ch? hàng ti?u th? công nghi?p, ch? trên sông, v??n hoa qu?… T? trên v?ng ?ài cao 5m, khách có th? nhìn bao quát t?ng th? c?nh ??p Vi?t Nam v?i núi sông, r?ng bi?n, tháp chàm, chùa Thiên M?, tháp Rùa, h? Hoàn Ki?m, ch? B?n Thành…T?t c? nh? h?i t? vào ?ây ?? làm toát lên v? ??p c?a n??c Vi?t\n?? ??m b?o an toàn trong nh?ng tr??ng h?p b? c??p ho?c kh?ng b?, tr??c khi ?i du l?ch b?n nên chu?n b? s?n nh?ng k? n?ng t? v? b?ng cách t? h?c V?nh Xuân Quy?n mi?n phí online.\nN?i ?ây còn có nh?ng hình ?nh ??i s?ng ??c tr?ng c?a ng??i Vi?t: th? th? công, ngh? nhân, nông dân… thu?c nhi?u dân t?c khác nhau cùng lao ??ng s?n xu?t bên nhau trong các làng ngh? truy?n th?ng: ?an lát mây tre, d?t t? l?a, th? c?m, g?m s?, thêu ren, m?c, làm gi?y gió, tr?ng lúa n??c, in kh?c tranh… Khách tham quan s? t?n m?t ???c th?y nh?ng ngh? nhân n?i ?ây t?o ra nh?ng s?n ph?m m? ngh? ??c s?c, ch?m chút cho t?ng nét v?n hóa truy?n th?ng Vi?t Nam.\nB?t kì ai không có ?i?u ki?n ?i th?m thú kh?p n?i trên ??t n??c Vi?t Nam thì có th? tìm ??n M?t thoáng Vi?t Nam, b?i khu du l?ch này là n?i h?i t? nhi?u nét tinh hoa v?n hóa Vi?t, gi?i thi?u ??n ?ông ??o b?n bè trong và ngoài n??c v? ??t n??c, con ng??i Vi?t Nam t? bao ??i nay.\nM?t vài hình ?nh ? khu du l?ch ” M?t Thoáng Vi?t Nam”','',-1),(23,3,'V??n c? Th? ??c',' T? ngã t? Th? ??c ?i v? phía T?ng Nh?n Phú, r? ph?i theo ???ng Nguy?n V?n T?ng ??n ngã ba Gò Công, ti?p t?c r? ph?i, b?ng qua c?u, c?p theo con ???ng ??t nh? kho?ng 800m s? ??n v??n cò c?a bác T? ?ê. V??n cò c?a bác T? ?ê cách ngã t? Th? ??c ch?ng 7km b?ng ???ng b?. ?i?u k? l? là bên c?nh ph? th? luôn nh?n nh?p, s?m u?t nh? v?y l?i có m?t ?i?m du l?ch sinh thái r?t yên t?nh, trong lành. \nV??n cò Th? ??c - nay thu?c qu?n 9. Qua kh?i ngã 4 Th? ??c, qu?o ph?i ???ng Lê V?n Vi?t, ?i ??n ngã 3, r? ph?i ???ng Nguy?n V?n T?ng. Ti?p t?c ?i th?ng, ??n ngã 3 Gò công, qu?o ph?i, b?ng qua c?u, kho?ng 200m là khu v??n cò. Thu?c ph??ng Long thành m?, ngày nay ?ang trên ?à phát tri?n. Ngày nay ???ng xá ???c tr?i nh?a d? ?i h?n nhi?u. \nKhông hi?u lý do nào mà loài cò l?i ch? ch?n 2 khu v??n này làm n?i trú ng?. Vào mùa cao ?i?m t? tháng 9 ??n tháng 4, n?i ?ây quy t? ?àn cò lên ??n 2.000 con. C? m?i bu?i chi?u khi hoàng hôn ??n, t?ng ?àn cò l?i r? nhau l? l??t bay v?, xao ??ng c? m?t góc tr?i. Ng?m nhìn hình ?nh cánh cò n?i b?t trong ánh tà d??ng s? ?? l?i ?n t??ng khó quên. ?? có ???c góc nhìn nh? v?y, khách ph?i thuê ?ò ra gi?a dòng sông v?i giá 80.000 ??ng/ gi? (cho c? m?t chuy?n ?ò có th? ch?a ??n 10 ng??i).\nKhu v??n cò c?ng ???c ??u t? h?n. Kho?ng th?i gian cò t?p trung ? ?ây nhi?u nh?t là tháng 4 và tháng 10. Th?i ?i?m chúng tôi ??n c?ng là th?i ?i?m cò t?p trung v? ?? ?? con. Con ???ng ?i vào v?n còn gi? nguyên v? ???ng làng v?n có. B?n s? có c?m giác là v? quê nh? thu? nh?. Chúng tôi ??n n?i c?ng t?m tr?a. Cò ?ã bay ?i tìm m?i h?t, v?ng v?ng ch? có ti?ng cò con g?i m? lao nhao trên nh?ng tán cây. \nTuy nhiên ??n vào th?i gian bu?i tr?a c?ng khó nhìn th?y cò. Vì th?i gian chúng v? t? t?p là t? 5-6h chi?u. Nh?ng n?u quan sát, thi tho?ng s? th?y nh?ng cánh cò tr?ng chao nghiêng r?t nhanh tr??c m?t - gi?a kho?ng sông r?ng và n?ng chói chang. \nSau m?t vòng th?m quan ng?m cò th?m m?t, khách tr? v? có th? th? mình ?ong ??a trên nh?ng chi?c võng m?c s?n quanh v??n và th??ng th?c n??c d?a ??p l?nh nguyên trái r?t ng?t ngào mát r??i. N?u c?m th?y bao t? c?n cào, khách có th? th? qua tài ngh? n?u n??ng c?a gia ?ình bác T? ?ê qua nh?ng món ??c s?n hi?m có: th?t chu?t ??ng n??ng vàng ng?y, cá tai t??ng chiên xù dòn r?m, ?ch xào l?n n??c c?t d?a béo ng?t, gà n??c rô ti, th?t s?n ch?c, ?n “?ã” h?n th?t gà nuôi nhi?u...\nB?n hãy ??n v??n cò ?? tìm m?t chút h??ng v? ??ng quê và thanh t?nh, tránh xa kh?i cái không khí ?n ào c?a ph? th? nhé, ch?c ch?n n?i này không làm b?n th?t v?ng ?âu.\n','',-1),(24,3,'Khu du l?ch su?i M?',' Ch? cách trung tâm thành ph? H? Chí Minh kho?ng 100km, Công viên Su?i M? là m?t trong nh?ng ?i?m du l?ch m?i thu hút b?n tr? yêu thích khám phá và c?ng là ?i?m ??n ???c nhi?u gia ?ình l?a ch?n ngh? ng?i, t?n h??ng không gian xanh mát vào m?i d?p cu?i tu?n\nT?a l?c t?i xã Trà C?, huy?n Tân Phu?, t?nh ??ng Nai, Công viên Su?i M? ???c ví nh? thiêng ???ng “bi?n trên r?ng” v?i ki?n t?o thiên nhiên ?n t??ng cùng dòng su?i trong v?t, nh?ng ng?n thác mát l?nh k?t h?p tuy?t m? v?i khu h? t?m r?ng v?i di?n tích lên ??n 150.000 m².\n?? ??n v?i Su?i M?, b?n s? m?t kho?ng 3 gi? di chuy?n b?ng xe máy t? Sài Gòn. Tham kh?o l? trình nh? sau: Xu?t phát theo h??ng QL1 kho?ng h?n 64 km ??n Ngã 3 D?u Dây, sau ?ó r? trái theo QL 20 h??ng lên ?à L?t kho?ng 48 km n?a, qua c?t s? 48 UBND huy?n ??nh Quán kho?ng 700m r?i r? ph?i ch?y sâu vào bên trong là ??n Su?i M?\nN??c su?i ? ?ây khá ??c bi?t, các dòng n??c ???c khai thác t? các m?ch n??c ng?m, nh?ng dòng su?i nh? len l?i qua các khe ?á, ?? vào lòng h? mát l?nh và có th? nhìn th?y c? ?ám rong m?c lên t? d??i n??c c?c ??p, ch? không ph?i nh? dòng n??c l?nh ???c x? lý ??n thu?n gi?ng các h?, su?i khác. Ngoài tham quan, l?u l?i nh?ng t?m hình tuy?t ??p ? công viên Su?i M? thì b?n còn có th? tham gia nhi?u ho?t ??ng c?m tr?i, ti?c BBQ, t? ch?c teambuilding…\n','',-1),(25,3,'B?o tàng H? Chí Minh',' B?o tàng H? Chí Minh, thu?c lo?i hình b?o tàng l?u ni?m danh nhân, là công trình v?n hoá t??ng ni?m Ch? t?ch H? Chí Minh. Công trình B?o tàng ???c kh?i công xây d?ng ngày 31-8-1985 và khánh thành vào ?úng ngày 19-5-1990, nhân k? ni?m 100 n?m ngày sinh Ch? t?ch H? Chí Minh. Tác gi? thi?t k? công trình là ki?n trúc s? ng??i Nga n?i ti?ng - ông Garon Isacovich.  \nToà nhà mang bi?u t??ng bông sen tr?ng t??ng tr?ng cho cu?c ??i gi?n d? thanh cao c?a Ch? t?ch H? Chí Minh, ??ng th?i th? hi?n lòng kính tr?ng, bi?t ?n sâu s?c c?a nhân dân Vi?t Nam ??i v?i v? lãnh t? kính yêu, quy?t tâm ?i theo con ???ng   mà Ng??i ?ã l?a ch?n cho dân t?c Vi?t Nam.\nGian m? ??u (còn g?i là gian long tr?ng) tr?ng bày B?o tàng H? Chí Minh  c?ng là t??ng tr?ng cho nh?y c?a bông sen tr?ng. Trung tâm c?a gian là t??ng Ch? t?ch H? Chí Minh b?ng ??ng cao 3.5 m, n?ng 2.8 t?n. Phía sau t??ng là bi?u t??ng m?t tr?i và hình ?nh cây ?a t??ng tr?ng cho ánh sáng và s? tr??ng t?n c?a dân t?c Vi?t Nam. Theo quan ni?m “tr?i tròn, ??t vuông” c?a tri?t h?c ph??ng ?ông: tr?n gian m? ??u ???c trang trí m?t vòng tròn b?ng ??ng ?an xen nh?ng chùm ?èn t?t hoa, t??ng tr?ng cho tr?i. Gi?a sàn c?a gian này ???c trang trí hình vuông v?i nh?ng bông hoa b?ng ?á ghép l?i, t??ng tr?ng cho trái ??t v?i hình ?nh ??t n??c Vi?t Nam.  Hai bên c?a gian long tr?ng là hai b?c phù ?iêu th? hi?n truy?n th?ng d?ng n??c và gi? n??c c?a dân t?c Vi?t Nam d?a trên các truy?n thuy?t: B?c tr?m tr?ng, Thánh Gióng, S? tích H? G??m.\nNh?ng bi?u t??ng ngh? thu?t trên ?ã khái quát ch? ?? tr?ng bày c?a B?o tàng: gi?i thi?u cu?c ??i và s? nghi?p c?a Ch? t?ch H? Chí Minh g?n v?i s? phát tri?n c?a dân t?c Vi?t Nam và nhân lo?i.\nTr?ng bày chính c?a B?o tàng H? Chí Minh th? hi?n 3 n?i dung:\n1. Gi?i thi?u ti?u s? Ch? t?ch H? Chí Minh t? tu?i ?u th? cho ??n khi Ng??i qua ??i và nhân dân Vi?t Nam th?c hi?n Di chúc c?a Ng??i.\n2. Gi?i thi?u v? cu?c s?ng, chi?n ??u và chi?n th?ng c?a nhân dân Vi?t Nam.\n3. Gi?i thi?u m?t s? s? ki?n l?ch s? th? gi?i (t? cu?i th? k? 19 và trong th? k? 20) có tác ??ng và ?nh h??ng sâu s?c ??n cu?c ??i và s? nghi?p c?a H? Chí Minh và cách m?ng Vi?t Nam.\n','',-1),(26,3,'Nhà Th? ??c Bà',' Nhà th? ??c Bà là m?t trong nh?ng công trình tiêu bi?u c?a ki?n trúc ?ô th? Sài Gòn, t?o nên nét ??p c? ?i?n cho thành ph? phát tri?n b?c nh?t c? n??c\nV??ng cung thánh ???ng Chánh tòa ??c Bà (ng??i dân quen g?i là Nhà th? ??c Bà) t?a l?c ngay gi?a trung tâm thành ph? (s? 1 Qu?ng tr??ng Công xã Paris) ?ã g?n 140 n?m.\nNhà th? ??c Bà do ki?n trúc s? ng??i Pháp Bourad thi?t k? d?a trên s? mô ph?ng nhà th? Notre Dame c?a Paris, ???c kh?i công t? n?m 1877, có chi?u dài 93 m, r?ng 35 m và cao 75 m.\nH?u h?t nguyên v?t li?u t? g?ch, ngói, xi m?ng, s?t, thép ??n ?c vít, kính trang trí ??u ???c chuy?n t? Pháp sang và ???c hoàn thành sau 3 n?m xây d?ng. N?m 1895, Nhà th? xây d?ng b? sung thêm hai tháp chuông nh?n có chi?u cao 57,6 m, ch?a 6 qu? chuông ??ng l?n có t?ng tr?ng l??ng 28,85 t?n.\nNhà th? là m?t công trình ??c bi?t v? quy ho?ch, không có hàng rào hay khuôn viên bao quanh nên là ?i?m nh?n trong không gian ?ô th? và có góc nhìn ??p t? m?i phía.\nTr?i qua g?n 140 n?m v?i nhi?u bi?n ??ng chính tr?, l?ch s?, nhà th? ??c Bà v?n là tuy?t tác c?a ki?n trúc ?ô th? Sài Gòn. ?ây không ch? là ??a ?i?m ???c nhi?u du khách trong và ngoài n??c ??n tham quan, tham d? thánh l? mà còn là n?i các b?n tr? Sài Gòn g?p g? giao l?u.\nTho?t nhìn bên ngoài, nhà th? v?n gi? ???c v? kiên c?, tuy nhiên, nhi?u h?ng m?c bên trong ?ã xu?ng c?p nên s? ???c trùng tu trong th?i gian t?i. Các h?ng m?c d? ??nh ???c trùng tu bao g?m 2 ng?n tháp, kính, c?t và xóa s?ch các b?c t??ng b? bôi b?n b?ng bút xóa,…\nVi?c trùng tu này không ?nh h??ng ??n thi?t k? ban ??u c?a nhà th? ??c Bà. Và trong th?i gian trùng tu nhà th? v?n m? c?a ?? du khách và ng??i dân ??n d? thánh l?.\n','',-1),(27,3,'Khu du l?ch su?i tiên',' Khu du l?ch Su?i Tiên có tên ??y ?? là Khu du l?ch v?n hóa Su?i Tiên, n?m ? c?a ngõ Ðông B?c Sài Gòn, trên tuy?n Xa l? Hà N?i, thu?c ??a bàn ph??ng Tân Phú, Qu?n 9, Thành ph? H? Chí Minh. ?ây là m?t khu gi?i trí liên h?p, ???c xây d?ng và thi?t k? d?a trên các hình ?nh l?ch s?, truy?n thuy?t c?a dân t?c Vi?t Nam cùng các t? t??ng ??o h?c ph??ng Ðông. Hàng n?m, Su?i Tiên thu hút l??ng l?n ng??i dân TPHCM và du khách th?p ph??ng ??n vui ch?i, th??ng lãm.\n\nKhu du l?ch Su?i Tiên t?a l?c trên m?t vùng ??t ??i hình ch? S, r?ng ??n 200.000m2, chính gi?a có dòng su?i u?n l??n qua su?t chi?u dài 2.000m. V?i m? ??c v? s? thái bình, an khang th?nh v??ng, khu du l?ch v?n hóa Su?i Tiên ?ã hình thành nên 4 khu v?c theo huy?n tích v? t? linh Long - Lân - Quy - Ph?ng, ?ng v?i ng? hành Kim - M?c - Th?y - H?a - Th?. Bên trong là r?t nhi?u công trình ???c xây d?ng công phu, b? trí hài hòa gi?a không gian xanh mát. ','',-1),(28,4,'Ngắm bến Ninh Kiều',' Ninh Kiều, nằm ngay hữu ngạn sông Hậu Giang, tại ngã ba giao nhau của Sông Hậu và Sông Cần Thơ. Đây cũng là nơi rất gần với trung tâm Thành Phố Cần Thơ. Và là một trong những điểm mà du khách hay tìm đến nhất mỗi khi du lịch Cần Thơ. \nTrên bến Ninh Kiều luôn tấp nập thuyền bè qua lại, ngược xuôi dòng nước. Trên những chiếc thuyền thô sơ, người ta chở rất nhiều nông sản, hải sản, các sản vật đặc trưng của vùng đồng bằng Sông Cửu Long đi các nơi khác. Ninh Kiều là nơi đáng tự hào của những người Cần Thơ, mỗi khi nhắc đến. Ngay bên cạnh Ninh Kiều chính là Cảng Cần Thơ, cảng này có khả năng tiếp nhận các tàu lớn với sức chứa khoảng 5.000 tấn. Mạn trên của Ninh Kiều chính là Chợ Cần Thơ, một trung tâm buôn bán lớn của khu vực miền Tây. Ở đây có rất nhiều loại hàng hóa của khắp nơi trong nước, hoặc các nước lân cận được bày bán.  \nĐến Ninh Kiều, các bạn sẽ được ngồi trên những nhà hàng nổi, được thưởng thức các món đặc sản và ngắm sông Hậu Giang chảy hiền hòa. Với sự thân thiện của người dân địa phương, nên Ninh Kiều trở thành một trong 8 điểm hút khách du Lịch Cần Thơ . ','',1),(29,4,'Chợ nổi cái răng ',' Cách 30 phút đi bằng CaNo từ bến Ninh Kiều, du khách sẽ lại được hòa mình vào sự nhộn nhịp củachợ nổi Cái Răng. Đến đây du khách sẽ được cảm nhận hết những nét văn hóa đặc trưng, độc đáo của vùng sông nước. Và chợ nổi như là một phần không thể thiếu trong nét văn hóa miệt vườn của người miền Tây Nam Bộ.\nMạng lưới sông ngòi dày đặc, các kênh rạch chẳng chịt nối tiếp nhau từ bao đời nay hình thành nên nét văn hóa mà trộn lẫn với bất kỳ nơi nào. Trên sông là nơi họp chợ, nơi buôn bán tất cả những mặt hàng gia dụng, nông sản, hải sản. Và mặt sông cũng chính là nơi giải trí, bằng những câu đờn ca tài tử. Đến đây du khách được cảm nhận cuộc sống lênh đênh nhưng đầy lạc quan của người dân bản địa. Được thưởng thức những món ăn dân giã độc đáo như: hủ tiếu, cháo cá Lóc, canh rau đắng, bánh tét…Với mức giá vô cùng bình dân. Bên cạnh,  du khách còn cảm nhận được sự thân thiện, mộc mạc dễ gần của những người dân nơi đây. Được ngắm những cô gái với màu da nâu và chiếc nón lá e ấp trong những buổi chiều.\nNếu bạn du lịch Cần Thơ vào những ngày tháng Tư hoặc tháng Chạp thì sẽ có cơ hội tham gia vào Lễ Thượng Điền và lễ Hạ Điền, đây là những lễ hội lớn nhất ở miền Tây. Với những nét văn hóa độc đáo  Chợ Nổi Cái Răng là một trong những điểm thăm quan thu hút nhiều khách du lịch, đặc biệt là khách quốc tế.\n','',1),(30,4,' Thăm quan Vườn cây trái Miệt Vườn',' Xuôi theo các dòng sông, du khách sẽ được tham quan những vườn cây trái hai bên. Từ Tp. Cần Thơ du khách theo quốc lộ 1A về hướng Sóc Trăng, qua cầu Ðầu Sáu, đến gần cầu Cái Răng rẽ phải khoảng 6km là đến vườn du lịch Mỹ Khánh. Đây là khu vườn  rộng 2,2ha với hơn 20 loại cây trái, hoa kiểng và nhiều loại động vật như chim các rùa, rắn, cua, tôm …\nĐến đây, du khách có thể đi dạo trong vườn, hít thở không khí trong lành mát mẻ, tự tay hái quả để thưởng thức mà không lo về vấn đề an toàn thực phẩm. Nếu quý khách muốn nghỉ đêm, thì ở đây cũng có những khu nhà nghỉ nhỏ xinh nằm thấp thoáng dưới những bóng cây xanh rợp mát, với giá cả bình dân.\nDu khách cũng có thể ghé qua khu du lịch Ba Láng ở cách Tp. Cần Thơ 9km (trên quốc lộ 1A theo hướng Sóc Trăng, qua cầu Cái Răng) rộng 4,2ha. Nơi đây có hồ ao sen nuôi động vật, 2 hồ tắm dành cho người lớn và trẻ em, có sân khấu ngoài trời, chuồng thú, khách sạn mini. Những miệt vườn ở đây cũng là điểm đến lý tưởng khi du lịch Cần Thơ  làm phong phú thêm tuyến du lịch miền sông nước Cửu Long.','',1),(31,4,' Thăm quan Vườn Cò Bằng Lăng',' Vườn Cò Bằng Lăng thuộc ấp Thới Bình, xã Thới Thuận, huyện Thốt Nốt, Thành Phố Cần Thơ.  Để vào được Vườn Cò, du khách phải đi bằng thuyền. Nếu bạn đi du lịch Cần Thơ vào mùa xuân thì sẽ được nhìn thấy hoa Bằng Lăng nở rộ, tím ngắt hai bên bờ sông. Từ xa, du khách có thể thấy thấp thoáng vườn cò rộng mênh mông. Vào đến đây, du khách sẽ được nhìn thấy một sân chim rộng lớn, với nhiều loại cò , đủ các chủng loại khác nhau.  Để chiêm ngưỡng hết cảnh đẹp ở đây, thì du khách có thể đến lúc sáng sớm để được nhìn thấy những đàn cò tỏa ra đi kiếm ăn, và lúc 17h để lại được nhìn thấy những đàn có nối đuôi nhau bay về.\nĐã có rất nhiều khách du lịch đến đây và có những cảm nhận sâu sắc về sự rộng lớn của vườn cò. Vì vậy mà người ta lại giới thiệu cho những người bạn, người thân về Vườn Cò đặc biệt này. Do vậy Vườn Cò Bằng Lăng cũng được coi là những điểm đến không thể bỏ lỡ khi du lịch Cần Thơ. \n','',1),(32,4,' Thăm nhà cổ Bình Thủy',' Đây là ngôi nhà cổ năm gian hai mái trên đường Bùi Hữu Nghĩa phường Bình Thuỷ, quận Bình Thủy, Tp. Cần Thơ. Nhà được xây dựng năm 1870 theo kiến trúc kiểu Pháp, thuộc gia đình họ Dương. Đến nay là được gần 150 năm nhưng kiến trúc vẫn còn khá nguyên vẹn.\nCăn nhà rộng 5 gian 2 chái, ngang 22m, sâu 16m, nằm trên lô đất có diện tích 6.000m2. Trước sân có hòn non bộ, hoa kiểng. Bên phải là vườn lan, góc bên trái có cây xương rồng Mexico Kim Lăng Trụ cao khoảng 8 mét có độ tuổi khoảng 40. Sau nhà là vườn cây ăn trái. Sân rộng lót gạch tàu, lối vào nhà xây bốn cầu thang hình cánh cung. Nhà rộng thênh thang với 6 hàng 24 chiếc cột gỗ lim đen bóng, đường kính khoảng 30 cm. Kết nối giữa hệ thống cột, xà là những chi tiết gỗ màu nâu chạm trổ hết sức tinh vi. Khi xây dựng, để chống mối mọt và giữ độ lạnh cho ngôi nhà, chủ nhân đã cho rải đều bên dưới nền gạch một lớp muối hột dày hơn 10 cm. Cùng với hệ thống cửa và cửa sổ thoáng đãng nên trời nắng chang chang mà trong nhà rất mát mẻ.\nĐây là một công trình kiến trúc có giá trị dù đã trải qua hai cuộc chiến tranh nhất là sự xâm hại của thời gian, phủ thờ họ Dương đã may mắn còn tồn tại tới ngày nay và được các thế hệ nối tiếp, chăm sóc và giữ gìn cẩn thận. Và cũng là điểm đến của du khách khi du lịch Cần Thơ.\n','',1),(33,4,'Bảo tàng Cần Thơ',' Bảo tàng Thành phố Cần Thơ gồm 2 tầng lầu. Ở tầng trệt được trưng bày khái quát về đặc điểm tự nhiên – xã hội Cần Thơ xưa và nay, giới thiệu vị trí địa lý, đất đai, khí hậu sông ngòi, động thực vật, cảnh quan, văn hóa óc eo, văn hóa 3 dân tộc Kinh – Khmer – Hoa, triển lảm ảnh chụp Cần Thơ xưa và nay.\nTầng 2 được trưng bày về lịch sử chống giặc ngoại xâm của nhân dân Cần Thơ – Hậu Giang trong kháng chiến chống Mỹ và Pháp cũng như những vũ khí, chiến tích chiến tranh Việt Nam.\nBảo tàng Thành Phố Cần Thơ là một trong những địa chỉ quan trọng trong việc giữ gìn, bảo tồn văn hóa Óc Eo với nhiều tư liệu, hiện vật quý được lưu trữ, trưng bày trong nhiều năm. Văn hóa Óc Eo là nền văn hóa cổ tồn tại từ thế kỷ thứ I đến thế kỷ VII sau công nguyên.\nCác nhà khảo cổ học Việt Nam phát hiện hàng trăm địa điểm thuộc nền văn hóa Óc Eo phân bố khắp khu vực Nam bộ. Trong đó có Di chỉ khảo cổ học văn hóa Óc Eo tại ấp Nhơn Thành, xã Nhơn Nghĩa, huyện Phong Điền, Cần Thơ.\nNhững trưng bày hiện vật của nền văn hóa Óc eo tại Cần Thơ đã được giới khảo cổ công nhận, quan tâm nhiệt tình, nhiều đề tài nghiên cứu đã thực hiện để nghiên cứu về không gian văn hóa Óc Eo xưa.\nBảo tàng Cần Thơ khánh thành và đưa vào hoạt động với các nội dung trưng bày chủ yếu:\n•	Giới thiệu khái quát về những đặc điểm tự nhiên và xã hội của Cần Thơ\n•	Cần Thơ – Đất nước – Con người: Giới thiệu vị trí địa lý, đất đai, khí hậu, động thực vật, cảnh quan, văn hoá Óc Eo, văn hoá 3 dân tộc: Việt – Hoa – Khmer.\n•	Lịch sử chống giặc ngoại xâm của nhân dân Cần Thơ: giới thiệu về cuộc kháng chiến chống Pháp, Mỹ.\n•	Thành tựu Kinh tế – Văn hoá – Xã hội của Cần Thơ từ năm 1975 đến nay.\n•	Trưng bày chuyên đề: thường xuyên thay đổi nội dung trưng bày, giới thiệu về lịch sử, văn hoá của Việt Nam và thế giới.\n•	Trong khu vực trưng bày về đời sống văn hóa, sinh hoạt cũng như tính ngưỡng của ba dân tộc (Kinh – Hoa – Khmer) sinh sống nhiều tại Cần Thơ, những hiện vật được trưng bài khá đa dạng.\n','',1),(34,5,'Vườn Quốc Gia Cúc Phương','Cách thủ đô Hà Nội 120 km về phía nam, nằm lọt sâu trong lòng dãy núi Tam Điệp, có một mảnh đất đã trở lên vô cùng quen thuộc, thân thương, gợi lên tính hiếu kỳ cho biết bao du khách trong và ngoài nước, đó là Vườn quốc gia Cúc Phương - Vườn quốc gia đầu tiên của Việt Nam.\nĐược thành lập ngày 07 tháng 07 năm 1962 theo Quyết định số 72-TTg của Thủ tướng Chính phủ, Vườn quốc gia Cúc Phương thuộc địa phận ba tỉnh Ninh Bình, Hoà Bình và Thanh Hoá với tổng diện tích là 22.408 ha. Với nhiều giá trị về cảnh quan thiên nhiên, sự đa dạng về hệ sinh thái, các giá trị văn hoá, lịch sử nên từ lâu Cúc Phương đã trở thành điểm du lịch sinh thái nổi tiếng và hấp dẫn.\nVới đặc trưng là rừng mưa nhiệt đới, xanh quanh năm, Cúc Phương có quần hệ động thực vật vô cùng phong phú và đa dạng, theo số liệu điều tra gần đây Cúc Phương có 2234 loài thực vật bậc cao và Rêu, trong đó có 433 loài cây làm thuốc, 229 loài cây ăn được, nhiều loài được ghi trong sách đỏ của Việt Nam.\nVề động vật, Cúc Phương có 122 loài bò sát và lưỡng cư, 66 loài cá, gần 2000 loài côn trùng, 135 loài thú (trong đó có loài voọc đen mông trắng là loài thú linh trưởng rất đẹp và quý hiếm được chọn làm biểu tượng của VQG Cúc Phương). Với 336 loài chim cư trú, đặc biệt có nhiều loài đặc hữu của Việt Nam và Đông Dương, vì vậy Cúc Phương từ lâu đã trở thành điểm lý tưởng đối với các nhà xem chim.\nThuộc địa hình Caxtơ nửa che phủ, Cúc Phương có nhiều hang động đẹp với những cái tên gợi cảm như: động Sơn cung, động Phò mã giáng…Đặc biệt có một số hang động còn lưu giữ những dấu tích của người tiền sử, sống cáchngày nay từ 7.500 năm đến 12.000 năm, đó là hang Đắng (động người xưa), hang con Moong. Năm 2000 Cúc Phương đã phát hiện một hoá thạch của loài động vật có xương sống, theo kết luận ban đầu của Viện cổ sinh học Việt Nam đây là hoá thạch của loài bò sát răng phiến, sống cách ngày nay chừng 200 đến 230 triệu năm.\nTừ xa xưa, Cúc Phương là nơi cư trú và sinh sống của cộng đồng người Mường với những nét văn hoá độc đáo và đặc trưng, đó là những nếp nhà sàn, ruộng bậc thang, những cối giã gạo nương, những khung dệt thổ cẩm, độc đáo hơn là những lễ hội, phong tục tập quán và nếp sống của cộng đồng mà du khách có thể cảm nhận được trong thời gian thăm bản.\n','',1),(35,5,'Quần thể thắng cảnh Tràng An',' Quần thể danh thắng Tràng An có diện tích 6.172ha thuộc địa bàn huyện Hoa Lư, Gia Viễn, Nho Quan, thị xã Tam Điệp và thành phố Ninh Bình, cách thủ đô Hà Nội khoảng 90km về phía đông nam. Bao quanh quần thể là vùng đệm có diện tích 6.268ha, chủ yếu là đồng ruộng và làng mạc. Là khu vực có sự hòa lẫn giữa thiên nhiên và văn hóa, quần thể danh thắng Tràng An bao gồm ba vùng được bảo vệ liền kề nhau là khu di tích lịch sử văn hóa cố đô Hoa Lư, khu danh thắng Tràng An-Tam Cốc-Bích Động và rừng nguyên sinh đặc dụng Hoa Lư.\nNằm trong khu vực khí hậu nhiệt đới gió mùa nóng ẩm, quần thể danh thắng Tràng An là vùng bán sơn địa có phương phát triển chung theo hướng tây bắc – đông nam. Phía bắc và tây bắc Tràng An là các dải đồi Bái Đính; phía tây nam và nam là dải đá vôi Đồng Tâm – Sơn Hà, Tam Cốc – Bích Động; phía đông nam và đông bắc là dải đá vôi Trường Yên; phía đông bắc và bắc là dải đá vôi Tràng An. Tràng An có mạng lưới sông suối khá phát triển với sông Hoàng Long ở phía bắc, sông Chanh ở phía đông, sông Hệ ở phía nam, sông Bến Đang ở phía tây cùng hệ thống sông Sào Khê, Ngô Đồng và Đền Vối nằm trong vùng lõi di sản. Trước đây, khu vực Tràng An đã bị biển xâm lấn, biến cải nhiều lần rồi nâng cao trở thành đất liền như hiện nay. Sự kiến tạo địa chất trong giai đoạn lâu dài đã tạo ra những cảnh quan ngoạn mục – một sự pha trộn giữa những ngọn núi dạng tháp có vách dốc đứng trong khu rừng nhiệt đới nguyên sinh, bao quanh những trũng, thung lớn, sâu, chứa nước trong và tĩnh lặng thông với vô số các hang động và sông suối ngầm, nhiều chỗ có thể đi lại bằng thuyền.\nCác giá trị nổi bật\nGiá trị văn hóa\nTràng An là địa điểm nổi bật ở khu vực Đông Nam Á và trên thế giới chứa đựng những bằng chứng khảo cổ phong phú và vẫn còn được bảo tồn gần như nguyên trạng, chủ yếu là vỏ ốc, vỏ sò, xương động vật, đồ gốm, công cụ bằng đá, nền bếp, gốm vặn thừng và di cốt người. Đây là kho tư liệu vô giá cho thấy sự thích ứng của người tiền sử với những biến đổi quan trọng về môi trường kéo dài hơn 30.000 năm, ít nhất từ thời kỳ Băng hà cuối cùng. Trong thời gian này, họ đã trải qua một số biến đổi địa lý và khí hậu khắc nghiệt nhất trong lịch sử trái đất. Bên cạnh đó, các di tích văn hóa lịch sử như đền, chùa, cung điện cũng góp phần bổ sung và củng cố nhiều tư liệu khảo cổ học.  \nGiá trị thẩm mỹ\nCảnh quan tháp karst Tràng An là một trong những khu vực đẹp và ngoạn mục nhất thuộc loại này trên thế giới, gồm chủ yếu một loạt các tháp karst dạng nón với vách dốc đứng cao 200m so với nền đất và mực nước xung quanh. Đan xen các đỉnh  núi hình tháp là hệ thống các thung lũng và hố sụt karst có độ nông sâu khác nhau. Trong các hố sụt là các đầm lầy bồi tích rộng, nối thông với nhau bởi các dòng suối ngầm xuyên qua núi tạo thành vô số hang luồn, trên trần hang lấp lánh những thạch nhũ muôn hình vạn trạng. Hòa vào vẻ đẹp của cảnh quan karst là thảm rừng nguyên sinh dày, bao phủ các vách đá, mang lại không khí mát mẻ, hoang sơ. Điểm xuyết giữa những ngọn núi hùng vĩ, hang động huyền bí, sông nước thanh tĩnh là những đền, chùa, miếu linh thiêng. Đặc biệt, cảnh quan của vùng đệm xung quanh Tràng An tạo nên một bức tranh cuộc sống nông thôn truyền thống sinh động, quyến rũ với những ngôi làng nhỏ nối với nhau bởi các con đường đất hoặc đường mòn cùng mạng lưới sông suối và kênh rạch.\n','',1),(36,5,'Chùa Bãi Đính',' Khu tâm linh núi chùa Bái Đính nằm trong Quần thể Danh thắng Tràng An, cách thành phố Ninh Bình khoảng 15 km, nằm ở phía Tây khu di tích lịch sử cố đô Hoa Lư, là ngôi chùa lớn nhất Việt Nam, được biết đến với nhiều kỷ lục như tượng Phật bằng đồng lớn nhất Đông Nam Á, chuông đồng lớn nhất Đông Nam Á, hành lang có nhiều tượng Phật nhất…là sự tiếp nối tâm linh từ ngàn năm trước chuyển tiếp đến ngàn năm sau. Với kiến trúc đồ sộ, nguy nga, lộng lẫy, những pho tượng có nét uy nghi, bao dung, nghệ thuật chạm khắc, đúc đồng tinh tế, tài tình cùng cảnh quan hùng vĩ, núi gối đầu sông, mây vờn đỉnh núi, không gian tâm linh thanh tịnh bao trùm khiến mỗi khi bước chân đến đây, người người thư thái, lòng sáng, tâm tịnh, hướng đến Chân -  Thiện – Mỹ. Đặt chân đến Bái Đính, ta có thể chiêm ngưỡng ngay trước mắt Tam Quan hoành tráng cao gần 17 mét. Đây chính là ranh giới giữa cõi thiêng và cõi tục. Chỉ cần bước chân qua Tam Quan, người ta có thể hòa mình vào không gian tâm linh thanh tịnh. Tiếp đó là chuông đồng nặng 36 tấn, được treo trên tháp cao với tiếng ngân vang vọng, lan tỏa khắp nơi, xua tan mọi nỗi thống khổ, cảnh tỉnh chúng sinh. Hành lang dài với 500 vị La Hán, là con đường đưa ta đến gần với cõi Phật. Các pho tượng Quan Thế Âm Bồ Tất, Phật Thích Ca Mầu Ni bằng đồng lớn nhất Việt Nam mang trên mình bao nét uy nguy, bác ái, đem niềm tin về những điều thiện gieo vào lòng người. Một công trình kiến trúc đồ sộ, tinh tế được đặt giữa chốn bồng lai tiên cảnh. Nhìn từ xa, khu chùa Bái Đính như đang tựa mình bên sườn đồi xanh thẳm. Cảnh sắc lung linh huyền ảo cùng không gian thiêng rộng lớn đã đưa Bái Đính trở thành một bức tranh tâm linh vừa tuyệt mĩ, vừa cổ kính.','',1),(37,5,'Nhà thờ đá Phát Diệm',' Thông tin chung về địa điểm\n- Vị trí: Nhà thờ Phát Diệm thuộc thị trấn Phát Diệm, huyện Kim Sơn, tỉnh Ninh Bình.\n- Đặc điểm: Là nhà thờ mang đậm kiến trúc phương Đông.\n     Cách Hà Nội khoảng 120 km về hướng Nam, Nhà thờ đá Phát Diệm ( hay Nhà thờ chính tòa Phát Diệm ) là một quần thể nhà thờ Công Giáo rộng khoảng 22ha, nằm tại thị trấn Phát Diệm, huyện Kim Sơn, tỉnh Ninh Bình.\n     Nhà thờ đá Phát Diệm được báo chí đánh giá là một trong những nhà thờ đẹp nhất Việt Nam và được ví như \"kinh đô công giáo\" của Việt Nam.\n      Nhà thờ đá Phát Diệm được xây dựng vào những năm 1875 - 1898. Phát Diệm có nghĩa là phát sinh ra cái đẹp, tên Phát Diệm do Nguyễn Công Trứ đặt.\n      Quần thể nhà thờ Phát Diệm thể hiện sự giao hòa tinh túy giữa đạo Phật và Công giáo, được thiết kế hình mái cong hệt như đình chùa nhà Phật cũng là nét kiến trúc độc đáo nhất Việt Nam. Tiếp đó là tượng thánh giá ngự trên đài sen, hệt như Phật hiện ngự trên đài sen. Có thể coi đây là lối kiến trúc độc đáo nhất thế giới.\n      Ðây là một quần thể kiến trúc phương Ðông gồm có (từ hướng nam đi vào): Ao hồ, Phương Ðình, Nhà thờ lớn với bốn nhà thờ cạnh ở hai bên, ba hang đá nhân tạo, nhà thờ đá.\n     Được xây dựng cách đây hơn một thế kỷ, toàn bộ công trình được xây nên từ những khối đá lớn, phía trong được chạm nhiều bức phù điêu độc đáo và sống động đến lạ thường.\nNhà thờ đá Phát Diệm được xây dựng vào những năm 1875 - 1898. Phát Diệm có nghĩa là phát sinh ra cái đẹp, tên Phát Diệm do Nguyễn Công Trứ đặt vào năm 1828, khi ông được triều đình nhà Nguyễn ở Huế phái ra Bắc với chức “Dinh Điền Sứ”.\nNhà thờ được xây dựng trong suốt thời gian 24 năm liên tục, với trình độ kỹ thuật và điều kiện giao thông của những năm cuối thế kỷ 19 thì chỉ việc vận chuyển hàng nghìn tấn đá, có những phiến nặng 20 tấn, hàng trăm cây gỗ lim về tới Phát Diệm để xây nhà thờ cũng là một kỳ công. Kim Sơn vốn là vùng đất mới khai khẩn, trước đây rất lầy lội, để xử lý độ lún của khu đất trước khi xây dựng người ta đã chuyển cả một quả núi nhỏ cách 40km về Phát Diệm, khách về thăm nhà thờ còn thấy núi Sọ, đấy chính là một phần của trái núi đã được dân rời về Phát Diệm.\n','',1),(38,5,'Hoa Lư',' \nHoa Lư được chọn là kinh đô đầu tiên của Nhà nước phong kiến tập quyền khi Đinh Bộ Lĩnh lên ngôi Hoàng Đế năm 968…. Ngày nay dấu tích của Cố Đô Hoa Lư thuộc xã Trường Yên, huyện Hoa Lư, tỉnh Ninh Bình, cách thủ đô Hà Nội gần 100 km về phía Nam. Tuy chỉ được chọn làm kinh đô của nước Đại Cồ Việt trong thời gian ngắn ngủi ( 42 năm ) nhưng tại nơi đây đã diễn ra rất nhiều sự kiện có liên quan đến vận mệnh của cả dân tộc như: gắn với sự nghiệp của ba triều đại liên tiếp là nhà Đinh, nhà Tiền Lê và nhà Lý với các dấu ấn lịch sử: thống nhất giang sơn, đánh Tống – dẹp Chiêm và phát tích quá trình định đô Hà Nội.\nTheo sử sách thì cố đô Hoa Lư và đôi câu đối đền Vua Đinh thì ta thấy rằng: Hoa Lư xưa là 1 cung điện nguy nga, tráng lệ không kém gì Thành Trường An “ Cồ Việt Quốc Đương Tống Khai Bảo – Hoa Lư Đô Thị Hán Trường An ”…. Nếu nhìn về mặt địa lý ta sẽ hiểu vì sao khi lên Ngôi Vua Đinh Tiên Hoàng lại lựa chọn Hoa Lư làm kinh đô bởi: Những núi đồi trùng điệp bao bọc xung quanh vòng đai kinh đô như tấm bình phong; sông Hoàng Long uốn khúc và cánh đồng Nho Quan, Gia Viễn mênh mông là hào sâu thiên nhiên rất thuận lợi về mặt quân sự.\nKinh đô Hoa Lư xưa rộng khoảng 300 ha, gồm Thành Ngoại, Thành Nội và Thành Nam, được bao quanh bởi hàng loạt núi đá vòng cung, cảnh quan hùng vĩ, khoảng trống giữa các sườn núi được xây kín bằng đất ken gạch, chân thành có gạch bó, đắp cao từ 8 – 10 mét. Thành Ngoại rộng khoảng 140 ha thuộc địa phận thôn Yên Thành, xã Trường Yên. Ðây là cung điện chính mà khu vực đền Ðinh, đền Lê là trung tâm và cũng chính là nơi vua Ðinh Tiên Hoàng cắm cờ dựng nước. Trước cung điện có núi Mã Yên tương truyền vua Ðinh đã lấy nơi này làm án.\nKinh thành Hoa Lư xua gồm 2 vòng thành nằm cạnh nhau và một vùng núi kề sát. 3 vòng tạo thành hình giống số 80 hướng về phía đông. Theo cách bố trí thời Đinh Lê các nhà nghiên cứu chia làm 3 vòng thành là thành Đông, thành Tây và thành Nam. Tuy nhiên do thành Nam chỉ là vùng căn cứ quân sự hiểm trở, phòng thủ mặt sau mà nó thường được dân gian gọi riêng là thành Tràng An, 2 vòng thành kia là nơi đặt cung điện nên còn được gọi là thành Hoa Lư…. Đến năm 1010 Vua Lý Thái Tổ dời đô về Thăng Long thì Hoa Lư chỉ còn là Cố Đô được coi là một căn cứ địa quân sự hết sức quan trọng của quân và dân Đại Việt dưới các triều đại: Lý – Trần – Lê – Mạc – Tây Sơn…..\nÐền vua Ðinh được xây theo kiểu “Nội công ngoại quốc” trên nền cung điện chính thuở xưa, uy nghi với ngọ môn quan, hồ sen, núi Giả, vườn hoa, nghi môn ngoại, nghi môn nội cùng ba toà bái đường, Thiêu hương và hậu cung. Tại bái đường có “Long Sàng” làm bằng đá nguyên khối với đôi nghê đá rất sống động. Tiếp đó là nhà thiêu hương thờ các vị khai quốc công thần. Trong cùng là hậu cung đặt tượng vua Ðinh Tiên Hoàng cùng các con trai ông. Các hình chạm khắc trên đá, trên gỗ với các đề tài rồng, mây, tiên nữ, hoa lá… trang trí tại đền đều khá tinh xảo.\nÐền vua Lê nằm cách đền vua Ðinh chừng 500 mét thờ vua Lê Ðại Hành. Ðền vua Lê có quy mô nhỏ hơn nhưng có có ba toà: Bái đường, Thiêu hương thờ Phạm Cự Lượng, người đã có công giúp Lê Hoàn lên ngôi; Chính cung – thờ vua Lê Ðại Hành (tức Lê Hoàn) ở giữa, bên phải là Lê Ngoạ Triều (con trai vua Lê), bên trái là Hoàng hậu Dương Vân Nga. Ðền vua Lê còn giữ nhiều dấu tích kiến trúc cổ với những mảng chạm trổ công phu, điêu luyện. Tại đây người ta đã tìm thấy di tích nền cung điện cũ cùng một số gốm sứ cổ. Những hiện vật quý này được lưu giữ tại phòng bảo tàng phía trái khu đền. Khu di tích Hoa Lư còn có một số ngôi chùa khá đẹp như: chùa Ngân Xuyên (gần chân núi Mã Yên), chùa Nhất Trụ (cách đền vua Lê khoảng 200 mét) thu hút được nhiều du khách đến dâng hương, vãn cảnh.\nVới khoảng cách 100km tính từ Hà Nội và sự thuận tiện của hệ thống giao thông thì bạn chỉ mất khoảng hơn hai tiếng đồng hồ đi Ôtô… Đến đây và được nghe những câu chuyện về các vị vua được kể một cách giản dị, thành kính và đầy tự hào của các thuyết minh viên tại đểm chắc chắn sẽ khiến chi bạn có cảm giác tự hào về lịch sử nước nhà. Bên cạnh đó bạn có thể kết hợp việc thăm Hoa Lưu với một số thắng cảnh nổi tiếng khác ở Ninh Bình như: KDL Bái Đính – Tràng An, Tam Cốc – Bích Động, Nhà Thờ Đá Phát Diệm hoặc Thung Nham, Vân Long…\n','',1),(39,6,'Chùa Linh Phước',' Linh Phước tự tọa lạc trên một khu đất nằm bên phải quốc lộ 20 - đường từ Đà Lạt đi Cầu Đất, thuộc địa bàn Trại Mát, phường 11. Chùa được khởi công xây dựng vào năm 1949 và hòan thành vào năm 1952 do Phật tử địa phương phát tâm đóng góp.\nNăm 1990 dưới sự thiết kế và chỉ huy thi công của Thầy Trụ trì đời thứ năm là Thượng Tọa Thích Tâm Vị và sự đóng góp của Phật tử địa phương cùng Phật tử các nơi, Chùa đã được xây dựng lại toàn bộ như ngày nay.\nCông trình đầu tiên gây được ấn tượng với khách hành hương là Long Hoa Viên, tạc hình con rồng uốn lượn dài tới 49 m quanh tượng đài Phật Di Lạc. Vây rồng được làm bằng 12.000 vỏ chai bia, bên cạnh thân rồng có hồ nước và hòn giả sơn, có tượng Phật Di Lạc ngự trên đỉnh. \n Đến với Chùa Linh Phước, ngoài việc dâng hương lễ Phật, du khách còn được thưởng ngoạn những kiến trúc được xây dựng công phu. Trước hết phải kể đến chánh điện và Tiền đàng bảo tháp, một công trình kiến trúc đồ sộ và độc đáo: chánh điện dài 33 m, rộng 22 m; Tiền đàn bảo tháp cao 27 m được chạm trổ hình rồng. Lầu 1 có gian thờ 108 tượng \"Thiên thủ thiên nhãn\". Trong nội điện, tượng Phật Thích Ca cao 4,9 m kể cả tòa sen, được làm bằng bê-tông cốt thép, bên ngoài thiếp vàng, phía là bức phù điêu cảnh Bồ Đề Thọ rất sống động. \n Dọc hai bên chính điện là hai hàng cột rồng khảm mảnh sành tương tự như phong cách khảm tại các lăng mộ vua nhà Nguyễn. Bên trên hai hàng cột ấy là những bức phù điêu khảm sành mô tả lịch sử Đức Phật Thích Ca từ giáng sinh đến nhập niết bàn. Hai bên vách chánh điện từ ngoài thẳng vào trong phần dưới khảm chai đà trông giống như đóng lam-ri bằng cây trúc. Phía trên điêu khắc những bức tranh về những điển tích kinh A-di-đà, Quán Vô Lượng Thọ và kinh Pháp Hoa. Phía sau Tổ đường thờ Tổ Bồ-đề-đạt-ma, bức phù điêu Thập bát La Hán và Thập mục Ngưu đồ, tất cả đều có vẻ đẹp hoành tráng làm du khách phải kinh ngạc. \n Trước Long Hoa Viên là tòa Linh tháp 7 tầng, cao 37 m (được xem là tháp chuông cao nhất Việt Nam hiện nay được Vietbooks xác lập số 528/KLVN/2008 vào ngày 05/05/2008) đây là nơi thờ các tôn tượng Phật quý và cũng là bảo tàng viện. Lầu 1 còn có Đại hồng chung (đúc vào cuối năm Kỷ Mão 1999), Chuông cao 4,3 m, đường kính 2,3 m và nặng tới 8,5 tấn. Việc đúc chuông có sự đóng góp vật lực, tài lực của Phật tử, du khách từ Bắc chí Nam, trong nước và ngoài nước.. Một nhóm nghệ nhân Huế đã có 3 đời đúc chông được mời đến đã dành ra hơn một năm để tạo khuôn, đúc và chạm khắc những hình ảnh trên chuông, bao gồm các ngôi chùa nổi tiếng của nước ta, tượng Phật nghìn mắt nghìn tay, các thắng cảnh… Toàn bộ ngôi Tháp trang trí rồng phượng hoa văn điển tích tứ thời, tứ quý, bát âm, bát bửu … từ mái đến vách trong ngoài lancan, cột cửa đều khảm sành rất công phu. Mua hàng trăm tấn miểng sành sứ từ Bát Tràng Hà Nội, Tp. Hồ Chí Minh, tỉnh Song Bé, Bình Dương về tôn tạo chùa và bảo tháp. \n Trước sân chùa còn có Bảo đài Quan Thế âm Bồ Tát tạo dáng rất hài hòa cân đối. sau đài Quan Âm là bãi đậu xe rộng rải cho khách hành hương về tham quan lễ bái. \n Bên phải chùa là khu vực nội viện. Ngôi nhà Tăng là nơi sinh hoạt của chư Tăng. Nhà tăng gồm 3 tầng, trên cùng là Tịnh Đường và ao sen bán nguyệt. Tầng giữa và tầng trệt là các phòng cho Tăng chúng. Chính giữa nhà là phòng khách lớn và thư viện của chùa. Trước sân nhà Tăng là tháp mộ của Hòa Thượng Thượng Quang hạ Lý và hoa viên tươi mát cùng bức phù điêu sơn thủy sống động. \n Chùa Linh Phước là một trong những danh thắng nổi tiếng của Thành phố Đà Lạt, là công trình kiến trúc khảm sành đặc sắc, đậm đà bản sắc Á Đông. Hằng năm thường xuyên đón tiếp du khách từ khắp nơi trong và ngoài nước đến lễ bái và tham quan công trình khảm sành độc đáo này. \n','',1),(41,6,'Thiền Viện Trúc Lâm',' Thiền viện Trúc Lâm Đà Lạt nằm trên núi Phụng Hoàng nhìn ra Hồ Tuyền Lâm xanh ngắt tuyệt đẹp. Đây là một trong những địa điểm du lịch Đà Lạt có số lượng khách tới tham quan nhiều nhất.\nThiền viện Trúc Lâm được xây dựng vào ngày 8/4/ 1993 và đến ngày 8/2/1994 thì hoàn thành và bắt đầu khóa thiền đầu tiên. Người thiết kế là ông Vũ Xuân Hùng và Trần Đức Lộc và kiến trúc sư rất nổi tiếng thời đó là Ngô Viết Thụ - người đã thiết kế ra Dinh Độc Lập ở thành phố Hồ Chí Minh.\nTrong thiền viện thì được chia ra làm 4 khu vực chính đó là :\n•	Khu tịnh thất hòa thượng\n•	Hòa thượng viện trưởng\n•	Khu vực ngoại viện\n•	Khu nội viện tăng và nội viện ni\nNếu du khách đang du ngoạn Hồ Tuyền Lâm có thể đi bộ lên một con dốc có 140 bậc bằng đá đi qua tất cả ba cổng tam quan để đi vào tham quan chánh điện.\nChánh điện của Thiền Viện Trúc Lâm có diện tích 192 m2 bên trong thờ đức Phật Bổn Sư Ca Thích Mâu Ni cao 2 m tay phải ngài cầm cành hoa sen đưa lên theo điển tích \"Liên Hoa Vi Tiếu\" của nhà Phật. Nhìn bức tượng phật này chắc chắn du khách sẽ liên tưởng tới bức tượng khổng lồ ở Thiền Viện Vạn Hạnh. \nở phía trên chánh điện có các bức phù điêu chạm khắc tinh sảo về 8 tướng thị hiện của Đức Phật. Bên trái của Đức Phật Thích Ca Mâu Ni còn có tượng Bồ Tát Phổ Hiền cưỡi voi trắng 6 ngà còn bên phải là tượng Bồ Tát Văn Thù cưỡi Sư tử.\nBên ngoài chánh điện là lầu trống và lầu chuông, bên trong lầu chuông là quả đại hồng chung nặng 1,1 tấn có khắc những bài kệ có ý nghĩa đạo lý rất cao.\nRời chánh điện đi ra khu vực vườn hoa có rất nhiều các loại hoa đẹp như cẩm tú cầu, xác pháo.... và một giàn hoa móng cọp tuyệt đẹp rất được du khách thích thú chụp hình làm kỷ niệm. Rời vườn hoa du khách đi xuống phía dưới là Hồ Tĩnh Tâm, nuôi rất nhiều loại rùa cảnh, nước luôn trong xanh quanh năm xung quanh có rất nhiều ghế đá và chòi để du khách nghỉ ngơi. ','',1),(42,6,'Thác Datanla',' Giữa những vách đá sừng sững cao hàng chục mét, các cánh rừng xanh thẳm vả hẻm vực sâu hun hút, thác Datanla hiện lên như một nàng tiên vừa hùng vĩ, dữ tợn như muốn cuốn trôi những người chinh phục. Ngắm thác trong tiết trời mát lành và giữa thiên nhiên bất tận cho bạn cảm giác thư thái, như rũ bỏ bớt những ưu tư muộn phiền.\nDatanla là một quần thể thác gồm 7 tầng khác nhau, có nơi nước chảy nhẹ nhàng, nơi róc rách như một dòng suối nhỏ hay chảy xiết cuồn cuộn kêu rít lên, xối xả ầm ầm từ vách đá cao xuống vực thẳm,… Tất cả đều mang lại cho bạn nhiều trải nghiệm thú vị ở mỗi tầng thác đi qua.\nNếu không muốn cuốc bộ vài trăm mét để đến thác tham quan, bạn có thể đi máng trượt để trải nghiệm cảm giác mạnh mà không phải tốn sức. Máng trượt có phần điều khiển chạy nhanh chậm, đưa bạn chạy uốn lượn qua những dải rừng xanh, vách núi hiểm trở. Một số cây cối mọc cao nhô ngọn ra quất vào người, kèm với tốc độ cao khiến ai nấy đều hoảng hốt,…\nĐể tham quan hết các tầng thác ở Datanla bằng việc đi bộ qua những cung bậc thang được xây bằng xi măng, phủ đầy rêu xanh trơn trượt, quả thật là một thách thức không nhỏ. Nó đòi hỏi bạn phải có sức khỏe, yêu thích khám phá mới lặn lội, vượt hàng trăm mét đầy cực nhọc để đến với dòng thác huyền thoại.\nHầu hết du khách đều bỏ qua những ghềnh thác này vì chúng nằm ẩn mình sâu trong vách núi và được bao phủ bởi những thảm thực vật xung quanh. Các ghềnh thác nhỏ này mang trong mình vẻ đẹp giấu kín của một nàng thiếu nữ còn say giấc nồng, chỉ dám thổ lộ với người dân bằng những dải nước chảy mềm mại, thướt tha.\nVực cao hàng trăm mét, hai bên là những vách đá cao ngút ngàn, dưới là vực sâu thăm thẳm với những thảm thực vật xanh tươi tốt phủ kín. Phía trên là dòng thác hung tàn như cơn thịnh nộ trút nước lớn xuống ầm ầm. Vì địa hình đặc biệt nên nhiều công ty du lịch thiết kế các tour khám phá trải nghiệm, đu dây leo trèo qua các vách đá để chinh phục dòng thác.\n','',1),(55,7,' Tả Phìn',' Cách thị trấn Sa Pa hơn 10 km về phía Đông Bắc là xã Tả Phìn với nhiều di tích hấp dẫn du khách bởi vẻ đẹp quyến rũ và ý nghĩa thiêng liêng của nó. Đó là tu viện dòng Luyện Tâm xây dựng dở dang từ năm 1942 - 1944, đến nay vẫn là một công trình kiến trúc đồ sộ giữa vùng núi cao. Đó là miếu thờ người có công khai khẩn lập nên Tả Phìn, nơi mùa xuân có các nghi thức tưởng nhớ, nghi lễ ăn thề cố kết cộng đồng. đó là hợp tác xã thổ cẩm với kỹ thuật dệt truyền thống điêu luyện của dân tộc Mông và Dao, bên cạnh việc sản xuất ra mặt hàng thổ cẩm đẹp và nổi tiếng bán trong và ngoài nước, dệt thổ cẩm còn tạo ra sự chú ý tìm hiểu của du khách.\nNếu bạn đến Tả Phìn mà quên vào thăm hang động Tả Phìn sẽ thật là thiếu sót. Động Tả Phìn huyền ảo đi sâu vào trong lòng núi, đường vào quanh co, gập ghềnh, bên trong động có rất nhiều nhũ đá hình thù kỳ thú như: hình tiên múa, tiên tắm, đoàn tiên ngồi, thiếu phụ bồng con, mâm xôi khổng lồ với những mảng nham thạch xù xì phớt trắng, tựa như những mảnh san hô bám viền xung quanh, những dãy cột nhà trắng mịn buông từ trên nóc xuống, đan thành đăng ten uốn lượn, nhấp nhô, long lanh màu ngọc bích. Những giọt nước từ đỉnh thấm dần rồi đọng lại nơi chóp nhữ đá, thánh thót nhỏ giọt như điểm từng nhịp trong không gian mờ ảo... Tất cả tạo nên một Tả Phìn, nơi được xác định là một trong những điểm du lịch của Sa Pa, đang được chú trọng đầu tư, hứa hẹn mang lại cho khách thăm quan nhiều điều mới lạ.\n','',1),(56,7,' Tả Van',' Tả Van là một xã của thung lũng Mường Hoa, nằm ở phía Nam, cách thị trấn Sa Pa khoảng 8 km, Tả Van có nghĩa là \"đường quành lớn\", tựa như đường vành thúng, đường chân kiềng. Cánh đồng bậc thang mênh mông với thế \"đường quành\" là một thắng cảnh và là một điều kỳ lạ của Tả Van. Khu rừng thông cổ thụ Séo Mí Tỉ cách trung tâm hơn nửa ngày đường leo dốc cũng là một điểm du lịch sinh thái kỳ thú và mát mẻ nữa của Tả Van. Tả Van trở thành điểm du lịch không thể thiếu trong những hành trình dã ngoại sinh thái của du khách khi đến với Sa Pa.\n','',1),(57,7,' Bãi đá cổ',' Nhắc đến Sa Pa kông thể không nhắc đến bãi đá cổ ở thung lũng Mường Hoa, nơi có những cuốn \"sách trời\" vĩ đại. diện tích của bãi đá cỗ khoảng 8 km2, gồm 200 hòn đá lớn nhỏ nằm rải rác dọc theo thung lũng Mường Hoa và gối mình lên 3 xã Lao Chải, Tả Van, Hầu Thào. Bãi đá cổ này được nhà Đông Phương học người Pháp gốc Nga là Victo Goloubev phát hiện vào năm 1925. Các nhà khoa học đã tìm thấy 159 tảng đá có hình khắc, đó cũng là những bia đá cổ nhất ở Việt Nam hiện nay.\nNhững dòng chữ lạ, hình ảnh bản đồ dư địa chí, sơ đồ chiến trận khắc trên đá đều là dấu ấn của người xưa chưa được giải mã. Nhưng theo các nhà khoa học, bãi đá cổ là một kho sách khổng lồ chứa đựng những kiến thức, quan niệm của người xưa về thiên nhiên, miêu tả đời sống sinh hoạt của cộng đồng. Còn truyền thuyết dân gian lại cho rằng đây là những giao ước, văn tự của một nền văn minh xưa.\nVới tầm quan trọng của những chứng tích về sự phát triển của con người, năm 1994, bãi đá cổ được công nhận là di tích lịch sử - văn hoá quốc gia, được đưa vào danh mục bảo vệ, giữ gìn. Bãi đá cổ hiện đang được Việt Nam đề nghị UNESCO xếp hạng di sản văn hoá thế giới.\n','',1),(58,7,' Núi Hàm Rồng',' Qua Mường Tiên, tới Sa Pa, ngước lên xa xa giữa làn mây trắng mờ ảo du khách sẻ thấy mỏm đá nhô cao tựa như đầu rồng. Đó chính là thắng cảnh núi Hàm Rồng co diện tích 100 ha. Tên núi Hàm Rồng xuất xứ từ sự tích: thủa hồng hoang, có đôi rồng đang mải mê quấn quýt bên nhau khi cơn đại hồng thuỷ đang ào ạt dâng sóng mà vẫn không hay. Đến khi choàng tỉnh, hốt hoảng rời nhau, rồi quẩy mình lên nhưng không kịp. Tức thì mỗi con rời ra một nơi, đến bây giờ rồng nàng tuy hoá đá nhưng bản năng sinh tồn vẫn còn mảnh liệt, vẫn cố ngước nhìn theo rồng chàng bên phía Hoàng Liên phía trời Tây.\nDu khách đến Sa Pa không thể không leo núi Hàm Rồng để tận hưởng bầu không khí mát mẻ và ngắm nhìn cảnh quan tươi đẹp ở nơi đây như: sân mây vườn đá, vườn cây, vườn cây thuốc, đặc biệt là vườn cây lan trăm nghìn vạn sắc và những ngôi nhà sàn độc đáo của đồng bào dân tộc. Một rừng đá hình thù giống những móng vút và lông vây của rồng hiện ra trước mắt, bước tới ta ngỡ như lạc vào chốn bồng lai tiên cảnh. Cứ lần theo vách đá là thấy đường lên cổng trời một và hai. Lên đến cổng trời đứng trên mỏm đá bạn tha hồ thả mắt ngắm cảnh thiên nhiên kỳ thú xung quanh, phóng tầm mắt ra xa bạn sẻ tận hưởng vẻ thơ mộng của thị xã Sa Pa ẩn hiện trên đồi mây.\nDu lịch núi Hàm Rồng sẻ giúp bạn thư giản đầu óc, quên đi buồn phiền, lấy lại sức khoẻ để tiếp tục những cuộc hành trình mới đầy thú vị.\n','',1),(59,7,' Thác bạc',' Thác bạc nằm cách thị trấn Sa Pa 13 km về phía tây. Thác Bạc được tạo bởi nhiều \"động mạch\" từ đỉnh Lồ Súi Tổng. quan sát từ xa, Thác Bạc giống như con rồng trắng đang nhìn từ trên trời xuống. Trong tư thế rơi tự do, thác bạc khổng lồ làm bốc và bay hơi nước bàng bạc lan toả trong không gian tạo cảm giác vừa dịu mát vừa lành lạnh.\n','',1),(60,7,' Chợ Sa Pa\n',' Chợ không chỉ là nơi thông thương hàng hóa mà còn là ngày hội của 18 đơn vị hành chính của huyện. Chợ họp tại thị trấn Sa Pa từ 6h sáng tới quá trưa thì vắng dần. Chợ thường rất đông và kết thúc muộn hơn vào ngày chủ nhật hoặc những ngày giáp Tết.\nSau một tuần lao động sản xuất, chủ nhật là ngày bà con các dân tộc Sa Pa xuống chợ mua bán hàng hoá. Để có thể bắt đấu buổi chợ đúng giờ, đồng bào ở xa thường đi từ ngày thứ 7. Và để rút ngắn khoảng cách đêm - ngày, họ cùng nhau thức, cùng nhau hát những bài dân ca của dân tộc mình. Họ dùng đàn môi, sáo, khèn và những bát rượu đầy để thể hiện tình cảm. Về hình thức, đêm thứ 7 tại chợ Sa Pa(sau này chúng ta quen gọi là \"chợ tình\") giống như đêm hát Trống quân vùng đồng bằng hay hát quan họ Bắc Ninh. Về nội dung \"chợ tình\" chỉ dừng lại là một buổi tối giao duyên truyền thống kéo dài tới 21h mà thôi. Tuy nhiên, nếu đôi trai gái ưng nhau thì sau đó họ sẻ hẹn ước và trở thành vợ chồng.\n','',1),(61,7,' Bản Cát Cát',' Bản Cát Cát hình thành từ thế kỷ 19, nằm cách trung tâm thị trấn Sa Pa 2km, các hộ gia đình ở đây chủ yếu là người Mông, cư trú dựa vào sườn núi, cách nhau chừng vài chục mét. Họ trồng lúa trên ruộng bậc thang, trồng ngô trên núi theo phương pháp canh tác thủ công. Hiện nay, những di sản làng Cát Cát còn lưu giữ được điển hình là kiểu kiến trúc nhà ba gian lợp ván gỗ pơ mu và nhiều nghề thủ công truyền thống thực sự hấp dẫn khách du lịch như nghề trồng bông và lanh, dệt vải, nghề chế tác đồ trang sức. Qua khung dệt, người Mông tạo nên những tấm thổ cẩm nhiều màu sắc hoa văn mô phỏng cây, lá, hoa, muông thú, gắn liền với công đoạn dệt vải bông, vải lanh khâu nhuộm màu và in thêu hoa văn, phổ biến là kỹ thuật nhuộm chàm, nhuộm nước tro thảo mộc và cây lá rừng. Vải nhuộm xong còn được đánh bóng bằng cách lăn vải với khúc gỗ tròn trên phiến đá phẳng có bôi sáp ong.\n','',1),(62,7,'Test','Test landscape',NULL,1);
/*!40000 ALTER TABLE `landscape` ENABLE KEYS */;
UNLOCK TABLES;

--
-- Table structure for table `posts`
--

DROP TABLE IF EXISTS `posts`;
/*!40101 SET @saved_cs_client     = @@character_set_client */;
/*!40101 SET character_set_client = utf8 */;
CREATE TABLE `posts` (
  `idPosts` int(11) NOT NULL AUTO_INCREMENT,
  `idUser` int(11) NOT NULL,
  `idDestination` int(11) NOT NULL,
  `title` varchar(100) COLLATE utf8_unicode_ci NOT NULL,
  `context` text COLLATE utf8_unicode_ci NOT NULL,
  `state` int(1) NOT NULL,
  `datePost` datetime NOT NULL,
  PRIMARY KEY (`idPosts`),
  KEY `fk_BaiViet_1_idx` (`idUser`),
  KEY `fk_BaiViet_2_idx` (`idDestination`),
  CONSTRAINT `fk_BaiViet_1` FOREIGN KEY (`idUser`) REFERENCES `user` (`idUser`) ON DELETE CASCADE ON UPDATE CASCADE,
  CONSTRAINT `fk_BaiViet_2` FOREIGN KEY (`idDestination`) REFERENCES `destination` (`idDestination`) ON DELETE CASCADE ON UPDATE CASCADE
) ENGINE=InnoDB AUTO_INCREMENT=9 DEFAULT CHARSET=utf8 COLLATE=utf8_unicode_ci;
/*!40101 SET character_set_client = @saved_cs_client */;

--
-- Dumping data for table `posts`
--

LOCK TABLES `posts` WRITE;
/*!40000 ALTER TABLE `posts` DISABLE KEYS */;
INSERT INTO `posts` VALUES (1,1,1,'Hà N?i M?t Bi?n Tr?i Yêu Th??ng',' Hà N?i ??p và bình d?, ?áng yêu và m? màng, gi?ng nh? m?t th? tình yêu không d? ?? g?i tên, ch? bi?t ng?m nhìn, trân tr?ng và nâng niu.Có nh?ng s?m Hà N?i còn m? màng chìm trong gi?c ng?, ng??i ?i ngoài ???ng ?ánh th?c nhau v?i nh?ng thanh âm vui tai l? m?t. Có nh?ng bu?i tr?a n?ng vàng óng ?, len mình khe kh? qua ô c?a s? nh?ng mái nhà n?m san sát bên nhau. R?i nh?ng bu?i chi?u tà, ánh hoàng hôn nhu?m ?? ven h? Tây, trai gái v?n th??ng tâm tình bên nhau nhi?u h?n m?t chút. ',-1,'2015-10-21 00:00:00'),(2,1,2,'Hu? M?t K? Ngh? H?nh Phúc','Sáng nay, ti?t tr?i th?t êm d?u, tr?i r?ng t?m m?t m?t kho?ng không gian bao la, lên boong tàu h?ng gió, quang c?nh thôn quê c?a t? h?u ng?n H??ng giang sao mà ??n s?, m?c m?c, thân th??ng ??n nao lòng. Thuy?n l??t qua cánh ??ng lúa v?a g?t xong còn tr? g?c r?, bóng nh?ng chú trâu ?en trùi tr?i nh?n nha nhai c? trên ??ng. Trên cao, nh?ng c?m mây tr?ng nh? bông trên màn tr?i xanh th?m. Ch?p ch?i, bóng ?àn cò tr?ng bay v? ??ng mò tép r?i ??ng yên nhìn tr?i. Bên b?n sông, nh?ng hình ?nh sinh ho?t nh? câu cá, gi?t gi?, gánh rau ?i trên con ???ng xanh mát c?a bóng tre, th?p thoáng mái ?ình c?, tháp chuông nhà th? và c? khu m? m? v?i nh?ng ki?n trúc ??m ch?t Hu? nh? bông sen, mái ?ình… ??u làm nh?ng l? khách ???ng xa ch?p hình không chán. Nh?n nha, thuy?n ghé b?n chùa Thiên M?, ?i?n Hòn Chén, chúng tôi lên b? vãn c?nh các di tích, cùng th?p h??ng kính vi?ng các vong linh vua chúa ?ang yên ngh? trên m?nh ??t th?n kinh. Trong không gian hanh hao, thi tho?ng m?t l?i c?u nguy?n thì thào hòa trong mùi tr?m tho?ng bay. T?t c? t?o nên m?t v? tôn nghiêm tr?m m?c, ??y u u?n.. Ch? tay cho tôi xem núi Ng? Bình xanh mát t? xa xa, Ân - ng??i ?ón ?oàn chúng tôi chia s? v?i gi?ng h?i ti?c nu?i: “Do vài ngày tr??c m?a to, dòng H??ng giang h?ng l? trên núi ?? v? nên n??c không còn trong n?a. Nh?ng nh? v?y, cây c?i có dáng v? ???c r?a s?ch, mát m? và xanh t??i h?n”. Trên b?, con ph? Lê L?i n?i ti?ng v?i hàng c? th? xanh cùng các ?i?m ngh? d??ng duyên dáng khoe hình ?nh mình cùng không gian c? kính. Hình nh?, m?i v?t ? ??y ??u tr?m l?ng, im lìm ??a ?ón nh?ng vòng xe và b??c chân ng??i ??i l?c ??n ch?n ?ây. C?n k? ?ó, nh?p nhô mái ngói c?a khu nhà r??ng t?a l?c sát b? sông, bên c?u Tr??ng Ti?n - Phú Xuân. Th?p thoáng trên ???ng, bóng các du khách th? b? d?o ch?i trong công viên, ch?p hình l?u ni?m t?i khu công viên t??ng ho?c khoác vai nhau ng?m kinh thành Hu? m? màng bên dòng sông huy?n tho?i.',1,'2015-09-30 00:00:00'),(3,1,3,'Sài Gòn s?ng l?i và Sài Gòn H?i H?','Th??i gian vô?i va? trôi, con ng???i tâ?p nâ?p v??i tr?m công nga?n viê?c. ?o? la? thê? ky? công nghiê?p ho?a, hiê?n ?a?i ho?a. ?a? bao gi?? ba?n th?? sô?ng châ?m la?i, suy nghi? kha?c mô?t chu?t va? ca?m nhâ?n thê? gi??i xung quanh, ???c biê?t la? n?i Sa?i Go?n nhô?n nhi?p.',-1,'2016-04-19 00:00:00'),(4,1,4,'C?n Th? Mãi không quên','Ngày còn nh? tôi ???c ghé xu?ng ? ch?i t?i C?n Th? khi ngh? hè, t? ?ó tôi có nh?ng tình c?m n?ng nàn v?i t?nh C?n Th?. C?n Th? có vô vàn ?i?u ?? nói, ?? nh? l?m, nh? ng??i C?n Th?, v??n trái cây, sông n??c, ?m th?c, ??a lý thu?n l?i nh? trung tâm c?a nh?ng tuy?n giao thông di chuy?n kh?p mi?n Tây, tôi nghe ng??i ta còn g?i C?n Th? là Tây ?ô. Ng?m ngh? l?i không sai ?âu cho cái tên ?? g?i này. Trong bài này tôi m?i ch? Mindy Hà ti?p tay cho ý ki?n v? Tây ?ô. Ng??i khác tôi h?i chuy?n v? C?n Th? là ng??i bác ru?t c?a tôi. Vì ??u th?p niên 60, ông nhi?m ch?c t?i t?nh C?n th?. Sau ?ây, tôi xin ???c ghi nh?n nh?ng ?i?u v? vùng ??t Tây ?ô hay C?n Th? trong s? m?n yêu c?a tôi.',1,'2016-02-15 00:00:00'),(5,1,5,'Bãi ?ính ??p Mãi Trong Lòng','Tôi ??n chùa Bái ?ính không ph?i vì hi?u k?, c?ng không ph?i n?i ?ây n?i ti?ng v?i nh?ng k? l?c ??n Chùa Vi?t Nam, tôi ??n n?i ?ây ch? ?? tìm ki?m s? thanh t?nh trong tâm h?n. Trong trí t??ng t??ng c?a tôi chùa Bái ?ính là m?t ngôi chùa c?, v?i mái vòm u?n cong – n?i ki?n trúc truy?n th?ng c?a chùa Vi?t Nam, và nh?ng pho t??ng … Nh?ng khi ??n th?m chùa, tôi th?c s? b? choáng ng?p tr??c không gian r?ng l?n c?a qu?n th? chùa n?i ?ây, n?i ???c coi là khu tâm linh l?n nh?t Vi?t Nam. Tôi ??n th?m chùa Bái ?ính vào m?t ngày bình th??ng, không ph?i vào mùa l? h?i nh?ng c?ng không ít khách du l?ch t?i ?ây tham quan.  C?ng gi?ng nh? các ngôi chùa n?i ti?ng khác ? Vi?t Nam, chùa Bái ?ính n?m trên ??nh c?a m?t vùng r?ng núi khá yên t?nh, không khí d? ch?u và thanh t?nh.',-1,'2016-06-23 00:00:00'),(6,1,6,'?à L?t Tình Yêu','     Nói v? các ??a danh tôi ?ã ?i qua trên c? nu?c thì ?à L?t là m?t n?i ?ã ?? l?i trong tôi nhi?u ?n tu?ng nh?t. T? con ng??i cho ??n khung c?nh và ??c bi?t nh?t v?n là khí h?u n?i ?ây.Không ?âu nh? ? ?à l?t, thiên nhiên ?ã ?u ?ãi quá nhi?u k? c? khí h?u l?n c?nh quan. Nh?ng ai ?ã t?ng ??n n?i ?ây m?t l?n s? c?m nh?n ???c không khí mát lành nh? th? nào, sáng s?m th?c d?y b??c ra ngoài b?n có c?m t??ng nh? mình v?a r?i kh?i ch?n êm n?m ?m thì ai ?ó ?ã qu?ng mình r?i vào trong m?t chi?c t? l?nh kh?ng l?, cái t? l?nh ?ó không t?i t?m nh? nh?ng ?i?u bình thu?ng mà nó mang m?t c?m giác v?a l? v?a s?ng khoái. Hít m?t b?u không khí no c?ng l?ng ng?c b?n s? th?y ngày hôm nay sao ??p m?t cách l? lùng. Cái h?i l?nh bu?i sáng mang ??n cho b?n m?t s? tinh khi?t, tinh khi?t ??n thanh cao và bình d?. N?u ?ã l?nh không thì ch?a ?? vì cái l?nh ??n ? m?t n?i hoang s? và h?o lánh, m?t n?i không có s? s?ng c?a con ng??i và th?c v?t thì cái l?nh ?ó ch? g?i lên m?t hình ?nh ??m trong m?t không khí bu?n t? cô liêu.   V?i ?à L?t n?u nh?ng bu?? sáng s?m ho?c nh?ng khi chi?u v? mà thi?u v?ng nh?ng ng?n gió se l?nh thì c?m giác trong ta s? h?t h?ng không t? ?u?c, cái l?nh mát r??i ?y ?ã làm t?ng thêm nét duyên dáng th??t tha c?a các cô gái, nhìn h? c??i v?i nét m?t r?ng ng?i trong khung c?nh thanh bình m?i th?y h?t ???c s? quy?n r? ?u?c hòa h?p gi?a con ng??i và thiên nhiên. Làn da tr?ng và nh?ng ?ôi má hây hây h?ng ?i trong s??ng khói ?à L?t làm ta có c?m giác nh? mình ?ang l?c vào trong ch?n th?n tiên.     M?t ?à L?t mà ngày x?a nh?ng chàng trai cô gái tu?i ?ôi m??i v?i s?c kh?e tràn tr? c?ng ph?i luôn mang trên mình nh?ng b? qu?n áo ?m và xuýt xoa trong cái l?nh khi ?i bên nhau, trong cái giá l?nh nh?ng lúc ?ó h? c?m th?y th?t g?n nhau và thiên nhiên hình nh? c?ng hi?u ???c tình yêu c?a h? nên ?ã mang h? ??n g?n nhau h?n trong cái không khí l?nh êm ??m ?ó. Gi? ?ây thì! còn ?âu n?a, các c? già có tu?i v?n có th? không c?n nh?ng áo ?m nh? x?a và nh?ng bu?i chi?u ng?i bên H? Xuân Hu?ng nhìn dòng n??c trôi mà ng?m ngùi nh? v? m?t ngày x?a ?ó…! m?t k? ni?m mà ch? có nh?ng ng??i s?ng lâu n?m ? vùng ??t này m?i th?y th?m thía khi nó ?ã không còn.',0,'2014-02-12 00:00:00'),(7,1,7,'Sapa Tôi ??n ?ây','Em nh? c?m giác h?i h?p lúc ch? anh ? b?n xe buýt, lúc c? hai v?i vàng ch?y lên xe hay lúc anh n?m tay em b??c vào ga. ?oàn tàu xình x?ch l?n bánh c?ng là lúc bao nhiêu suy ngh?, b?n b? c?a công vi?c, h?c t?p ???c gác l?i m?t bên. Em th?m nh?c nh? mình hãy t?m quên ?i ?ã, h?nh phúc trôi qua nhanh l?m và k? ni?m s? l?i ???c ??t tên. Vì quy?t ??nh nhanh nên em không mua ???c vé t?t, ?i?u ?ó có l? lúc ??u ?ã làm chuy?n ?i không ???c vui. Em ch? tr?c khóc khi anh nhét hai t?m vé vào tay em r?i b?o: \"Em quy?t ??nh ??y, c?m l?y\".Sapa ?úng là thành ph? c?a s??ng mù. S??ng mù nhi?u ??n n?i ch? ??ng cách m?t ?o?n là anh và em ?ã ch?ng còn nhìn rõ m?t nhau, s??ng bao quanh mình b?ng b?nh, dày ??c, có l? s??ng ?ã làm cho Sapa thêm lãng m?n, k? thú và cu?n hút. Trong su?t nh?ng n?i mình ?ã ?i, có l? Hàm R?ng là n?i ??p nh?t, thích thú nh?t. Hàm R?ng trong m?t lúc mà có t?i 4 mùa, l?nh nh? mùa ?ông, l?i b?t ch?t nóng nh? mùa hè, bao nhiêu là hoa khoe s?c, tô ?i?m cho mùa xuân và mùa thu khi t? nhiên tr?i mát d?u. Gió, mây, s??ng k?t h?p cùng nhau t?o cho Hàm R?ng thành b?c tranh v? khung c?nh.',0,'2016-05-23 00:00:00'),(8,5,1,'Test posts','test posts context',-1,'2016-11-20 23:39:19');
/*!40000 ALTER TABLE `posts` ENABLE KEYS */;
UNLOCK TABLES;

--
-- Table structure for table `rankingfestival`
--

DROP TABLE IF EXISTS `rankingfestival`;
/*!40101 SET @saved_cs_client     = @@character_set_client */;
/*!40101 SET character_set_client = utf8 */;
CREATE TABLE `rankingfestival` (
  `idFestival` int(11) NOT NULL,
  `idUser` int(11) NOT NULL,
  `rank` int(11) NOT NULL,
  PRIMARY KEY (`idFestival`,`idUser`),
  KEY `fk_DanhGiaLeHoi_2_idx` (`idUser`),
  CONSTRAINT `fk_DanhGiaLeHoi_1` FOREIGN KEY (`idFestival`) REFERENCES `festival` (`idFestival`) ON DELETE CASCADE ON UPDATE CASCADE,
  CONSTRAINT `fk_DanhGiaLeHoi_2` FOREIGN KEY (`idUser`) REFERENCES `user` (`idUser`) ON DELETE CASCADE ON UPDATE CASCADE
) ENGINE=InnoDB DEFAULT CHARSET=utf8 COLLATE=utf8_unicode_ci;
/*!40101 SET character_set_client = @saved_cs_client */;

--
-- Dumping data for table `rankingfestival`
--

LOCK TABLES `rankingfestival` WRITE;
/*!40000 ALTER TABLE `rankingfestival` DISABLE KEYS */;
INSERT INTO `rankingfestival` VALUES (1,1,4),(1,2,5),(1,3,4),(2,4,4),(2,5,5),(3,1,4),(4,1,5),(5,1,4),(6,1,5),(7,1,4),(8,1,5),(47,1,4),(48,1,3);
/*!40000 ALTER TABLE `rankingfestival` ENABLE KEYS */;
UNLOCK TABLES;

--
-- Table structure for table `rankinglandscape`
--

DROP TABLE IF EXISTS `rankinglandscape`;
/*!40101 SET @saved_cs_client     = @@character_set_client */;
/*!40101 SET character_set_client = utf8 */;
CREATE TABLE `rankinglandscape` (
  `idLandscape` int(11) NOT NULL,
  `idUser` int(11) NOT NULL,
  `rank` int(11) NOT NULL,
  PRIMARY KEY (`idLandscape`,`idUser`),
  KEY `fk_DanhGiaThangCanh_2_idx` (`idUser`),
  CONSTRAINT `fk_DanhGiaThangCanh_1` FOREIGN KEY (`idLandscape`) REFERENCES `landscape` (`idLandscape`) ON DELETE CASCADE ON UPDATE CASCADE,
  CONSTRAINT `fk_DanhGiaThangCanh_2` FOREIGN KEY (`idUser`) REFERENCES `user` (`idUser`) ON DELETE CASCADE ON UPDATE CASCADE
) ENGINE=InnoDB DEFAULT CHARSET=utf8 COLLATE=utf8_unicode_ci;
/*!40101 SET character_set_client = @saved_cs_client */;

--
-- Dumping data for table `rankinglandscape`
--

LOCK TABLES `rankinglandscape` WRITE;
/*!40000 ALTER TABLE `rankinglandscape` DISABLE KEYS */;
INSERT INTO `rankinglandscape` VALUES (1,1,4),(1,5,2),(2,1,5),(2,2,4),(2,3,4),(3,1,5),(4,1,5),(5,1,5),(6,1,3),(7,1,2),(8,1,3),(62,5,4);
/*!40000 ALTER TABLE `rankinglandscape` ENABLE KEYS */;
UNLOCK TABLES;

--
-- Table structure for table `rankingposts`
--

DROP TABLE IF EXISTS `rankingposts`;
/*!40101 SET @saved_cs_client     = @@character_set_client */;
/*!40101 SET character_set_client = utf8 */;
CREATE TABLE `rankingposts` (
  `idPosts` int(11) NOT NULL,
  `idUser` int(11) NOT NULL,
  `rank` int(11) NOT NULL,
  PRIMARY KEY (`idPosts`,`idUser`),
  KEY `fk_DanhGiaBaiViet_2_idx` (`idUser`),
  CONSTRAINT `fk_DanhGiaBaiViet_1` FOREIGN KEY (`idPosts`) REFERENCES `posts` (`idPosts`) ON DELETE CASCADE ON UPDATE CASCADE,
  CONSTRAINT `fk_DanhGiaBaiViet_2` FOREIGN KEY (`idUser`) REFERENCES `user` (`idUser`) ON DELETE CASCADE ON UPDATE CASCADE
) ENGINE=InnoDB DEFAULT CHARSET=utf8 COLLATE=utf8_unicode_ci;
/*!40101 SET character_set_client = @saved_cs_client */;

--
-- Dumping data for table `rankingposts`
--

LOCK TABLES `rankingposts` WRITE;
/*!40000 ALTER TABLE `rankingposts` DISABLE KEYS */;
INSERT INTO `rankingposts` VALUES (1,1,5),(1,2,2),(1,3,1),(2,1,5),(3,1,5),(4,1,5),(5,2,3),(6,4,4),(7,1,5),(7,3,2),(8,5,4);
/*!40000 ALTER TABLE `rankingposts` ENABLE KEYS */;
UNLOCK TABLES;

--
-- Table structure for table `user`
--

DROP TABLE IF EXISTS `user`;
/*!40101 SET @saved_cs_client     = @@character_set_client */;
/*!40101 SET character_set_client = utf8 */;
CREATE TABLE `user` (
  `idUser` int(11) NOT NULL AUTO_INCREMENT,
  `fullname` varchar(50) COLLATE utf8_unicode_ci NOT NULL,
  `username` varchar(45) COLLATE utf8_unicode_ci NOT NULL,
  `password` varchar(45) COLLATE utf8_unicode_ci NOT NULL,
  `email` varchar(45) COLLATE utf8_unicode_ci NOT NULL,
  `state` int(1) NOT NULL,
  `profile` varchar(100) COLLATE utf8_unicode_ci DEFAULT NULL,
  `typeUser` int(1) NOT NULL,
  PRIMARY KEY (`idUser`),
  UNIQUE KEY `email_UNIQUE` (`email`),
  UNIQUE KEY `username_UNIQUE` (`username`)
) ENGINE=InnoDB AUTO_INCREMENT=6 DEFAULT CHARSET=utf8 COLLATE=utf8_unicode_ci;
/*!40101 SET character_set_client = @saved_cs_client */;

--
-- Dumping data for table `user`
--

LOCK TABLES `user` WRITE;
/*!40000 ALTER TABLE `user` DISABLE KEYS */;
INSERT INTO `user` VALUES (1,'Hoàng Thế Hà','hoangha','12345','hoangtheha.95@gmail.com',1,NULL,1),(2,'Vũ Minh Đức','ducvu','123456','duc@gmail.com',1,NULL,1),(3,'Nguyễn Thị Phương Hằng','hangnt','123456','hang@gmail.com',1,'',1),(4,'Nguyễn Văn Đức','ducnv','123456','ducnv@gmail.com',1,NULL,1),(5,'Trần Thị Hồng Giang','giangtth','123456','giang@gmail.com',1,NULL,1);
/*!40000 ALTER TABLE `user` ENABLE KEYS */;
UNLOCK TABLES;
/*!40103 SET TIME_ZONE=@OLD_TIME_ZONE */;

/*!40101 SET SQL_MODE=@OLD_SQL_MODE */;
/*!40014 SET FOREIGN_KEY_CHECKS=@OLD_FOREIGN_KEY_CHECKS */;
/*!40014 SET UNIQUE_CHECKS=@OLD_UNIQUE_CHECKS */;
/*!40101 SET CHARACTER_SET_CLIENT=@OLD_CHARACTER_SET_CLIENT */;
/*!40101 SET CHARACTER_SET_RESULTS=@OLD_CHARACTER_SET_RESULTS */;
/*!40101 SET COLLATION_CONNECTION=@OLD_COLLATION_CONNECTION */;
/*!40111 SET SQL_NOTES=@OLD_SQL_NOTES */;

-- Dump completed on 2016-12-09 23:53:50
