CREATE DATABASE  IF NOT EXISTS `travel` /*!40100 DEFAULT CHARACTER SET latin1 */;
USE `travel`;
-- MySQL dump 10.13  Distrib 5.5.52, for debian-linux-gnu (x86_64)
--
-- Host: 127.0.0.1    Database: travel
-- ------------------------------------------------------
-- Server version	5.5.52-0ubuntu0.14.04.1

/*!40101 SET @OLD_CHARACTER_SET_CLIENT=@@CHARACTER_SET_CLIENT */;
/*!40101 SET @OLD_CHARACTER_SET_RESULTS=@@CHARACTER_SET_RESULTS */;
/*!40101 SET @OLD_COLLATION_CONNECTION=@@COLLATION_CONNECTION */;
/*!40101 SET NAMES utf8 */;
/*!40103 SET @OLD_TIME_ZONE=@@TIME_ZONE */;
/*!40103 SET TIME_ZONE='+00:00' */;
/*!40014 SET @OLD_UNIQUE_CHECKS=@@UNIQUE_CHECKS, UNIQUE_CHECKS=0 */;
/*!40014 SET @OLD_FOREIGN_KEY_CHECKS=@@FOREIGN_KEY_CHECKS, FOREIGN_KEY_CHECKS=0 */;
/*!40101 SET @OLD_SQL_MODE=@@SQL_MODE, SQL_MODE='NO_AUTO_VALUE_ON_ZERO' */;
/*!40111 SET @OLD_SQL_NOTES=@@SQL_NOTES, SQL_NOTES=0 */;

--
-- Table structure for table `comment`
--

DROP TABLE IF EXISTS `comment`;
/*!40101 SET @saved_cs_client     = @@character_set_client */;
/*!40101 SET character_set_client = utf8 */;
CREATE TABLE `comment` (
  `idComment` int(11) NOT NULL AUTO_INCREMENT,
  `idPosts` int(11) NOT NULL,
  `idUser` int(11) NOT NULL,
  `dateWrite` datetime NOT NULL,
  `state` int(1) NOT NULL,
  `context` text COLLATE utf8_unicode_ci NOT NULL,
  PRIMARY KEY (`idComment`),
  KEY `fk_BinhLuan_2_idx` (`idPosts`),
  KEY `fk_BinhLuan_1_idx` (`idUser`),
  CONSTRAINT `fk_BinhLuan_1` FOREIGN KEY (`idUser`) REFERENCES `user` (`idUser`) ON DELETE CASCADE ON UPDATE CASCADE,
  CONSTRAINT `fk_BinhLuan_2` FOREIGN KEY (`idPosts`) REFERENCES `posts` (`idPosts`) ON DELETE CASCADE ON UPDATE CASCADE
) ENGINE=InnoDB AUTO_INCREMENT=29 DEFAULT CHARSET=utf8 COLLATE=utf8_unicode_ci;
/*!40101 SET character_set_client = @saved_cs_client */;

--
-- Dumping data for table `comment`
--

LOCK TABLES `comment` WRITE;
/*!40000 ALTER TABLE `comment` DISABLE KEYS */;
INSERT INTO `comment` VALUES (1,6,5,'2016-11-20 23:51:56',1,'thật tuyệt vời'),(2,6,5,'2016-11-20 23:56:20',1,'thật tuyệt vời'),(3,1,5,'2016-11-20 23:56:20',1,'thật tuyệt vời'),(5,2,5,'2016-11-20 23:56:20',1,'thật tuyệt vời'),(6,3,5,'2016-11-20 23:56:20',1,'thật tuyệt vời'),(7,4,5,'2016-11-20 23:56:20',1,'thật tuyệt vời'),(8,5,5,'2016-11-20 23:56:20',1,'thật tuyệt vời'),(9,7,5,'2016-11-20 23:56:20',1,'thật tuyệt vời'),(11,2,3,'2016-12-15 11:07:50',1,'thật không thể tin nổi'),(12,2,3,'2016-12-15 11:18:37',1,'thật vi diệu'),(22,4,2,'2016-12-15 20:01:42',1,'hay'),(23,4,2,'2016-12-15 20:04:45',1,'hay ghe'),(24,4,2,'2016-12-15 20:05:18',1,'qua hay'),(25,4,2,'2016-12-15 20:06:28',1,'cung hay'),(26,4,2,'2016-12-15 20:07:48',1,'tren ca tuyet voi'),(27,4,2,'2016-12-15 20:08:52',1,'cảm ơn tác giả'),(28,4,2,'2016-12-15 20:13:17',1,'đọc đi đọc lại mà không thấy chán');
/*!40000 ALTER TABLE `comment` ENABLE KEYS */;
UNLOCK TABLES;

--
-- Table structure for table `destination`
--

DROP TABLE IF EXISTS `destination`;
/*!40101 SET @saved_cs_client     = @@character_set_client */;
/*!40101 SET character_set_client = utf8 */;
CREATE TABLE `destination` (
  `idDestination` int(11) NOT NULL AUTO_INCREMENT,
  `title` varchar(45) COLLATE utf8_unicode_ci NOT NULL,
  `nameArea` varchar(45) COLLATE utf8_unicode_ci NOT NULL,
  `discription` text COLLATE utf8_unicode_ci NOT NULL,
  `imageProfile` varchar(100) CHARACTER SET utf8 DEFAULT NULL,
  `state` int(1) NOT NULL,
  PRIMARY KEY (`idDestination`)
) ENGINE=InnoDB AUTO_INCREMENT=10 DEFAULT CHARSET=utf8 COLLATE=utf8_unicode_ci;
/*!40101 SET character_set_client = @saved_cs_client */;

--
-- Dumping data for table `destination`
--

LOCK TABLES `destination` WRITE;
/*!40000 ALTER TABLE `destination` DISABLE KEYS */;
INSERT INTO `destination` VALUES (1,'Hà Nội','Miền Bắc ','Hà Nội là thủ đô của nước Việt Nam, đồng thời cũng là một trung tâm chính trị, kinh tế, văn hóa, thương mại và du lịch quan trọng của Việt Nam.Hà Nội nằm hai bên bờ sông Hồng, ở giữa vùng Đồng bằng Bắc Bộ, tiếp giáp với các tỉnh: Thái Nguyên, Vĩnh Phúc ở phía bắc; phía nam giáp Hà Nam và Hoà Bình; phía đông giáp các tỉnh Bắc Giang, Bắc Ninh và Hưng Yên; phía tây giáp tỉnh Hoà Bình và Phú Thọ.','1',1),(2,'Huế','Miền Trung','Thừa Thiên – Huế ở vào vị trí trung độ của cả nước, nằm giữa Thủ đô Hà Nội và thành phố Hồ Chí Minh, phía Bắc giáp tỉnh Quảng Trị, phía Nam giáp thành phố Đà Nẵng, phía Tây giáp nước Cộng hoà Dân chủ Nhân dân Lào, phía Đông giáp biển Đông. Về tổ chức hành chính, Thừa Thiên – Huế có 8 huyện và thành phố Huế với 150 xã, phường, thị trấn','2',1),(3,'Sài Gòn','Miền Nam','Thành phố Hồ Chí Minh (Sài Gòn) là trung tâm kinh tế, chính trị và văn hóa lớn nhất ở miền Nam Việt Nam. Sài Gòn – TP.HCM cũng là một trung tâm du lịch lớn, với các di tích lịch sử và bảo tàng ghi lại dấu ấn thời chiến tranh chống Pháp và Mỹ. Tiêu biểu là hệ thống 11 bảo tàng trong đó nổi tiếng nhất là Bảo tàng chứng tích chiến tranh. Bên cạnh đó, các công trình kiến trúc thời thuộc địa cũng làm mãn nhãn du khách khi du lịch Sài Gòn, như Trụ sở Ủy Ban Nhân Dân Thành phố, Nhà hát lớn, Bưu điện trung tâm, Bến Nhà Rồng, Chợ Bến Thành và Dinh Độc Lập','3',1),(4,'Cần Thơ','Miền Nam','Thành phố Cần Thơ nằm trong vùng trung – hạ lưu và ở vị trí trung tâm châu thổ đồng bằng sông Cửu Long, trải dài trên 55km dọc bờ Tây sông Hậu, tổng diện tích tự nhiên 1.401,61 km2 , chiếm 3,49% diện tích toàn vùng. Phía Bắc giáp tỉnh An Giang; phía Đông giáp tỉnh Đồng Tháp và tỉnh Vĩnh Long; phía Tây giáp tỉnh Kiên Giang; phía Nam giáp tỉnh Hậu Giang','4',1),(5,' Ninh Bình','Miền Bắc ',' Ninh Bình là một tỉnh nằm ở cửa ngõ cực nam miền Bắc và khu vực đồng bằng Bắc Bộ, Việt Nam. Ninh Bình giáp với Hòa Bình, Hà Nam ở phía bắc, Nam Định ở phía đông qua sông Đáy, Thanh Hóa ở phía tây, biển (vịnh Bắc Bộ) ở phía đông nam. Trung tâm tỉnh là thành phố Ninh Bình cách thủ đô Hà Nội 93 km về phía nam','5',1),(6,'Đà Lạt','Miền Nam','Đà Lạt là một trong những thành phố du lịch nổi tiếng nhất của Việt Nam. Trong thời Pháp thuộc, tên tiếng Latin Dat Aliis Laetitiam Aliis Temperiem có nghĩa là \"cho những người này niềm vui, cho những người khác sự mát mẻ\". Đà Lạt được mệnh danh là: thành phố hoa, thành phố tình yêu, thành phố mùa xuân, thành phố sương mù','6',1),(7,'Sapa','Miền Bắc',' Nằm ở phía tây bắc của Tổ quốc, Sa Pa là một huyện vùng cao của tỉnh Lào Cai, một vùng đất khiêm nhường, lặng lẽ nhưng ẩn chứa bao điều kỳ diệu của cảnh sắc thiên nhiên. Phong cảnh thiên nhiên của Sa Pa được kết hợp với sức sáng tạo của con người cùng với địa hình của núi đồi, màu xanh của rừng, như bức tranh có sự sắp xếp theo một bố cục hài hoà tạo nên một vùng có nhiều cảnh sắc thơ mộng hấp dẫn.','7',1),(8,'Thái Nguyên ','Miền Bắc','Tỉnh Thái Nguyên, là trung tâm chính trị, kinh tế của khu Việt Bắc nói riêng, của vùng trung du miền núi đông bắc nói chung, là cửa ngõ giao lưu kinh tế xã hội giữa vùng trung du miền núi với vùng đồng bằng Bắc Bộ; phía Bắc tiếp giáp với tỉnh Bắc Kạn, phía Tây giáp với các tỉnh Vĩnh Phúc, Tuyên Quang, phía Đông giáp với các tỉnh Lạng Sơn, Bắc Giang và phía Nam tiếp giáp với thủ đô Hà Nội (cách 80 km); diện tích tự nhiên 3.562,82 km².','8',1),(9,'Kom Tum','Miền Trung','Theo truyền thuyết của dân tộc Bana, Kon Tum ban đầu chỉ là một làng của người Bana. Thuở ấy, vùng đồng bào dân tộc Bana (nay thuộc thành phố Kon Tum) có làng người địa phương ở gần bên dòng sông Đăkbla với tên gọi Kon Trang - OR. Lúc ấy, làng Kon Trang - OR rất thịnh vượng với dân số khá đông. Bấy giờ, giữa các làng luôn gây chiến với nhau để chiếm đoạt của cải và bắt người về làm nô lệ. Hai con trai của Ja Xi - một trong số những người đứng đầu làng Kon Trang - OR tên là Jơ Rông và Uông không thích cảnh chiến tranh đã làm nhà ở riêng gần chỗ có hồ nước, cạnh dòng Đăkbla. Vùng đất này rất thuận lợi cho phương thức sống định cư, nên dần dần có nhiều người đến ở, mỗi ngày một phát triển thêm đông, lập thành làng mới có tên gọi là Kon Tum. Từ đó, Kon Tum trở thành tên gọi chính thức cho một làng mới lập của người Bana, cạnh dòng Đăkbla, nơi có nhiều hồ nước trũng. Theo tiếng Kinh, Kon Tum có nghĩa là Làng Hồ (Kon là làng, Tum là hồ, ao, bàu nước,...).\n\nDo vị trí đặc biệt, Kon Tum là vùng đất bằng, được dòng Đăkbla uốn quanh bồi đắp phù sa màu mỡ. Trải qua những biến động, thăng trầm của lịch sử, vùng đất này có nhiều biến đổi, đồng bào các dân tộc tụ hội về đây ngày một đông. Người Kinh khi đến Tây Nguyên cũng chọn vùng đất Kon Tum làm nơi định cư. Từ đó, Kon Tum trở thành vùng đất cộng cư của nhiều dân tộc.\n\nPhát huy những thuận lợi về điều kiện tự nhiên với sự cần cù lao động của con người, vùng đất Kon Tum ngày càng phát triển thịnh vượng, không chỉ một làng mà nhiều làng, bao quát cả vùng đất đai rộng lớn. Vùng đất này khi thành lập thị xã cũng mang tên gọi chính thức là Kon Tum. Khi đơn vị hành chính cấp tỉnh được thành lập, Kon Tum vẫn chính thức được dùng làm tên gọi của tỉnh. Đây là vùng địa lý hành chính được hình thành sớm nhất ở Tây Nguyên.\n\n','9',1);
/*!40000 ALTER TABLE `destination` ENABLE KEYS */;
UNLOCK TABLES;

--
-- Table structure for table `favoritefestival`
--

DROP TABLE IF EXISTS `favoritefestival`;
/*!40101 SET @saved_cs_client     = @@character_set_client */;
/*!40101 SET character_set_client = utf8 */;
CREATE TABLE `favoritefestival` (
  `idFestival` int(11) NOT NULL,
  `idUser` int(11) NOT NULL,
  PRIMARY KEY (`idFestival`,`idUser`),
  KEY `fk_LeHoiYeuThich_2_idx` (`idUser`),
  CONSTRAINT `fk_LeHoiYeuThich_1` FOREIGN KEY (`idFestival`) REFERENCES `festival` (`idFestival`) ON DELETE CASCADE ON UPDATE CASCADE,
  CONSTRAINT `fk_LeHoiYeuThich_2` FOREIGN KEY (`idUser`) REFERENCES `user` (`idUser`) ON DELETE CASCADE ON UPDATE CASCADE
) ENGINE=InnoDB DEFAULT CHARSET=utf8 COLLATE=utf8_unicode_ci;
/*!40101 SET character_set_client = @saved_cs_client */;

--
-- Dumping data for table `favoritefestival`
--

LOCK TABLES `favoritefestival` WRITE;
/*!40000 ALTER TABLE `favoritefestival` DISABLE KEYS */;
INSERT INTO `favoritefestival` VALUES (47,1);
/*!40000 ALTER TABLE `favoritefestival` ENABLE KEYS */;
UNLOCK TABLES;

--
-- Table structure for table `favoritelandscape`
--

DROP TABLE IF EXISTS `favoritelandscape`;
/*!40101 SET @saved_cs_client     = @@character_set_client */;
/*!40101 SET character_set_client = utf8 */;
CREATE TABLE `favoritelandscape` (
  `idLandscape` int(11) NOT NULL,
  `idUser` int(11) NOT NULL,
  PRIMARY KEY (`idLandscape`,`idUser`),
  KEY `fk_ThangCanhYeuThich_2_idx` (`idUser`),
  CONSTRAINT `fk_ThangCanhYeuThich_1` FOREIGN KEY (`idLandscape`) REFERENCES `landscape` (`idLandscape`) ON DELETE CASCADE ON UPDATE CASCADE,
  CONSTRAINT `fk_ThangCanhYeuThich_2` FOREIGN KEY (`idUser`) REFERENCES `user` (`idUser`) ON DELETE CASCADE ON UPDATE CASCADE
) ENGINE=InnoDB DEFAULT CHARSET=utf8 COLLATE=utf8_unicode_ci;
/*!40101 SET character_set_client = @saved_cs_client */;

--
-- Dumping data for table `favoritelandscape`
--

LOCK TABLES `favoritelandscape` WRITE;
/*!40000 ALTER TABLE `favoritelandscape` DISABLE KEYS */;
/*!40000 ALTER TABLE `favoritelandscape` ENABLE KEYS */;
UNLOCK TABLES;

--
-- Table structure for table `favoriteposts`
--

DROP TABLE IF EXISTS `favoriteposts`;
/*!40101 SET @saved_cs_client     = @@character_set_client */;
/*!40101 SET character_set_client = utf8 */;
CREATE TABLE `favoriteposts` (
  `idPosts` int(11) NOT NULL,
  `idUser` int(11) NOT NULL,
  PRIMARY KEY (`idPosts`,`idUser`),
  KEY `fk_BaiVietYeuThich_2_idx` (`idUser`),
  CONSTRAINT `fk_BaiVietYeuThich_1` FOREIGN KEY (`idPosts`) REFERENCES `posts` (`idPosts`) ON DELETE NO ACTION ON UPDATE NO ACTION,
  CONSTRAINT `fk_BaiVietYeuThich_2` FOREIGN KEY (`idUser`) REFERENCES `user` (`idUser`) ON DELETE CASCADE ON UPDATE CASCADE
) ENGINE=InnoDB DEFAULT CHARSET=utf8 COLLATE=utf8_unicode_ci;
/*!40101 SET character_set_client = @saved_cs_client */;

--
-- Dumping data for table `favoriteposts`
--

LOCK TABLES `favoriteposts` WRITE;
/*!40000 ALTER TABLE `favoriteposts` DISABLE KEYS */;
INSERT INTO `favoriteposts` VALUES (2,2),(4,2),(14,2),(2,3),(4,3);
/*!40000 ALTER TABLE `favoriteposts` ENABLE KEYS */;
UNLOCK TABLES;

--
-- Table structure for table `festival`
--

DROP TABLE IF EXISTS `festival`;
/*!40101 SET @saved_cs_client     = @@character_set_client */;
/*!40101 SET character_set_client = utf8 */;
CREATE TABLE `festival` (
  `idFestival` int(11) NOT NULL AUTO_INCREMENT,
  `idDestination` int(11) NOT NULL,
  `title` varchar(45) COLLATE utf8_unicode_ci NOT NULL,
  `discription` text COLLATE utf8_unicode_ci NOT NULL,
  `imageProfile` varchar(100) CHARACTER SET utf8 DEFAULT NULL,
  `state` int(1) NOT NULL,
  PRIMARY KEY (`idFestival`),
  KEY `fk_LeHoi_1_idx` (`idDestination`),
  CONSTRAINT `fk_LeHoi_1` FOREIGN KEY (`idDestination`) REFERENCES `destination` (`idDestination`) ON DELETE CASCADE ON UPDATE CASCADE
) ENGINE=InnoDB AUTO_INCREMENT=61 DEFAULT CHARSET=utf8 COLLATE=utf8_unicode_ci;
/*!40101 SET character_set_client = @saved_cs_client */;

--
-- Dumping data for table `festival`
--

LOCK TABLES `festival` WRITE;
/*!40000 ALTER TABLE `festival` DISABLE KEYS */;
INSERT INTO `festival` VALUES (1,1,' Lễ hội đình và đền Kim Liên',' Địa điểm:  Làng Kim Liên cũ, nay thuộc phường Phương Liên, quận Đống Đa, Thành phố Hà Nội\n Đối tượng suy tôn: Thờ Cao Sơn Đại Vương một trong tứ trấn của kinh thành Thăng Long.\n Đặc điểm: Tế lễ, lễ rước kiệu, thi cắt tóc, chọi chim, nấu ăn và bày cỗ…','',1),(2,1,' Đêm hội Giã La',' Thời gian: 6 - 14/1 âm lịch (5 năm tổ chức một lần).\n Địa điểm: Xã Dương Nội, huyện Hoài Đức, Hà Nội.\n Đối tượng suy tôn: Thành hoàng Đương Cảnh.\n Đặc điểm: Rước đêm, diễn trò săn hổ, rước hoàn cung.','',1),(3,1,' Hội đền Hát Môn',' Thời gian: 4 - 7/3, 4/9 và 24/12 âm lịch. Chính hội 6/3 âm lịch.\n Địa điểm: Thôn Hát Môn, xã Hát Môn, huyện Phúc Thọ, Hà Nội.\n Đối tượng suy tôn: Hai Bà Trưng.\n Đặc điểm: Ba lễ hội trong năm. Có tục dâng cúng bánh trôi. Tục thả bánh trôi trên sông vào đêm 5/3 âm lịch.   ','',1),(4,1,' Hội điện Thái Bình',' Thời gian: 26/8 âm lịch.\n Địa điểm: Xóm Thái Bình, xã Vân Nội, huyện Đông Anh, TP. Hà Nội.\n Đối tượng suy tôn: Trần Hưng Đạo.\n Đặc điểm: Lễ đảo thánh, dâng văn.','',1),(5,1,'Lễ Hội Chùa Hương',' Thời gian: 6 tháng giêng đến hết tháng 3 âm lịch.\n Địa điểm: xã Hương Sơn, huyện Mỹ Ðức, Hà Nội.\n Đối tượng suy tôn: Phật Bà Quan Âm\n Đặc điểm:Múa rồng, bơi trải','',1),(6,1,' Hội Gióng ở đền Sóc',' Thời gian: 6 - 8/1 âm lịch, chính hội 7/1 (ngày thánh hóa)\n Địa điểm: Xã Phù Linh, huyện Sóc Sơn, TP. Hà Nội.\n Đối tượng suy tôn: Thánh Gióng.\n Đặc điểm: Cướp hoa tre và chém tướng giặc Ân','',1),(7,1,'Lễ hội Phù Đổng',' Nhiều địa phương thuộc Hà Nội tổ chức lễ hội suy tôn Thánh Dóng: Phù Đổng, Chi Nam (Gia Lâm), Xuân Đỉnh (Từ Liêm), đền Sóc (Sóc Sơn). Trong số bốn hội trên thì hội Dóng ở Phù Đổng (Gia Lâm, Hà Nội) có quy mô, tổ chức chặt chẻ và công phu nhất. Chính hội vào ngày 9/4 âm lịch hằng năm. Trước đó ngày 6/4 là lễ rước nước từ giếng trước đền thờ Mẫu.\n \n Lễ tế có phường Ải Lao múa hát thờ thần; diễn trận tái hiện sự tích ông Dóng đánh giặc Ân với các cuộc múa cờ “ba ván thuận” và “ba ván nghịch” được cách điệu, người xem có thể hiểu tài đánh giặc của ông Dóng. Những ngày tiếp theo có nhiều trò vui như lễ cắm cờ, mừng thắng trận, cáo đất trời và nhiều trò vui khác.\n ','',1),(8,1,'Lễ Hội cổ loa',' Lễ hội diễn ra tại xã Đông Anh, ngoại thành Hà Nội. Lễ hội hằng năm diễn ra từ ngày 6 đến 16 tháng giêng âm lịch (chính hội ngày 6) để tưởng nhớ Thục Phán An Dương Vương người đã được vua Hùng thứ 18 nhường ngôi.\n \n Ông đã có công xây thành Cổ Loa, trị vì Âu Lạc trong 50 năm vào thế kỷ thứ 3 trước công nguyên. Trong dịp lễ hội tái hiện nhiều tích xưa như rước vua sống, lễ ươm gươm tại đền Sái, rước cỗ bỏng…\n Lễ hội đền Cổ Loa có đám rước thần uy nghiêm của 12 xóm. Trong phần hội có nhiều trò chơi vui: chơi đu, thổi cơm thi, hát ca trù, hát chèo…\n ','',1),(9,1,'Hội lệ mật',' Làng Lệ Mật nay thuộc phường Việt Hưng, quận Long Biên. Hằng năm mở hội vào ngày 23/3 âm lịch, tưởng nhớ Hoàng Đức Trung (thành hoàng làng Lệ Mật). Là người đã có công được vua Lý ban đất lập 13 trang trại. Hội Lệ Mật có trò múa rắn nhằm tôn vinh nghề bắt và nuôi rắn ở đây.\n Hội Lệ Mật còn là dịp để cư dân trong làng và những người đi xa có dịp về quê, ôn lại lịch sử dựng làng đầy gian nan thử thách từ xa xưa, cùng chung niềm vui và lòng biết ơn với tổ tiên.\n ','',1),(10,1,'Lễ hội đống đa',' Lễ hội Đống Đa (thuộc quận Đống Đa – Hà Nội) hằng năm diễn ra vào ngày 5 tết Nguyên Đán (5/1 âm lịch). Đây là nơi lễ hội chiến thắng, mừng công tích lẫy lừng trong lịch sử chống ngoại xâm của dân tộc, do hoàng đế Quang Trung (Nguyễn Huệ), người anh hùng áo vải Tây Sơn lãnh đạo.\n Cuộc tế diễn ra ở đình Khương Thượng, lễ cầu siêu ở chùa Đồng Quang. Sau đám rước “rồng lửa Thăng Long” là lễ dâng hương, lễ đọc văn. Hội còn có nhiều trò vui, đua tài, đua trí trên sân bãi tại gò Đống Đa lịch sử.','',1),(12,2,'Hội đua ghe truyền thống',' Hội đua ghe truyền thống tỉnh TTHuế là một lễ hội mới được tổ chức sau ngày giải phóng hoàn toàn miền Nam nam 1975. Hội được tổ chức trong một ngày nhằm ngày lễ Quốc khánh 2-9(dương lịch) \nÐịa điểm đua là bờ Nam sông Hương trước trường Quốc học. Hội nhằm tạo điều kiện thuận tiện cho thanh niên nam nữ có cơ hội thi tài trên sông nước, qua đó rèn luyện tăng cường bảo vệ sức khoẻ và tạo không khí vui tươi lành mạnh cho nhân dân. Ðây cũng là dịp để biểu lộ lòng vui mừng của nhân dân nhân ngày Quốc khánh. \nQuy mô hội có tính chất rộng rãi liên phường xã và các huyện trong tỉnh. Hội tổ chức theo định kỳ, mỗi năm một lần theo phong tục. ','',1),(13,2,'Hội vật làng Sình',' Dù ai đi đó đi đây \nNgày mười hội vật nhớ quay về Sình \nÐó là câu ca dao ở Huế nhắc nhở mọi người hãy nhớ ngày mồng mười tháng giêng âm lịch hàng năm quay về làng Sình (Lại An), xã Phú Mậu huyện Phú Vang để xem đấu vật. Sân vật được dựng ngay trước đình làng Sình. \nVật võ cũng là một hình thức để tưởng nhớ ngài khai canh làng đã truyền dạy dân làng nghề vật. Nên đến ngày giỗ Ngài, dân làng tổ chức vật võ. Lễ chính tế Ngài khai canh được cử hành vào sáng mồng mười tháng giêng âm lịch lúc 2h sáng. Lễ tất mới vật võ, lúc 7h sáng. \nThể thức thi đấu hễ \"tấm lưng trắng bụng\" là thua nhưng có cuộc tranh tài quá quyết liệt, có khi đô vật bị tử vong. Trọng tài của hội vật do một người có uy tín trong làng đảm nhiệm. Lễ vật không hạn chế số đô vật ở các làng xã khác tham dự. Thứ tự cuộc đấu chiến bắt đầu là các thiếu niên, sau đó là cuộc thi vật của thanh niên và trung niên. \nSự tổ chức cũng theo thời gian mà thay đổi. Người thắng cuộc vật thời trước là tay thượng võ đài chiến thắng mọi đối thủ đến phút cuối, khi không còn ai dám lên đấu vật nữa mới được gọi là vô địch. Ngày nay các đô vật được chia thành từng cặp đấu chiến, để qua các vòng sơ kết, bán kết và chung kết. Người thắng vòng chung kết là vô địch. Như vậy đô vật khỏi bị mất sức vì phải đấu liên tiếp với nhiều người','',1),(14,2,'Lễ Hội điện hòn chén',' Tại Huế, Thánh Mẫu được thờ tại điện Hòn Chén, làng Hải Cát, huyện Hương Trà. Nghi lễ tại Ðiện Hòn Chén rất long trọng. Dân làng tổ chức tế tại đình, trước ngày chánh tế có lễ nghinh thần để rước tất cả các vị thần trong làng về đình. Ðám rước Thiên Y A Na Thánh Mẫu từ Huệ Nam đến đình làng Hải Cát tổ chức trọng thể hơn cả. \nLễ hội giống như một festival về văn hóa dân gian trên sông Hương, tấp nập những chiếc “bằng” (thuyền kết đôi) với cờ phướn, hương án đủ màu sắc, hành hương về điện Hòn Chén, nơi thờ Thánh Mẫu. Tại khu vực điện sẽ diễn ra Thánh Mẫu tuần du làng Hải Cát, lễ tế làng Hải Cát, lễ cung nghinh Thánh Mẫu hồi loan về điện, lễ phóng sanh, phóng đăng... \nÐám rước cử hành trên những chiếc “bằng”. Trên mỗi bằng có bàn thờ Thánh Mẫu cùng với long kiệu. Trên long kiệu có hòm sắc của vua ban Thánh Mẫu, liền kế đó là một bằng khác có bàn thờ, kiệu và hòm sắc của nhị vị thượng Ngàn và Thuỷ Cung Thánh Mẫu. Sau đó là những chiếc bằng chở các tự khí, tàn tán cờ quạt. \nTrải qua những thăng trầm lịch sử, những năm gần đây lễ hội này đã được phục hồi theo các tập tục truyền thống mang đậm màu sắc văn hóa dân gian địa phương. Lễ hội điện Hòn Chén còn được gọi là Lễ Vía Mẹ, không chỉ là của những tín đồ Thiên Tiên Thanh Giáo, mà còn là của những người theo đạo thờ Mẹ, đạo hiếu, đạo làm người. Theo ý nghĩa đó, việc phục hồi lễ hội điện Hòn Chén là phục hồi một giá trị văn hóa truyền thống của một vùng đất. ','',1),(15,2,'Hội chợ Xuân Lạc',' Trong ba ngày Tết cũng như nhiều vùng khác, tất cả các chợ ở Huế đều nghỉ mua bán để mọi người tổ chức lễ hội, cúng ông bà, thăm hỏi nhau. Tuy nhiên, chỉ có một chợ Tết độc nhất đã mở trong những ngày đầu xuân- Ðó là chợ Gia Lạc- đông vui chỉ trong 3 ngày Tết. \nCó thể hiểu Gia Lạc theo 2 cách:” nhà nhà vui tươi”; hoặc “thêm vui” (ngụ ý ngày xuân đã vui rồi, chợ lập ra để tăng thêm nguồn vui- cách lý giải này được nhiều người chấp nhận) \nChợ lập được từ thời Minh Mạng (1820-1840) do Ðịnh Viễn Công Nguyễn Phước Binh, con thứ tư của Gia Long. Lúc đầu chợ chỉ họp nhóm trong giới hạn thân nhân nơi phủ đệ của ông nhằm trao đổi hàng hóa, vui chơi. \nSau thấy vui, nhân dân quanh vùng đến mua bán, rồi bày các trò chơi dân gian. Do vậy, chợ Gia Lạc trở thành một hình thức hội chợ xuân, loại chợ phiên trong ngày Tết. Ðịa điểm chợ ở tại ngã 3, giáp ranh làng Nam Phổ, trên 2 nẻo đường, 1 về Dương Nổ, 1 về Ngọc Anh- cách trung tâm thành Huế, đi theo hướng về Vĩ Dạ khoảng 3km. Chợ cách bờ sông Hương khỏang 300m. Bên kia sông là chợ Dinh hiện nay. \nHàng mua bán ở chợ Gia Lạc rất phong phú, thay đổi theo năm: từ những đồ gia dụng đến đồ chơi trẻ em, thay đổi theo năm: từ những đồ gia dụng đến đồ chơi trẻ em, thức ăn uống. Ðó là hình thức “chợ trời” ngày nay. \nChợ còn là điểm tập trung vui chơi trong 3 ngày Tết: các cuộc chơi bài chòi, bài ghế, hò giã gạo, bài thái đều được tổ chức. \nNgười đi chợ ăn mặc thật chải chuốc, chỉnh tề. Các bà, các chị với y phục cổ truyền, áo mớ năm, mớ ba...ngoài việc mua bán, còn có ăn uống, vui chơi. Cả người bán lẫn người mua ăn nói, ứng xử lịch sự, vui vẻ, không có cảnh ồn ào cãi cọ thiếu văn hóa. Cuộc vui chơi diễn ra trong 3 ngày Tết. Qua ngày mồng Bốn, tất cả chợ trời trở lại sinh hoạt bình thường. Ðây là nơi biểu hiện nền văn hóa Huế tương đối tập trung và rõ nét, từ phong cách ăn mặc đến ngôn ngữ.','',1),(16,2,'Hội cầu ngư ở Thái Dương Hạ',' Hội của nhân dân làng Thai Dương hạ, huyện Phú Quang, tổ chức vào ngày 12 tháng giêng âm lịch hằng năm, để tưởng nhớ vị Thành Hoàng của làng là Trương Quý Công (Trương Thiều), người gốc Thanh Hóa, có công dạy cho dân nghề đánh cá và buôn bán ghe mành. \nThường cứ 3 năm một lần làng lại tổ chức đại lễ rất linh đình, có tổ chức các trò mô tả những sinh hoạt nghề đánh cá, trong đó trò \"bủa lưới\" mang ý nghĩa trình nghề, khắc họa đậm nét lễ nghi dân gian của cư dân ven biển. \nLễ hội Cầu Ngư Thai Dương Hạ là một lễ hội lớn ở Thừa Thiên Huế và ở Việt Nam.','',1),(17,2,'Lễ Xã Tắc',' Lễ tế Xã Tắc là một nghi lễ truyền thống rất quan trọng ở nước ta trước đây nhằm cầu mong cho mưa thuận gió hòa, mùa màng bội thu, nhân dân no ấm, thiên hạ thái bình. Các triều đại độc lập ở Việt Nam, từ Đinh, Lý, Trần, Lê đến nhà Nguyễn đều cử hành Lễ tế Xã Tắc vào mùa Xuân hàng năm và luôn xem đây là Quốc lễ.\nDưới triều Nguyễn, Đàn Xã Tắc được xây dưới thời vua Gia Long vào tháng 4 năm 1806 để tế cúng thần đất (xã) và thần ngũ cốc (tắc). Lúc xây Đàn, triều đình nhà Nguyễn đã huy động tất cả dinh trấn trong cả nước cống nạp đất sạch để đắp. Trước đây, Đàn được tổ chức tế lễ mỗi năm hai lần, vào mùa Xuân và mùa Thu, và Lễ tế Đàn Xã Tắc được xếp vào hàng \"đại tự\", đích thân nhà vua đến làm lễ. Vì thế, cả 13 đời vua Nguyễn nói chung đều thân hành đến làm chủ lễ ở đàn Xã Tắc.\nTiến sĩ Phan Thanh Hải, Giám đốc Trung tâm Bảo tồn di tích Cố đô Huế cho biết: Trải qua thời gian cùng các biến động lịch sử, chỉ duy nhất tại Cố đô Huế hiện nay còn bảo tồn được Đàn tế Xã Tắc bên trong Kinh thành Huế và là một công trình thuộc quần thể di tích cố đô Huế. Vị trí Đàn Xã Tắc hiện nằm tại phường Thuận Hòa, thành nội Huế, trong ô phố giới hạn bởi 4 mặt: mặt Bắc - đường Ngô Thời Nhiệm, mặt Nam - đường Trần Nguyên Hãn, mặt Đông - đường Trần Nguyên Đán, mặt Tây - đường Nguyễn Cư Trinh.\nLễ tế Xã Tắc, với tính chất là một nghi lễ cung đình, đã được nghiên cứu và phục hồi thành công và trở thành một nét văn hóa truyền thống độc đáo của tỉnh Thừa Thiên - Huế. Với mục đích đáp ứng nguyện vọng của người dân luôn mong mỏi được dâng hương cầu nguyện, cùng đồng cảm trong hoài vọng quốc thái dân an, phong điều vũ thuận đem lại hạnh phúc cơm no, áo ấm cho nhân dân, Lễ tế Xã tắc đã được tổ chức tái hiện lần đầu tiên vào năm 2008.\nTừ đó đến nay, Lễ tế Xã Tắc được tổ chức hàng năm vào dịp Xuân, và đã nhận được sự đánh giá cao của dư luận và giới chuyên môn.\nNăm nay, Lễ tế Xã Tắc được tổ chức dựa theo các nghi thức truyền thống đã được nghiên cứu và điều chỉnh theo hướng tinh gọn, vừa trang trọng, lại vừa phù hợp với điều kiện thực tế hiện nay...\n','',1),(18,2,'Lễ hội A Riêu',' Theo các già làng, lễ hội Ariêu Car vốn có từ xa xưa nhằm mục đích tạo sự đoàn kết, gắn bó giữa các làng bản có mối quan hệ về họ tộc và nơi cư trú.\nĐặc biệt, lễ hội Ariêu Car là dịp để tạ ơn các vị thần linh đã phù hộ cho dân làng sức khỏe, mùa màng bội thu, cuộc sống ngày càng no ấm, hạnh phúc.\nBà Lê Thị Thêm - Trưởng phòng Văn hóa thông tin huyện A Lưới - còn cho biết: Nhiều năm qua, huyện đã duy trì lễ hội Ariêu Car như một nét đẹp truyền thống và thường được tổ chức luân phiên từ 5 đến 10 năm một lần.\nKhác với những lễ hội truyền thống của đồng bào dân tộc thiểu số ở vùng cao A Lưới, lễ hội Ariêu Car có nhiều phần nghi lễ chính như: “tâng hung” để họp bàn thống nhất cách thức tổ chức; lễ “a xa a rah” nhằm tẩy rửa những điều ô uế, nhơ bẩn trong làng bản; lễ “ta nôm” là giao ước giữa các già làng với thần linh; lễ “chật ty riaq” tức đâm trâu, đây được xem là nghi lễ quan trọng nhất của lễ hội.  Tuy nhiên, khác với những lễ hội trước, năm nay lễ hội Ariêu Car đã được bỏ đi phần lễ đâm trâu.   \n“Thực hiện theo Thông tư số 15 của Bộ VHTT&DL về quy định không tổ chức các lễ hội có nội dung “đâm chém, kinh dị, rùng rợn”... nên tại lễ hội Ariêu Car năm 2016, Ban tổ chức đã bỏ nghi lễ đâm trâu. Mặc dù vậy nhưng lễ hội vẫn diễn ra hoành tráng, đậm chất văn hóa dân gian và thu hút đông đảo đồng bào dân tộc thiểu số đến tham dự” - Bà Thêm khẳng định.\nLễ hội A riêu Car là lễ hội linh thiêng và lớn nhất được tổ chức định kỳ 10 năm hoặc 20 năm một lần. Nội dung ý nghĩa của lễ hội A riêu Car nhằm thắt chặt tình đoàn kết giữa các làng, qua đó kết nghĩa tâm giao giúp đỡ nhau khi gặp khó khăn hoạn nạn, tạo điều kiện cho nhau về đất đai để làm ăn sinh sống, gắn kết tình thông gia, tình bạn, giải quyết, giải hòa mâu thuẫn giữa các làng bản. Các già làng sẽ quy định, quy ước chung những điều không được vi phạm, đưa ra những hình phạt nhất định nếu bên nào vi phạm và sẽ giải quyết, xử lý theo lệ làng đã quy định.\nTrước đây lễ hội thường diễn ra từ 3 đến 5 ngày. Nghi lễ trước khi tổ chức lễ hội chính thức sẽ có 5 nghi lễ không thể thiếu và khi tổ chức lễ hội chính thức các già làng, chủ lễ hội phải thực hiện qua 8 nghi lễ. Cuối cùng phần hội kết thúc già làng sẽ thực hiện nghi lễ báo hiệu lễ hội kết thúc.\nBên lề tái hiện lễ hội A Riêu Car truyền thống, huyện A Lưới còn tổ chức tái hiện một số sinh hoạt văn hóa các dân tộc A Lưới như trình diễn và trưng bày các sản phẩm đan lát thủ công truyền thống; trình diễn và trưng bày các sản phẩm dệt Zèng truyền thống; không gian văn hóa ẩm thực và trình diễn dân ca, dân nhạc, dân vũ truyền thống.\n','',1),(19,3,'Lễ hội ẩm thực cuối năm Sài Gòn',' Hoạt động này sẽ diễn ra tại khu B công viên 23/9, từ ngày 12.12 đến ngày 16.12.2012 với khoảng 80 gian hàng của 50 đơn vị nhà hàng, khách sạn đại diện cho nền ẩm thực của 20 các quốc gia và vùng lãnh thổ.\n Các đơn vị, nhà hàng đạt chuẩn, các trường nghiệp vụ đào tạo nhà hàng, các cơ quan tổng lãnh sự, đại diện nước ngoài tại thành phố… tham gia giới thiệu các nét văn hóa ẩm thực đặc sắc, đặc sản… qua đó góp phần xúc tiến, quảng bá giới thiệu điểm đến du lịch sài gòn.\n Liên hoan ẩm thực “Món ngon các nước” năm nay có nhiều hoạt động. Các đơn vị biểu diễn chế biến và phục vụ ẩm thực tại các gian hàng chú trọng phong cách trang trí, nghệ thuật chế biến và trình bày món ăn thể hiện nét văn hóa ẩm thực đặc sắc của các quốc gia cho khách tham quan thưởng thức món ăn tại các gian hàng.\n “Bếp trưởng 5 sao” là điểm nhấn của sự kiện, nhằm giới thiệu nét đặc sắc trong ẩm thực của các khách sạn cao cấp tại Việt Nam với chủ đề “tiệc Giáng sinh”.\n Lần đầu tiên tại Việt Nam, 100 hoa đăng được cắt tỉa từ dưa hấu do các đầu bếp chuyên nghiệp thực hiện nhằm lập kỷ lục “Hội hoa đăng dưa hấu nhiều nhất Việt Nam”. Các hoa đăng dưa hấu đặc biệt này sẽ được thắp sáng và thu hút du khách quốc tế cũng như người dân thành phố thưởng thức và chiêm ngưỡng.\n Liên hoan “Các món cuốn Việt Nam” sẽ để giới thiệu Việt Nam có nền ẩm thực đa dạng, sử dụng nhiều rau xanh trong thức ăn, ít béo, đáp ứng tốt nhu cầu dinh dưỡng và trình bày đẹp mắt. Hoạt động này nhằm giới thiệu cho thực khách các loại món cuốn chay, cuốn mặn, cuốn trái cây… của Việt Nam trên khắp vùng miền, dùng ngay hoặc qua chế biến.\n Đặc biệt, liên hoan có sự tham gia của đầu bếp nổi tiếng thế giới Martin Yan với những màn trình diễn nghệ thuật chế biến món ăn và giới thiệu nét đặc sắc của ẩm thực thế giới đến công chúng TP.HCM và du khách quốc tế vào đêm khai mạc 12.12 tại khu vực sân khấu chính công viên 23/9.\n Chương trình trình diễn nghệ thuật pha chế (bartender) là dịp để những chuyên gia pha chế trổ tài pha chế các loại thức uống với công thức mới nhất, kết hợp với vũ đạo và các pha trình diễn đẹp mắt. Ngoài ra, còn có chương trình biểu diễn Muay Thái, dance sport, thể dục nhịp điệu và chương trình nghệ thuật trong các đêm xuyên suốt liên hoan.\n Lễ hội văn hóa, ẩm thực “Hạt lúa quê tôi” sẽ diễn ra từ 17giờ đến 21 giờ các ngày 14, 15 và 16.12.2012 tại khu du lịch Bình Quới 1 (1147 Bình Quới, Q. Bình Thạnh).\n Đây là dịp để du khách khám phá những điều thú vị về ẩm thực dân gian và sinh hoạt nông thôn Việt Nam với các món ăn, thức uống dân dã được chế biến từ hạt lúa của các vùng miền.\n Lễ hội tái hiện một số cảnh sinh hoạt đồng áng của nông dân làm ra hạt lúa với cảnh đồng lúa, nương khoai. Đặc biệt, giới thiệu bộ sưu tập nông cụ lúa gạo các vùng miền.\n Lễ hội cũng giới thiệu phong phú hơn những nét văn hóa đặc sắc trong lao động, sinh hoạt hội hè, chợ quê, một số nghề truyền thống sản xuất ra các sản phẩm thủ công của một số địa phương, tổ chức các trò chơi dân gian, hướng dẫn làm đồ chơi thủ công, biểu diễn nghệ thuật đậm nét văn hóa dân gian Việt Nam để du khách hòa nhập vào không khí hội hè làng quê Việt Nam.\n ','',1),(20,3,'Lễ hội chùa Phước Hải','  Lễ hội chùa Phước Hải được tổ chức vào ngày mùng 9 tháng giêng âm lịch hàng năm, tại số 73, đường Mai Thị Lựu, gần chợ Đa Kao thuộc phường Đa Kao, quận 1.\n Chùa Ngọc Hoàng hay Ngọc Hoàng điện, nay gọi là chùa Phước Hải, tọa lạc tại số 73, đường Mai Thị Lựu, gần chợ Đa Kao thuộc phường Đa Kao, quận I, thành phố Hồ Chí Minh.Chùa Ngọc Hoàng được thành lập từ năm 1892 do một người Hoa tên Lưu Minh chủ xướng. Năm 1900, công cuộc xây cất chùa hoàn thành, nhưng đến năm 1906 mới làm lễ khánh thành. Chùa khởi nguyên tên là Ngọc Hoàng Điện, người Pháp gọi là \"chùa Đa Kao\", năm 1982 chùa gia nhập Giáo hội Phật Giáo Việt Nam với hòa thượng Thích Vĩnh Khương chủ trì, mới đổi tên thành Phước  Hải Tự, nhưng dân gian vẫn quen gọi là chùa Ngọc Hoàng.\n Trong sân chùa Ngọc Hoàng, ngoài hai hồ nuôi cá và rùa, có một miếu thờ Hộ Pháp và một nhà bát giác che chiếc đỉnh lớn đúc bằng xi măng giả đồng dành cho khách hành hương thắp nhang trước khi vào chùa cũng như ra khỏi chùa. Chùa Ngọc Hoàng có tổng cộng trên 300 tượng thờ, được phân bố trong ba gian thờ. Gian ở giữa liền với cổng vào, là gian thờ các bậc thiên tướng và Ngọc Hoàng, theo thứ tự từ ngoài vào trong gồm có: Thổ địa (bên trái cửa vào), Môn Quan (bên phải cửa vào)- Phật Dược Sư, tượng phật duy nhất bằng gỗ trầm đặt trong lồng kính, ở giữa chánh điện- Thanh Long đại tướng (bên phải) và Phục Hổ đại tướng (bên trái), tượng to bằng người thật- Cung thờ Ngọc Hoàng ở giữa, cung thờ Chuẩn Đề Quan Âm bên phải và cung thờ Bắc Đế, tức Huyền Võ hay Trấn Võ bên trái.Ở gian thờ Ngọc Hoàng có sáu pho tượng chính: bên phải gồm ba vị, với giữa là Quan Phu Tử (chủ về việc võ) và hai bên là Thiên Tướng và Thiên Thần. Ngoài ra, còn có các tượng thờ khác như: Nam Tào, Bắc Đẩu, Hoa Đà tiên sư, Tề Thiên đại thánh, Quan Thánh đế quân, thần Nhật, thần Nguyệt, Long Mẫu nương nương, Tứ Đại kim quang, Thái ất chân nhân, Hòa thượng Đạo Minh, Khuyến thiện đại sư, hai quan văn, hai quan võ, hai đồng tử, Ông bà bà Thiên Lôi cùng bảy thiên tướng...\n Hầu hết các tượng thờ ở đây đều bằng gỗ, một số ít làm bằng giấy bồi. Riêng tượng của Ngọc Hoàng là pho tượng ngồi lớn nhất trong chùa. Đầu tượng Ngọc Hoàng đội mão lớn có mái che trước trán. Hai tay Ngọc Hoàng cầm lịnh tiễn. Mặt Ngọc Hoàng bình thản, không vui cũng không buồn, mắt trong tư thế mở nhưng không thấy rõ tròng mắt, mũi dời và to. Khuôn mặt tượng Ngọc Hoàng hình chữ điền, hai má cao và rộng, có bốn chòm râu tỏa dài xuống ngang vai.Ngọc Hoàng mặc áo choàng rộng, hai tay áo phủ tận đến các ngón tay. áo được chạm nối dính hến vào tượng với kỹ thuật sơn son thếp vàng tinh xảo làm nổi bật đường nét trang trí trên thân áo với một con rồng uốn lượn.Gian bên trái từ ngoài vào, theo thứ tự từ trước ra sau có những hương án với các tượng thờ sau:- Gian đầu tiên thờ Kim Hoa thánh mẫu, mười hai bà mụ và các nhũ mẫu trong các tư thế nuôi dạy cho trẻ nhỏ.Đây là gian cầu tự cho những người hiếm muộn- Gian tiếp theo là Thập Điện Diêm Vương, với mười bức chạm gỗ với cảnh mười cửa ngục phân bổ đều mỗi bên vách năm bức. Nối liền gian Thập Điện với gian Kim Hoa thính mẫu, có các tượng thờ: Quan Âm, Kim Đồng, Ngọc Nữ, Địa Tạng Vương bồ tát (biểu tượng cho sự cứu rỗi), Hoạt Vô Thường, Tư Mạng sứ quân và Dẫn Hồn Tiền (biểu tượng sự dẫn dắt, phân biệt linh bổ lành dữ)- Thần Tài: Trang phục đồ tạng, biểu tượng mang hết sự rủi ro vào mình và ban phát tài lộc cho nhân gian. Tượng đứng cuối gian Thập Điện, tay cầm một cái rổ đựng các gói giấy đỏ bọc mảnh giấy nhỏ ghi hai chữ Hán \"Tài Thần\" bên trong để khách hành hương xin lộc- Gian nối liền với gian Thập Điện có các tượng thờ: Nhị Vị song án, Mã tướng quân, Thành Hoàng Lỗ Ban và Thái Tuế- Gian cuối cùng (hiện không còn cho khách vào chiêm bái) gồm hai hương án thờ Thạch Cẩm Đương (tục thờ đá của người Hoa) và thờ Ông Tà (tục thờ đá của người Khmer)- Bên phải gian thờ Ngọc Hoàng là phòng khách của chùa, sau phòng này có cầu thang lên lầu. Nơi đây thờ phụng: Quan Âm bồ tát, Quan Thánh Đế Quân, Hộ pháp và Tổ Lưu Minh - người lập chùa.\n Lễ hội còn diễn ra vào những ngày rằm, mùng một âm lịch, nhất là vào các ngày rằm lớn trong năm (15/1 âm lịch, 15/7 âm lịch, 15/10 âm lịch) khách đến lễ chùa đông đến hàng vạn người. Tuy nhiên, dịp lễ hội thu hút khách đông nhất là dịp lễ vía Ngọc Hoàng vào ngày mùng 9 tháng giêng âm lịch hàng năm.\n Vào dịp này, tối ngày mùng 8, vị hòa thượng trụ trì chùa tổ chức tụng kinh cầu an. Cả ngày mùng 9 dành cho hàng chục vạn khách đến chiêm bái, có cả người Hoa lẫn người Việt. Khói hương mù mịt khắp trong ngoài...Trong các cơ sở tín ngưỡng dân gian của người Hoa ở thành phố Hồ Chí Minh, chùa Ngọc Hoàng có thể xem là một trong những điểm có sức thu hút khách trong và ngoài nước đến tham quan, chiêm bái rất đông đảo\n ','',1),(21,3,'Lễ hội chùa bà Thiên Hậu',' Lễ hội chùa bà Thiên Hậu được tổ chức vào ngày 23/3 âm lịch hàng năm, tại 710 Nguyễn Trãi, quận 3, TP. Hồ Chí Minh. Lễ hội nhằm suy tôn Bà Thiên Hậu.\n Bà có tên thật là Mi Châu, sinh ngày 23 tháng 3 (âm lịch) năm Giáp Thân (1044), sống ở Phước Kiến (Trung Quốc). Theo sự tích kể lại thì ngày hôm ấy cha Bà là Lâm Tích Khánh cùng hai anh trai đi thuyền chở muối đến Giang Tây, giữa đường gặp bão lớn. Lúc đó Bà đang ngồi dệt vải cạnh mẹ nhưng xuất thần để đi cứu cha và hai anh. Bà dùng răng cắn được chéo áo của cha, hai tay nắm hai anh, giữa lúc đó mẹ kêu gọi Bà, ép Bà trả lời, Bà vừa hở môi trả lời thì sóng cuốn cha đi mất dạng, chỉ cứu được hai anh. Từ đó mỗi khi thuyền bè ngoài biển bị nạn người ta đều gọi vái đến Bà. Năm Canh Dần (1110) nhà Tống sắc phong cho Bà là \"Thiên Hậu Thánh Mẫu\".\n Chùa Bà Thiên Hậu hàng ngày vẫn đón tiếp những người đến cúng lễ khá đông. Nhưng đông hơn là vào các ngày mùng một và rằm hàng tháng, các ngày lễ Tết trong năm của người Hoa như Tết Nguyên đán, Tết Nguyên tiêu, Tết Đoan ngọ v.v... Đặc biệt, ngày 28 Tết, chùa tiến hành lễ cúng Bà và Lễ khai ấn, cầu mong Bà phò trợ cho “Hộ quốc an dân” và “Hợp cảnh bình an”. Riêng ngày vía Bà (23 tháng 3 âm lịch) được xem là ngày hội chính của chùa.\n Vào ngày lễ, bà con người Hoa, người Việt đến cúng lễ rất đông. Đêm 22 sẽ diễn ra Lễ tắm Bà. Sáng ngày 23, mọi người lại tổ chức Lễ rước Bà: Tượng Bà được đặt vào kiệu do các thanh niên nam nữ ăn mặc đẹp đẽ diễu qua các đường phố quanh chùa. Theo sau kiệu có thuyền rồng, các tấm bảng đỏ ghi tên các vị thần được thờ phụng trong chùa, các đội múa gồm: múa lân, múa sư tử, múa rồng, các đội nhạc dân tộc vừa biểu diễn vừa múa hát, tạo nên một quang cảnh náo nhiệt trong các khu phố đông đảo người Hoa...\n Chùa Bà Thiên Hậu (theo cách gọi của người Việt) còn được gọi là chùa Bà Chợ Lớn, tên chữ Hán làThiên Hậu miếu, người Hoa gọi là Phò Miếu (tức miếu Đức Bà). Và do bên cạnh chùa có Tuệ Thành Hội quán là nơi quy tụ của nhóm người Hoa Quảng Đông, nên chùa còn được gọi Tuệ Thành Hội quán.\n Đây là một trong những ngôi chùa cổ nhất của người Hoa đã gây dựng trên đất Đề Ngạn xưa. Chùa nằm trong khu trung tâm của những người Hoa đầu tiên đến tạo lập nên Chợ Lớn sau này. Chùa Bà Thiên Hậu được nhóm người Hoa gốc huyện Tuệ Thành, Quảng Đông đã rời bỏ làng quê sang Việt Nam góp vốn và góp công xây dựng vào khoảng năm 1760 và được trùng tu lớn vào các năm 1800, 1842, 1890, 1916...\n Đại Nam Nhất Thống Chí ghi: “Cách huyện Bình Dương 12 dặm, ở phía tả và phía hữu đường quan lộ. Nơi chợ có đường thông ra tứ phía đi liên lạc như hình chữ \"điền\", nhà cửa phố xá liên tiếp thềm mái cùng nhau, người Hán, người Thổ ở chung lộn dài độ 3 dặm, đủ cả hàng hóa trăm thức, ở bên sông Nam và Bắc không thiếu món gì, đầu phía Bắc đường lớn có đền Quan Công, quán Tam Hội, xây cất đối nhau phía tả và phía hữu. Phía Tây đường lớn có chùa Thiên Hậu, gần phía Tây có Ôn Lăng Hội Quán”.\n Chùa thờ bà Thiên Hậu là chính. Bà được người Quảng Đông gọi là “A Phò” (Đức Bà). Người Phúc Kiến và Hải Nam thích gọi bà là \"Đạo Mẫu\".\n Chùa Bà Thiên Hậu là một trong những ngôi chùa miếu, có lịch sử lâu đời nhất của người Hoa ở Thành phố Hồ Chí Minh. Bên cạnh giá trị về nghệ thuật kiến trúc, điêu khắc, hiện vật cổ, nơi đây còn có một giá trị khác, đó không chỉ là nơi đáp ứng nhu cầu tín ngưỡng mà còn là nơi qui tụ và tương trợ lẫn nhau của bà con người Việt gốc Hoa (Quảng Đông).\n Sự tích Bà Thiên Hậu, qua người kể đôi khi có ít nhiều dị biệt nhưng chủ yếu vẫn là đề cao một người phụ nữ Hoa có lòng hiếu thảo, đức hạnh, dám xả thân vì mọi người...Sự đề cao này nhằm mục đích giáo dục.\n Mặt khác trên bước đường nguy nan, nhiều sóng gió khi sang vùng đất mới để mưu sinh, người Hoa tin tưởng sự hiển linh của bà sẽ giúp họ vượt qua được mọi trở ngại và được an cư lạc nghiệp. Để tỏ lòng biết ơn sâu xa đối với sự phù trợ của Bà, Chùa Bà Thiên Hậu có vị trí quan trọng đối với người Hoa Quảng Đông, Phúc Kiến, Triều Châu... và cả người Việt.\n ','',1),(22,3,'Lễ hội chùa ông Bổn',' Chùa Ông Bổn hay còn gọi là (Nhị phủ miếu), tọa lạc tại đường Hải Thượng Lãn Ông, quận 5 (TP. Hồ Chí Minh), hàng năm có nhiều lễ hội lớn. Đặc biệt ngày lễ chính của chùa là rằm tháng Giêng và rằm tháng Tám theo âm lịch.\n Lễ vật cúng ông Bổn thường là heo quay, heo sống, gà luộc, hoa trái, nhang đèn v.v... Ngươi Hoa phần lớn là người gốc Phúc Kiến đem lễ vật đến chùa cúng rất đông. Bà con người Hoa thường mua những vòng hương thắp cúng treo khắp vòm trần chùa tỏa khói thơm nghi ngút suốt nhiều tháng.\n Ngoài hai ngày lễ chính, chùa Ông Bổn cũng có một số bà con người Hoa đến cúng chùa vào dịp Tết Nguyên đán, Nguyên Tiêu, Rằm tháng Chạp... Người Hoa ở thành phố tới lễ chùa, dự hội rất đông vui. Thường vào dịp tết Nguyên Đán, các đội múa Rồng đến tổ chức biểu diễn múa ngay sân chùa thu hút hàng ngàn người xem. Các đội võ thuật, thể dục thể thao, cũng thường tổ chức các cuộc thi đấu tại sân chùa.\n Vào Rằm tháng Giêng một số bà con người Hoa đến lễ chùa và xin vay mượn tiền của các vị thần thánh trong chùa như Ông Bổn, Quan Công để làm ăn buôn bán. Sự vay mượn này có tính chất tượng trưng, nhưng đến cuối năm vào Rằm tháng Chạp, bà con đến chùa trả lễ đầy đủ cả vốn lẫn lời bằng số tiền mặt bỏ vào các thùng phước sương. Vào dịp này số người đến chùa Ông Bổn, cũng như nhiều chùa khác xin xăm, bói toán khá nhộn nhịp.\n Theo tài liệu của Lý Văn Hùng trong Gia Định tràng Phật Tích cổ thì ông Bổn chính là Châu Đạt Quan, một viên quan của triều đình Trung Hoa đời nhà Nguyên, thế kỷ thứ XIII. Ông tham gia các sứ bộ Trung Hoa đến nhiều nước ở Đông Nam Á, trong đó có vùng đất nam Việt Nam và Chân Lạp. Ông là nhà viết sử và nhà du ký... nổi tiếng trong lịch sử Trung Hoa cổ đại. Từ miền Chân Lạp trở về, ông viết quyển Chân Lạp phong thổ ký (ghi chép về phong tục, đất đai và con người) mô tả vùng đất cực nam Đông Dương thế kỷ XIII...\n Chùa Ông Bổn - Nhị phủ miếu có kiến trúc tổng thể theo hình chữ khẩu, gồm bốn dãy nhà dài, vuông góc nhau, khoảng trống ở giữa tạo nên sân thiên tỉnh. Nhìn từ bên ngoài chùa Ông Bổn nổi bật giữa phố phường với những nếp mái cong như chồng lên nhau. Những nếp mái cong của chùa Ông Bổn khá độc đáo so với nhiều ngôi chùa khác ở thành phố Hồ Chí Minh cũng như cả nước. Phần chính điện chùa Ông Bổn bày một bàn thờ Ngọc Hoàng thượng đế với một lư hương bằng đồng khá lớn. Bên trên Ngọc Hoàng có hai tấm hoàng phi đại tự \"Phúc toàn đức bị\" và \"Thích cấp lâm phong\". Những hiện vật này được ghi rõ làm trong năm Quang Tự thứ 27 tức 1901.\n Đi qua sân thiên tỉnh, nơi đó có dãy bàn bằng xi măng làm chỗ biện bày các lễ vật cúng thần, sẽ bắt gặp một hoàng phi đại tự \"Thân Lâm phước địa\", nét chữ bay bướm phong nhã. Bên dưới hoàng phi là một bàn để bày lễ cúng và cũng là bàn thờ \"Nhị Phủ miếu phúc đức chính thần\".\n Bàn thờ \"Phúc đức chính thần\" chiếm vị trí trung tâm của gian chính điện với trang thờ nguy nga, lộng lẫy. Bao lam điện thờ được sơn son thếp vàng, chạm lộng hoa lá, rồng, phượng v.v... Điện thờ phúc đức chính thần có tượng ông Bổn bằng gỗ cao khoảng 1,5m, một cỗ ngũ sự bằng đồng, một bài vị \"Nhị Phủ Đại Bá Công\".\n Tượng ông Bổn thể hiện một ông già khuôn mặt quắc thước, khoan hòa với chòm râu bạc trắng buông dài, dáng ngồi thoải mái, một tay gác lên tay ngai, một tay vừa mới vuốt chòm râu. Những nếp áo tượng buông chùng trong dáng nghĩ ngợi suy tư. Bên dưới tượng ông Bổn là hai tượng nhỏ khác như hai đồng tử đang đứng chờ được sai bảo.\n ','',1),(23,3,'Lễ hội nghinh ông',' Lễ hội nghinh Ông là tục thờ cá \"Ông\" phổ biến từ Quảng Bình trở vào Nam  là một trong những lễ hội lớn nhất của ngư dân.  Hàng năm,từ ngày 15 dến 17 tháng 8 âm lịch tại lăng Ông Thủy tướng được vua Tự Đức ban sắc phong: “Nam Hải tướng quân” thuộc  Xã Cần Thạnh, huyện Cần Giờ, thành phố Hồ Chí Minh đều diễn ra lễ tế rất trang trọng của ngư dân Cần Giờ để tưởng nhớ công ơn cá \"Ông\".\n Lễ hội còn có các tên gọi khác như: Lễ rước cốt Ông, Lễ cầu ngư, Lễ tế cá Ông, Lễ cúng Ông, Lễ nghinh Ông, Lễ nghinh Ông Thủy tướng... Nhưng tất cả đều có chung một quan niệm rằng cá \"Ông\" là thần bảo trợ nghề cá và các nghề trên biển nói chung, và từ đó trở thành tín ngưỡng của ngư dân.\n Ngày 15/8 không khí lễ hội đã diễn ra nhộn nhịp ở bên ngoài lăng với nhiều hoạt động văn hoá sôi nổi.\n Sáng ngày 16/8, khoảng 10h, các vị trong hội lăng trong trang phục chỉnh tề làm lễ rước kiệu của Nam hải Tướng quân xuống thuyền rồng ra biển. Đoàn ghe nghinh xuất phát tại bến đò Cần Giờ - Vũng Tàu. Dọc theo đường rước, ngư dân sống trên biển và bà con hai bên phố bày lễ vật nghênh đón, khói nhang nghi ngút. Cùng với thuyền rồng rước thuỷ tướng, có hàng trăm ghe lớn nhỏ, trang hoàng lộng lẫy, cờ hoa rực rỡ tháp tùng ra biển nghênh ông. Trước mũi ghe là hương án và mâm lễ vật. Trên các ghe lớn nhỏ này có chở hàng ngàn khách và bà con tham dự đoàn rước. Đoàn rước đi khoảng hai giờ thì quay về bến nơi xuất phát, rước ông về lăng ông Thuỷ tướng. Tại bến một đoàn múa lân, sư tử, rồng đã đợi sẵn để đón ông về lăng.\n Khi rước ông vào lăng, các nghi thức đón và tế diễn ra trang trọng, đúng với nghi thức cổ truyền. Các lễ cầu an, xây chầu đại bội, hát bội diễn ra tại lăng ông Thuỷ tướng. Ngoài lăng, có các hoạt động văn hoá văn nghệ. Vào khoảng 20 - 23h cùng ngày lễ cúng tế, hát bội vẫn tiếp tục diễn ra trong lăng. \n Sáng 17/8: từ 8h - 22h tại lăng ông Thuỷ  tướng diễn ra lễ tôn vương ông Thuỷ  tướng theo sắc phong. Lễ cúng có hát thờ. Sau phần lễ tôn ông theo sắc phong cũng là lúc chấm dứt lễ hội.\n ','',1),(24,3,'Lễ hội dỗ tổ nghề Kim Hoàn',' Lễ hội Giỗ Tổ Nghề Kim Hoàn diễn ra trong 3 ngày 6, 7, 8 tháng 2 âm lịch hằng năm tại Hội quán Lệ Châu, 586 Trần Hưng Đạo,quận 5, TP Hồ Chí Minh. Lễ hội được tổ chức rất qui mô, quy tụ hàng ngàn người trong ngành thợ kim hoàn, không chỉ riêng Thành Phố Hồ Chí Minh mà từ các tỉnh Nam Bộ cũng về dự, cúng bái những tổ sư khai sáng ngành kim hoàn.\n Trong những ngày diễn ra lễ hội, Lệ Châu hội quán được trang hoàng rực rỡ, nến và hương được thắp từ trong đến ngoài, tạo cho ngày giỗ hết sức trang nghiêm. Mặc dù mùng 7 mới là chính lễ, nhưng việc cúng tế đã được chuẩn bị trước đó vài ngày.\n Mở màn giỗ tổ là tối mùng 6 – 2 với nghi thức cúng cầu quốc thái dân an, tuyên đọc sắc phong tổ sư thợ bạc Việt Nam của các vị vua Triều Nguyễn cho người tham dự, đặc biệt là người trong nghề hiểu biết xuất xứ của tổ nghề. Ngày chánh tế mùng 7 – 2, cúng ba “Viên” theo nghi thức lễ giỗ truyền thống. Viên thứ nhất cúng Chấp minh vào 8 giờ sáng để rước tổ sư. Viên thứ hai cúng Chánh tế tổ sư từ 22 giờ đến 24 giờ. Viên thứ ba diễn ra vào 16 giờ ngày 8 – 2, tế nghĩa từ - những người có công xây dựng Lệ Châu hội quán.\n Viên là cách gọi về mỗi phần lễ. Viên được tiến hành theo nghi thức cổ truyền, dâng phẩm vật như trà, bánh, trái cây, heo quay…Trong các viên, chánh hoặc phó hội trưởng Lệ Châu hội quán đọc văn tế đọc trong ngày giỗ tổ do soạn giả cải lương Viễn Câu sáng tác, thay vì xưa kia chỉ xây chầu hát bội. \n Những thành viên ban quản trị đền thờ trong bộ lễ phục áo dài khăn đóng, đứng trước Bài Vị tổ sư vái lạy. Bên trong đền, những người thợ bạc thắp hương và dâng mâm hoa quả xếp hình long, lân, quy, phụng với tấm lòng thành kính, biết ơn người đã có công truyền dạy nghề cho con chấu, giúp ích cho xã hội và mang lại cuộc sống ấm no cho gia đình họ.\n Nếu xưa kia, Lệ Châu Hội Quán là nơi hội họp quan trọng của những người thợ bạc vùng đất lục tỉnh thì ngày nay, Lệ Châu hội quán đã trở thành nơi để thợ kim hoàn thể hiện lòng biết ơn đối với tổ nghề. Chính nơi đây họ còn tìm thấy một sức mạnh tinh thần để có thêm niềm tin đối với bản thân cũng như nghề nghiệp.\n Viên là cách gọi về mỗi phần lễ. Viên được tiến hành theo nghi thức cổ truyền, dâng phẩm vật như trà, bánh, trái cây, heo quay…Trong các viên, chánh hoặc phó hội trưởng Lệ Châu hội quán đọc văn tế đọc trong ngày giỗ tổ do soạn giả cải lương Viễn Câu sáng tác, thay vì xưa kia chỉ xây chầu hát bội. \n Những thành viên ban quản trị đền thờ trong bộ lễ phục áo dài khăn đóng, đứng trước Bài Vị tổ sư vái lạy. Bên trong đền, những người thợ bạc thắp hương và dâng mâm hoa quả xếp hình long, lân, quy, phụng với tấm lòng thành kính, biết ơn người đã có công truyền dạy nghề cho con chấu, giúp ích cho xã hội và mang lại cuộc sống ấm no cho gia đình họ.\n Nếu xưa kia, Lệ Châu Hội Quán là nơi hội họp quan trọng của những người thợ bạc vùng đất lục tỉnh thì ngày nay, Lệ Châu hội quán đã trở thành nơi để thợ kim hoàn thể hiện lòng biết ơn đối với tổ nghề. Chính nơi đây họ còn tìm thấy một sức mạnh tinh thần để có thêm niềm tin đối với bản thân cũng như nghề nghiệp.\n ','',1),(25,4,' Lễ hội Chùa Ông',' Ngày lễ lớn trong năm là mùng 7 tháng 7 âm lịch có “Lễ Vu Lan” kéo dài từ 2 -3 ngày. Ngoài ra, còn có các ngày vía (theo ngày âm lịch): ngày 2/2 ngày vía ông Bổn, ngày 23.3 lễ vía Thiên Hậu Thánh mẫu, ngày 13/ 5 lễ vía Quan Bình; ngày 24/ 6 lễ vía Ông còn gọi là lễ vía Quan Thánh Đế; ngày 30/ 10 lễ vía Quan Châu. \nVào những ngày lễ Tết, đông đảo dân làng và khách từ các địa phương đến cúng. Loại nhang được dùng nhiều nhất trong lễ cúng là nhang khoanh, những cuộn nhang được treo lên từ nhỏ đến lớn buông xuống tạo thành hình xoắn ốc, giữa vòng xoắn ốc ấy có treo lủng lẳng một miếng nhựa màu vàng, trên đó ghi tên người cúng bằng tiếng Hoa, khói nhang bay phảng phất tỏa mùi thơm tạo thành một bầu không khí trang nghiêm và huyền ảo. \n','',1),(26,4,' Lễ hội cúng đình Bình Thủy',' Hàng năm, tại Đình Bình Thủy, ngoài các lễ cúng tế vào ngày rằm mỗi tháng và Tết Nguyên Đán, đình còn có 2 kỳ lễ hội lớn gắn liền dấu ấn sản xuất nông nhiệp, được tổ chức long trọng:\n	Lễ Hạ điền: Cúng đất đai bắt đầu vụ mùa mới (rằm tháng 4 Âm lịch).\n	Lễ Thượng điền: Tạ ơn và cúng ruộng đồng nghỉ ngơi (rằm tháng chạp Âm lịch).\nTrong những ngày này, khách thâp phương và dân làng tấp nập về dự lễ cúng đình, tế lễ. Sau phần lễ gồm có việc rước sắc thần cầu cho Quốc thái dân an, mùa màng tươi tốt bội thu là đến phần hội, đua thuyền, đô vật, các đoàn hát bội, cải lương được mời về biểu diễn cho dân xem, thi múa lân, hát xếp, hát tuồng… cho đến thâu đêm.\n','',1),(27,4,' Lễ Cholchonam Thomay',' Hàng năm vào ngày 13,14,15 tháng 3 âm lịch đông đảo đồng bào người Khmer Nam Bộ nhất là các tỉnh Trà Vinh, Sóc Trăng, An Giang lại nô nức đón mừng lễ Cholchonam Thomay. Ngày lễ này được xem như ngày tết cổ truyền của dân tộc Khmer, mang nhiều tên gọi khác nhau như lễ vào năm mới hay lễ chịu tuổi. Nếu năm nào rơi đúng vào năm nhuận thì ngày bắt đầu của lễ hội lùi lại một ngày.\nThời gian này mọi công việc đồng áng đều đã xong, nên mọi người đều có thời gian rãnh rỗi thỏa sức ăn tết. Mọi nhà đều làm bánh ngọt, bánh tét, hoa quả và hương đèn dâng lên chùa lễ Phật. Nhiều gia đình vào ở trong chùa làm công quả, vừa vui chơi vừa được dự lễ. Những nghi thức quan trọng trong ngày đầu năm mới cũng đều diễn ra tại chùa.\n\nNgày thứ nhất của lễ hội gọi là ngày \"Chôl Sangkran Thmây\"; ngày thứ hai gọi là \"Wonbơt\" và ngày cuối gọi là ngày \"Lơn Săk\". Trong đêm giao thừa, mọi nhà đều làm lễ tiễn đưa vị thần Têvôđa năm cũ và rước vị thần Têvôđa năm mới. Vì theo quan niệm của người Khmer thần Têvôđa là một vị tiên do Trời sai xuống coi sóc trong một năm. Và vào mỗi năm lại được thay thế bởi một vị khác. Hiện nay vẫn còn một số gia đình đúng vào đêm giao thừa họ đưa con trai vào chùa kính Phật, làm lễ quy y, vì đây là giờ lành tháng tốt, là giờ khắc tốt nhất trong năm.\n','',1),(28,4,' Tắm tượng Phật vào năm mới',' Trong ngày thứ nhất của ngày tết, mọi người phải tắm gội sạch sẽ, mặc quần áo đẹp mang theo lễ vật nhang đèn vào chùa làm lễ rước Sangkran, mọi người phải xếp hàng đi vòng quanh chính điện ba vòng làm lễ mừng năm mới. Sau lễ rước Sangkran, mọi người vào lễ Phật tụng kinh mừng năm mới. Đêm xuống, trai gái trong phum, sóc tụ tập về sân chùa, tham gia các sinh hoạt vui chơi giải trí, múa dù kê, rồbăm, múa lâmthôl, thả đèn gió...\n\nVào ngày thứ nhì, mọi người làm lễ dâng cơm cho các sư sãi. Theo tục lệ nhà chùa, vào ngày sóc, vọng, ngày tết, lễ... các tín đồ đi chùa lạy Phật phải góp phần nuôi sư sãi bằng cách mang cơm và thức ăn mời các nhà sư, đáp lại các nhà sư sẽ làm lễ tạ ơn cho những người làm ra hạt thóc, cũng như đưa những vật thực đến những linh hồn thiếu đói và sau khi ăn, các sư sãi làm lễ chúc phúc cho thí chủ. Buổi chiều, người ta tổ chức làm Lễ đắp núi cát. Mọi người tìm cho mình những mớ cát sạch đem đến chùa đổ thành đống quanh đền thờ Phật, bên ngoài hành lang trước sân chùa. Núi cát là tượng trưng cho vũ trụ và núi thứ chín ở giữa là trung tâm của thế giới. Tiếp theo là đến phần lễ quy y cho núi, đến ngày hôm sau thì làm lễ xuất thể. Tất cả các nghi lễ này đến ngày nay được gìn giữ gọi là Anisong Puôn Phnom khsach nghĩa là \"Phúc duyên đắp núi cát\"- Đây là một tập tục lưu truyền theo sự tích về một người làm nghề săn bắn từ lúc trẻ đến già đã giết rất nhiều muông thú. Ông được một nhà sư hướng dẫn tích phước bằng cách đắp núi cát, về già ông luôn ám ảnh bởi những loài thú mà ông đã săn bắn, chúng lúc nào cũng đòi mạng ông, nhưng nhờ ông tích phước từ việc đắp núi cát nên ông tỉnh táo bảo các loài chim muông hãy đi đến hết những hạt cát mà ông đã đắp, sau đó hãy đòi nợ ông. Nhưng do ông đã đắp quá nhiều núi cát nên các loài muông thú không tài nào đi hết, nên bọn chúng kéo nhau đi và từ đó ông thợ săn già cố gắng tích đức cho đến một ngày ông về với cõi Phật.\n','',1),(29,4,' Lễ Kỳ Yên',' Lễ Kỳ Yên  thường được tổ chức tầm khoảng giữa tháng 3, tháng tư âm lịch. Cá biệt, cũng có nơi cúng vào tháng Bảy âm lịch và tháng 11 âm lịch. Trong chuyến du lịch Cần Thơ 2 ngày 1 đêm đúng dịp, nếu tranh thủ ít thời gian tham gia lễ Kỳ Yên hẳn là một điều vô cùng thú vị. Lễ hội quá quen thuộc với người Miền Tây nói chung và miệt  Cần Thơ nói riêng nhằm  cầu an và để tỏ lòng tôn kính đối với Thành Hoàng, vị thần đã bảo hộ cho dân làng một năm làm ăn nhiều thuận lợi. Ngoài ra còn có lễ Thượng Điền và Hạ Điền. Tuy nhiên, do nghi thức lễ Thượng Điền, Hạ Điền và Kỳ Yên giống nhau nên hầu hết các đình ở Cần Thơ đã gộp lại thành một để cúng chung. Những kỳ lễ này mang ý nghĩa rất quan trọng với đời sống người dân Miền Tây nên được tổ chức rất quy mô, long trọng. Long trọng nhất có lẽ là lễ rước “sắc thần” của đình. Đối với đình làng, “sắc thần” và “ấn kiếm” là những bảo vật linh hồn của ngôi đình. Bởi lẽ đây là biểu tượng được vua ban phát. Theo nhiều tài liệu cho rằng: “Sắc thần là một tờ giấy súc khá tốt, dai, khổ giấy từ 1m20 đến 1m50 với chiều dài, từ 0,50m đến 0,60m với chiều rộng, dày, màu vàng. Mặt giấy có in nền chìm bằng dụ ngân hình rồng ẩn trong mây, chung quanh có khung hồi văn chữ vạn, nên gọi long đằng chỉ (giấy hình rồng dùng để sao chép), hoặc chữ đinh hay hoa lá dây chéo nhau. Mỗi sắc thần thường có từ 5 đến 11 hàng dọc, chép từ phải qua trái. Dòng cuối cùng đề niên hiệu, tháng, ngày cấp sắc. Ấn vàng của nhà vua dùng son phụng màu đỏ đóng lên hàng chữ đề niên hiệu, ngay giữa dòng chữ này, kể từ chữ (niên) trở xuống, ấn hình vuông, có bốn chữ viết theo lối triện là Sắc Mệnh Chi Bửu”. Đó cũng là lý do vì sao có nhiều câu chuyện xung quanh việc đánh cắp “Sắc thần”. Và một ngôi đình mà không có “sắc thần” thì cũng gần như một nhà không có chủ và không được công nhận. Vì thế, ngày xưa “sắc thần” thường được để trong nhà của hương chức hoặc những người trong ban tế lễ. Những người này phải là những người có uy tín và phẩm hạnh  mới xứng đáng được cất giữ sắc thần.\nNghi lễ thỉnh sắc thần thường được bắt đầu bằng một hồi trống để báo cho dân làng biết để bày hương án hai bên đường làm lễ tạ ơn. Sau đó là chiêng, trống được gióng lên để báo hiệu giờ rước bắt đầu. Chiêng, trống dẫn đầu đoàn rước. Kế đến là những người trong ban tế tự. Kế đến là hai viên chức của làng với một người ôm ấn kiếm của thần và người kia bưng dàn lỗ bộ nhỏ. Tiếp theo là những người ăn mặc như lính hầu đi hai bên. Mỗi bên khoảng từ 4 đến 5 người tay cầm cờ, phướn, đao, kiếm, thương,…Nếu rước bằng đường thủy thì có thêm bè thủy lục, rước bằng đường bộ thì có thêm long đình.\nLại nói về bè thủy lục là một chiếc bè lớn được ghép từ 2 đến 3 chiếc bè. Bè thủy lục được trang  trí lồng đèn, đặt kiệu đỏ và có cả múa lân biểu diễn. Điều quan trọng là có cả hộp đựng “sắc thần” , nhạc lễ, các quan chức trang nghiêm hầu “sắc thần”.\nLong đình vốn là một ngôi đình thu nhỏ, thường làm bằng gỗ và được sơn son thếp vàng. Long đình đặt trên bàn do bốn người ăn mặc như lính hầu khiêng kiệu. Đi sau bè thủy lục hoặc long đình là những người khiêng kiệu và các thành viên trong hội đình. Theo nghi thức thì khi đám rước vào tới nơi đặc sắc thần thì các vị chức sắc vào tế một tuần hương, ba tuần rượu  và đọc một bài văn tế. Sau khi hết bài văn tế, người đứng đầu bưng hộp sắc thần trao cho chánh hội. Sau đó đích thân ông chánh hội mang hộp “sắc thần” đặt vào long đình hoặc đưa xuống be thủy lục để rước về đình. Khi về đến đình, các vị chức sắc đình lại tế một tuần hương, ba tuần rượu và một tuần trà để thỉnh sắc thần vào đình. Kế đó, các chức sắc đình tiếp tục dâng để ra mắt thần. Dân chúng đến lễ bái, dâng hoa quả, bánh trái và góp tiền để ủng hộ đình tế lễ kỳ yên. Sắc thần được để tại đình trong 3 ngày lễ sau đó lại đưa về nơi cất giữ gọi là hồi sắc. Nghi lễ hồi sắc cũng là một tuần hương, ba tuần rượu và một tuần trà cùng với bài văn tế hộ tống. Khi sắc thần đến nơi cất giữ lại phải hành lẽ an vị với một tuần hương, ba tuần rượu và một tuần trà. Sau đó đám rước mới kết thúc.\nVà hầu như trong mỗi hội đình của Miền Tây , đặc biệt là lễ lớn Kỳ Yên thì không thể thiếu hát bội. Và hát bội được xem là nghệ thuật đình chùa của miền Tây. Với lễ Kỳ Yên, không những chỉ có hát bội mà còn có khách mời đến dự. Các vị khách này sẽ được tham gia hội đình và thưởng thức những vở hát bội với nội dung và diễn xuất thú vị và ý nghĩa.\nĐược tham gia lễ Kỳ Yên là vinh dự  của nhiều người. Đó cũng là một trong những kinh nghiệm du lịch Cần Thơ. Kinh nghiệm đó như muốn mách cho bạn rằng nếu du lịch Cần Thơ vào dịp lệ hội, nhớ ghé tham dự lệ hội Kỳ Yên mà xem hội cầu an.\n','',1),(30,5,' Lễ hội đền Thái Vi',' Hội được tổ chức hàng năm từ ngày 14 đến ngày 17 tháng 3 âm lịch tại thôn Văn Lâm, xã Ninh Hải, huyện Hoa Lư. Đây là dịp để nhân dân Ninh Bình và nhân dân cả nước tưởng nhớ công lao các vua Trần - những người có công lớn với dân với nước.\n Phần lễ được tiến hành dưới hai hình thức: rước kiệu và tế. Rước kiệu ở đền Thái Vi không chỉ có một đoàn, mà là trên 30 đoàn của các xã trong huyện Hoa Lư và trong tỉnh Ninh Bình. Sau phần rước kiệu là đến phần tế. Tế là nghi lễ quan trọng được tổ chức trước Đền. \nPhần hội ở đền Thái Vi thực sự là phần vui chơi giải trí của nhân dân và những người đến dự hội, gồm các trò: múa lân, múa rồng, đánh cờ người, đấu vật, bơi thuyền ngoạn mục... \n','',1),(31,5,' Lễ hội đền Địch Lộng ',' Lễ hội được tổ chức vào hai ngày: mùng 6 và mùng 7 tháng 3 (âm lịch) tại chùa Địch Lộng thuộc xã Gia Thanh, huyện Gia Viễn. \nPhần lễ tổ chức dâng hương và lễ Phật theo nghi thức nhà Phật. \nPhần hội cũng tổ chức các trò chơi dân gian như: múa lân, múa rồng, cờ tướng, thi viết chữ nho... \n','',1),(32,5,' Lễ hội chùa Bái Đính',' Hội được tổ chức vào ngày mồng 6 tháng giêng hàng năm tại thôn Sinh Dược, xã Gia Sinh, huyện Gia Viễn. Cũng như các lễ hội khác, hội gồm có hai phần là phần lễ và phần hội. \nPhần lễ thường tổ chức dâng hương, tưởng nhớ các vị anh hùng có công với nước với dân. \nPhần hội kéo dài từ 3 đến 5 ngày, tổ chức các trò chơi dân gian như: đánh cờ, đấu vật... \n','',1),(33,5,' Lễ hội Báo bản Nộn Khê',' Lễ hội được tổ chức vào ngày 14 tháng giêng (âm lịch) hàng năm tại đình làng Nộn Khê, xã Yên Từ, huyện Yên Mô. \nPhần lễ ngoài việc tổ chức tế, dâng hương tôn vinh công đức của các vị tiền bối lập ra làng xã, còn dâng hương tưởng nhớ, tỏ lòng biết ơn các liệt sỹ là con em của làng. Một nét độc đáo của lễ hội Báo bản là kính báo lên Thành Hoàng, các bậc tiên tổ về sự thành đạt, hiếu học của con em dân làng và những thành tích của làng đã đạt được trong năm cũ. \nPhần hội cũng có những trò vui chơi giải trí như các lễ hội khác. \n','',1),(34,5,' Lễ hội đền Nguyễn Công Trứ \n',' Lễ hội tổ chức vào 3 ngày, từ ngày 13 đến ngày 15 tháng 11 (âm lịch) tại đền Nguyễn Công Trứ thuộc xã Quang Thiện, huyện Kim Sơn. Ngày 13 tế yết cáo, ngày 14 tế chính kỵ, ngày 15 tế tạ. Hình thức tế theo phong tục tế lễ như các lễ hội khác. \nPhần hội có các trò dân gian như: múa lân, đấu vật, thi bơi trải trên sông Ân... ','',1),(35,6,'Lễ hội trọi trâu',' Giới thiệu về Lễ Hội Đâm Trâu ở Tây Nguyên\nTheo truyền thuyết của đồng bào Tây Nguyên, con trâu là biểu tượng của tín ngưỡng vật tổ. Đồng bào “ăn trâu” để tạ ơn thần linh, để được tổ chức vui chơi và cũng để khẳng định uy tín, danh vọng của gia đình, buôn làng.\nLễ hội ăn trâu thường diễn ra vào lúc nông nhàn, mọi người vui chơi, nghỉ ngơi để chuẩn bị cho mùa rẫy mới, thường vào tháng ba hoặc tháng tư âm lịch.\nĐầu tiên dựng nêu, cây nêu được xem là lễ đài của buổi lễ, vì thế nó không những phải cao vút, bề thế mà còn phải trang nghiêm, đầy chất huyền thoại. Cây nêu được làm bằng cây tre, được kết bằng lá cây non, cây sra, trên ngọn còn được treo một con Phượng Hoàng làm bằng gỗ được tô nhiều màu, trên thân cây nêu luôn đủ các hình: tổ ong, chim én, hình người, xâu lục lạc,…\nGà gáy báo sáng cũng là lúc người ta gọi “Thần lúa” và hát khóc trâu để vỗ về, an ủi, tiễn biệt con vật yêu quý trước khi làm lễ hiến sinh. Trong lúc đó, thầy cúng lấy một chiếc nồi đồng đem ra đặt ở trước nhà, đứng hai chân trên miệng nồi rồi làm phép cúng vái. Trời vừa tản sáng, người ta mang một ché rượu nhỏ giết một con gà để cúng hồn trâu. Một thanh niên nhanh nhẹn, thông minh và lực lưỡng nhất được cử ra để nhận lãnh trách nhiệm đâm trâu.\nAnh chạy theo con trâu quanh cột cây nêu, tay cầm con dao Kgã, vừa chạy vừa múa dao, thừa lúc thuận tiện anh cầm chém đứt khuỷu chân trái sau con trâu. Bị đau, con vật lồng lộn chạy bằng ba chân, anh rượt theo, vừa múa dao, thừa lúc thuận tiện nhất anh chém tiếp chân phải của nó. Con vật ngã khuỵu hai chân sau, lết quanh chân cây nêu. Lúc bấy giờ anh mới dùng cây giáo dài, vừa múa vừa chạy theo để đâm mạnh vào sườn con trâu trong tiếng reo hò cổ vũ của mọi người tham dự.\nCon trâu vừa chết, thầy cúng mang sẵn chiếc nồi đồng to tướng trong đó có chứa ít rượu đem đặt ngay cạnh vết thương con vật để hứng lấy máu. Máu hòa với rượu để cúng Giàng (thần). Người thầy cúng còn cắt một tí tai, mũi, mắt và lông đuôi con trâu rồi lấy máu bôi vào hai que tre xin keo. Sau đó, thầy cúng đem những thứ nói trên vào nhà làm lễ và đặt hai que tre lên mái nhà. Thịt trâu được xẻ ra và chia đều cho mọi người trong làng. Mọi người cùng ăn uống múa hát cho đến tận hôm sau.\n\n','',1),(36,6,' Lễ Hội Cồng Chiêng',' Giới thiệu về Lễ Hội Cồng Chiêng ở Tây Nguyên\nLễ hội cồng chiêng là một lễ hội được tổ chức hàng năm theo hình thức luân phiên tại các tỉnh có văn hóa cồng chiêng, trong đó có Lâm Đồng.\nLễ hội được tổ chức nhằm quảng bá hình ảnh Không gian văn hóa Cồng Chiêng Tây Nguyên đã được UNESCO công nhận là di sản truyền khẩu và phi vật thể nhân loại. Tại đây, những lễ hội dân gian đặc sắc của các dân tộc Tây Nguyên sẽ được dựng lại, nhằm kêu gọi cộng đồng cùng chung sức bảo tồn và phát huy những giá trị văn hóa của đồng bào các dân tộc. Cồng Chiêng Tây Nguyên là nơi tiết tấu và giai điệu gặp nhau. Mỗi nhạc công chơi một nốt và một mô hình tiết tấu, kết hợp lại thành bè, thành giai điệu. Cồng Chiêng Tây Nguyên bảo lưu được hình thức diễn xướng tập thể – cộng đồng, hợp tấu bằng cách nghe nhau, tức phải có tâm linh cộng đồng ứng vào. Hoàn toàn xa lạ với việc cá nhân hóa, nghệ sĩ hóa người biểu diễn, văn hóa cồng chiêng chỉ còn ở Đông Nam Á, và nguyên thủy nhất ở Tây Nguyên.\nMột nghệ thuật thiêng “Cồng chiêng càng cổ bao nhiêu thì thần chiêng càng mạnh bấy nhiêu…Người chủ nhiều cồng chiêng không chỉ là người nhiều của cải mà cái chính là được sức mạnh của thần chiêng phù hộ” (GS. Tô Ngọc Thanh).\nNgay khi đứa trẻ vừa ra đời, người ta đã đem cồng đến đánh bên tai nó, gọi là lễ thổi tai. Cồng chiêng luôn có mặt trong các lễ cúng từ khi con người còn là thai nhi trong bụng mẹ cho tới khi vĩnh biệt cuộc đời, chưa kể trong vô số nghi lễ nông nghiệp ở Tây Nguyên, kéo dài từ tháng ba đến tháng mười hai.\nTrong mỗi lễ hội, cồng chiêng là phương tiện duy nhất để con người thông linh (với thần), giao hòa với trời đất và giao tiếp trong cộng đồng. Đánh cho khỉ trên cây cũng quên bám chặt vào cành đến ngã xuống đất. Đánh cho ma quỉ mải nghe đến quên làm hại người.\n','',1),(37,6,' Lễ Cúng Thần Suối',' Giới thiệu về Lễ Cúng Thần Suối ở Tây Nguyên\nLễ cúng thần Suối là một trong những lễ hội quan trọng trong hệ thống các lễ hội cổ truyền của người Mạ ở Tây Nguyên. Lễ cúng được tổ chức vào khoảng tháng 3 hàng năm, với mục đích tạ ơn thần nước đã đem lại những may mắn trong năm cũ và cầu mưa thuận gió hòa, mùa màng thuận lợi cho năm sau và thường được tiến hành vào sau khi thu hoạch vụ mùa và Lễ mùng lúa mới.\nĐể làm lễ cúng, người ta chọn một ngày tốt làm vệ sinh buôn, dọn Suối (chọn chỗ nào có bến rộng) và soạn lại máng nước, làm thịt lợn, gà để hiến tế cúng các thần: Thần đất, thần nước, thần núi, tổ tiên. Tất cả dân làng tập trung ra Suối (khu vực đã chọn), thầy cúng sẽ chủ trì lễ cúng với mâm đồ cúng là thịt lợn, gà và quan trọng nhất là một chậu tiết pha loãng.\nKhu vực Suối (chỗ chuẩn bị cúng) hôm đó được trang hoàng với cổng chào bằng lá cây, cỏ lá dài, có treo đồ vật trang trí, có dựng cả trụ trang trí dạng như cây nêu của người Kinh. Sau khi làm thủ tục cúng xong ở Suối, mọi người cùng lấy nước vào các vật đựng nước thường là các quả bầu khô, bỏ vào gùi và cõng về nhà lấy khước.\nTrong khi đó một đoàn người sẽ theo chủ lễ đi đến cầu thang từng nhà, hát cầu cúng và rưới tiết vào chân cầu thang để cầu may cho chủ nhà. Sau đó cả buôn làng tập trung về nhà cộng đồng để ăn tiệc, uống rượu cần và nhảy múa trong không khí của lễ hội với âm vang cồng chiêng rộn rã…\n\n','',1),(38,6,' Lễ Cúng Thần BơMung',' Giới thiệu về Lễ Cúng Thần BơMung\nNgười Chu Ru có mặt tại một số địa phương thuộc tỉnh Lâm Đồng và một số ít ở tỉnh Ninh Thuận, Gia Lai.\nNgười Chu Ru là một dân tộc đã định canh định cư và làm ruộng từ lâu đời. Nên họ thường làm những mương phai và những đề cập để dẫn nước từ sông, suối vào ruộng. Mỗi làng thường có một người phụ trách công việc thủy lợi và hai người giúp việc gọi là Trưởng thủy cũng do tập thể các thành viên trong làng bầu ra.\n\nNgười Chu Ru còn lưu giữ nhiều phong tục tập quán như việc thờ cúng tổ tiên và tín ngưỡng đa thần.\nViệc tiến hành các nghi lễ nông nghiệp cổ truyền, như cúng thần đập nước (Bơ mung), thần mương nước (Rơ bông), thần lúa khi gieo hạt (Mơ nhum tô ốt đoồng hay khâu doông), ăn mừng lúa mới (ngay yang boong ko pa tay), cúng sau mùa gặt (p’lei đây ru). Đáng chú ý nhất, là lễ cúng thần Bơ mung. Trong mỗi vùng cư trú của người Chu Ru, có một nơi dành riêng để thờ cúng vị thần này. Hàng năm, khoảng tháng hai âm lịch, tất cả mọi người trong làng đều đến đây làm lễ cúng.\nDân làng thường cúng bằng dê, còn chủ làng thường phải cúng bằng ngựa. Tục truyền là vị thần này ưa cưỡi ngựa. Con ngựa cúng thần cũng phải thắng yên cương và phủ lễ phục. Cúng xong, tất cả mọi người tham gia hành lễ cùng ăn uống vui vẻ.\n\n','',1),(39,6,'Lễ Hội Trà',' Nguồn gốc lễ hội Trà ở Đà Lạt – Lâm Đồng\nLâm Đồng có 26.000ha trồng chè, là tỉnh chiếm 21% diện tích cây chè (trà) và 27% sản lượng chè của cả nước; Trà hương B’Lao được người tiêu dùng trong và ngoài nước biết đến hơn nửa thế kỷ qua; tại Đà Lạt có Nhà máy chè Cầu Đất – một thương hiệu Sao vàng đất Việt đến nay đã 80 năm tuổi và vẫn đang hoạt động hiệu quả. Mục đích của Lễ hội văn hóa trà là nhằm tôn vinh nghề trồng và chế biến trà, đồng thời để quảng bá những thương hiệu trà nổi tiếng của tỉnh Lâm Đồng nói riêng và cả nước nói chung.\nTổng quan về lễ hội Văn hóa Trà\nViệc tổ chức lễ hội văn hóa trà ở Lâm Đồng không chỉ nhằm mục đích tôn vinh những người làm trà, quảng bá cho các sản phẩm trà của địa phương, giao lưu, hợp tác phát triển nghề trà mà còn góp phần hình thành một nếp sinh hoạt uống trà trong người dân, nhất là trong giới trẻ.\nLễ hội còn có các chương trình hưởng ứng do các doanh nghiệp ngành trà đảm nhận như chương trình tham quan vùng nguyên liệu trà với chủ đề “Hương sắc trà B’Lao”, Hội thi hái trà, chương trình nghệ thuật “Sắc màu Nam Tây Nguyên”, Hội thi “Kiến thức trà và cuộc sống”, Liên hoan “Giọng hát hay xứ trà” và nhiều chương trình khác.\nĐặc biệt là không gian lễ hội mở rộng tổ chức ở cả 3 địa bàn còn lại làm nghề trà là huyện Bảo Lâm, Di Linh, và Cầu Đất (Tp Đà Lạt).\nĐến với lễ hội văn hóa trà, không những là ngày hội lớn gắn với niềm tự hào của những người làm trà mà còn là dịp để các làng trà, doanh nghiệp và cá nhân hoạt động trên lĩnh vực trà trong cả nước giao lưu, học hỏi kinh nghiệm trong sản xuất, kinh doanh, giới thiệu, quảng bá thương hiệu trà; Đồng thời đây là môi trường thuận lợi về hợp tác đầu tư được tạo ra để ngành trà Lâm Đồng nói riêng và cả nước nói chung tiếp tục phát triển trong bối cảnh hội nhập kinh tế khu vực và thế giới.\n\n','',1),(40,6,' Festival Hoa ',' Đà lạt có điều kiện thuận lợi cho Festival Hoa\nNằm ở độ cao 1.500m so với mặt nước biển, Đà Lạt ẩn mình trong những rừng thông bạt ngàn trên Cao nguyên Langbiang và được “trời ban cho” một khí hậu trong lành, mát mẻ quanh năm, điều kiện lý tưởng cho nhiều loài hoa khoe sắc rực rỡ. Du khách đến với Đà Lạt sẽ không khỏi ngỡ ngàng khi đắm mình vào một không gian hoa tràn ngập mọi lúc, mọi nơi. Ven đường đi, những đóa dã quỷ sắc vàng rực rỡ xen lẫn giữa màu xanh của rừng thông, hoa trinh nữ như những cục bông tim tím nhỏ xinh, hoa cánh bướm với màu hồng mỏng manh… Bên tường rào hay trên vách nhà ai thấp thoáng đóa tường vi trắng, những hoa giấy tím hồng…\nThành phố Hoa, mỹ hiệu này được du khách ưu ái ban tặng cho Đà Lạt từ lâu. Thật vậy, nhờ khí hậu mát mẻ và ấm áp quanh năm mà các nhà khí hậu học gọi Đà Lạt là “Thành phố của mùa xuân”, nơi đây rất thích hợp để trồng hoa và lý tưởng đối với du khách, do đó, thế mạnh của Đà Lạt là trồng hoa và du lịch.\nTỉnh Lâm Đồng có khoảng 3.449ha với sản lượng hoa các loại trên 1 tỷ cành năm. Mỗi năm, ngoài số lượng hoa phục vụ cho thị trường nội đại, địa phương này còn xuất khẩu hoa với doanh thu rất lớn. Riêng thành phố Đà Lạt có khoảng 30 công ty và hơn 5000 hộ gia đình chuyên trồng và kinh doanh cung cấp hoa cho thị trường trong nước và quốc tế. Với các loài hoa đặc biệt của Đà Lạt được giới thiệu với thế giới, như: hoa Hồng, Mimosa, Xác Pháo, Forget me not, Cẩm Chướng, Nhật Quỳnh, Cẩm Tú Cầu, Pensée, Layơn, Thu hải Đường, Thạch Thảo, Hoa Mõm Sói, Phượng Tím, các loài hoa Phong Lan độc đáo…\nTổng quan của Festival Hoa ở Đà Lạt\nNhằm tôn vinh người trồng hoa, từ năm 2005, cứ 2 năm một lần thành phố Đà Lạt đã long trọng tổ chức lễ hội Hoa mang tên “festival Hoa Đà Lạt” vào dịp cuối năm nhằm phục vụ người dân địa phương và thu hút du khách đến tham quan Đà Lạt. Sân khấu chính của lễ hội thường được dàn dựng trên mặt nước của long Hồ Xuân Hương với hàng ngàn diễn viên chuyên nghiệp và quần chúng tham gia biểu diễn để diễn đạt những thông điệp của lễ hội đến mọi người. Ngoài hai chương trình khai mạc và bế mạc rất ấn tượng, còn có các chương trình đặc sắc và phong phú khác như: hội chợ triển lãm hoa, diễu hành hoa trên đường phố với nhều hoa lớn nhỏ, hội chợ thương mại, lễ hội tình yêu và lễ cưới tập thể của những đôi uyên ương từ mọi miền của đất nước tập trung về đây, lễ hội rượu vang, chương trình chinh phục đỉnh Langbiang…\n\n','',1),(41,7,'Lễ Hội Nào Cống',' Từ thập kỷ 50 về trước, Tả Van có một ngôi miếu thờ 3 gian. Ngôi miếu dựng ở ngay đầu cầu treo sang làng Tả Van Giáy. Ngôi miếu trở thành địa điểm tổ chức lễ “Nào Cống” của cả vùng thung lũng Mường Hoa.\nHàng năm vào ngày Thìn, tháng 6 âm lịch, các làng người Mông, người Dao, người Giáy ở Mường Hoa đều tập trung về miếu thờ làm lễ “Nào Cống”. Mỗi gia đình cử một người đại diện (có thể là chồng hoặc vợ), không phân biệt nam, nữ, già, trẻ. Lễ “Nào Cống” có 3 phần: Phần nghi lễ cúng thần, phần công bố quy ước chung cả vùng và phần ăn uống.\nNgôi miếu thờ được người Mông gọi là “Chế đáng” (Tsêr đăngz). Miếu thờ có 3 gian, gian giữa thờ hai viên quan họ Đào, họ Nguyễn đã có công an dân và xây dựng Mường Hoa. Một gian bên trái thờ thần núi (Sơn thần), thần Suối Hoa (Long Vương), người Giáy gọi là “Sía po”, “Sía ta”, người Mong gọi là “Thủ Ti”, “Lùng Vàng”. Một gian bên phải thờ các bà nàng vợ hai ông quan họ Đào, họ Nguyễn. Lễ Vật dân cúng là trâu đen, lợn đen và gà vịt do các làng đóng góp mua. Làng Tả Van Giáy còn có trách nhiệm chuẩn bị vàng hương, bát đĩa dâng cúng.\nTrước đây, người chủ lễ phải mời thầy mo người Tày của Mường Bo. Từ thập kỷ 40 – 50 của thế kỷ này, chủ lễ là thầy mo của người Giáy ở Tả Van. Thầy mo ăn mặc áo dài, quần thụng (kiêng đội mũ, khăn) trịnh trọng đọc lời cúng các thần kinh. Nọi dung bài cúng là mời các thần về dự lễ, cầu mong các thần phù hộ người yên vật thịnh, được mùa.\nSau lễ cúng, chức dịch Mường Hoa lên đọc quy ước chung của cả Mường… Nội dung bản quy ước đề cập đến 4 vấn đề:\n•	Vấn đề trị an của các làng: không được trộm cắp, có biện pháp phòng ngừa kẻ xấu nơi khác đến trộm cắp.\n•	Vấn đề bảo vệ rừng: Các làng người Mông, người Dao, người Giáy, phải chú ý làm rẫy, cấm lấy củi hái măng ở khu rừng cấm thờ thổ thần và khu rừng chung đầu nguồn nước của làng…\n•	Vấn đề chăn dắt gia súc : Quy ước có quy định cụ thể thời gian cấm thả rông gia súc. Hàng năm từ ngày 15 tháng chuột (tháng 10 âm lịch) đến này Thìn tháng giêng (ngày mở hội xuống đồng) người dân mới được thả gia súc. Ngoài khoảng thời gian trên, cấm mọi người thả rông gia súc để tránh bị phá hoại mùa màng.\n•	Vấn đề ứng xử xã hội: Các quy ước của cả vùng đều đề cập đến quan hệ tương trợ giúp đỡ lẫn nhau, giúp gia đình có tang… đồng thời phê phán quan hệ nam nữ không lành mạnh, “Cấm kéo đàn bà, con gái vào trong núi”…\nKết thúc phần đọc các quy ước, người chức dịch còn nhấn mạnh “Hôm nay, tôi nói cho mọi người biết như thế, từ đây mọi người trở về nhà phải tuân theo những lý lối này và kể cho cả nhà được biết để tuân theo”.\nKhác với lễ “Nhặn sồng”, “Nào sồng”, lễ “Nào Cống” không tổ chức bàn bạc thảo luận quy ước, mọi người đến dự chỉ có trách nhiệm tuân theo quy ước do chức dịch đã phổ biến.\nKết thúc phần phổ biến quy ước, mọi người dự lễ “Nào cống” đều vui vẻ ngồi vào mâm ăn uống cộng cảm. Dân làng nào tự nấu lấy thức ăn cho làng ấy và cùng ăn với nhau ở ngoài miếu. Trong miếu, chỉ có các chức dịch (lý trưởng, phó lý, thầy mo) được ngồi ăn. Trong làng, gia đình nào không có người đến dự, người khác sẽ dành phần thức ăn mang về.\n','',1),(42,7,'Lễ Tết Nhảy',' Tết nhảy là lễ hội quan trọng và được chuẩn bị khá công phu của người Dao ở Tả Van. Trước Tết, nam thanh niên ôn luyện các điệu nhảy múa. Các thiếu nữ lo nhuộm chàm, thêu áo mới. Lễ Tết nhảy thường diễn ra ở nhà ông trưởng họ và các thành viên trong họ đều tấp nập đến giúp trưởng họ chuẩn bị Tết. Bàn thờ tổ tiên “Chụ chông” thường nằm ở gian giữa hướng về bếp chính được trang trí rực rỡ sắc màu hoa văn. Cửa bàn thờ dán tranh cắt giấy biểu tượng mào gà trống và Tam thanh. Nóc bàn thờ phía trước nổi bật sắc đỏ rực của hoa văn “Mặt trời”. Hai bên bàn thờ đều dán câu đối trên giấy hồng điều với nội dung cầu mong “Người yên vật thịnh”, “Uống nước nhớ nguồn”.\nSáng sớm ngày mùng một, khi sương đêm vẫn còn đọng trên cành lá, những bông hoa đào hoa mận chưa kịp đón ánh nắng mặt trời, cả gia đình ông trưởng họ đều tệ tựu quanh bàn thờ. Sau khi làm lễ báo tổ tiên, tất cả người trong gia đình cầm dao, cầm cuốc ra cửa chính, vượt khỏi khuôn viên, đến trước cây đào (hoặc cây mận). Gia chủ vung dao giận dữ nói với cây: “Mày là cây đào được người vun trồng, chăm sóc, sao mày không sinh hoa, sinh quả, bây giờ tao phải chặt mày đi”. Dứt lời, gia chủ dứ dứ con dao vào gốc cây. Một người vội vàng van nài: “Tôi xin ông, lậy ông đừng chặt tôi, năm nay thế nào tôi cũng đẻ hoa, đẻ quả”.\nTuỳ theo từng dòng họ, Tết nhảy có thể tổ chức vào ngày mùng một hoặc mùng hai tết. Khi tổ chức, cả dòng họ tập trung tại nhà trưởng họ. Nam giới phụ lễ, tham gia nhảy đồng, gọi là “sài cỏ”. Chỉ có một số nam giới có khả năng mới làm được “Sài cỏ”. Còn những người khác phụ bếp, giúp việc.\nTrước bàn thờ tổ tiên, thầy cúng chính “Chói peng pi” trịnh trọng và nghiêm khắc điều khiển hướng dẫn các “sài cỏ” (người mới tập nhảy) lắc và rung toàn thân. “Chói peng pi” chảy trước, các “sài cỏ” nhảy sau. Vừa nhảy vừa đọc bài khấn trình thưa với tổ tiên mục đích ý nghĩa tổ chức lễ Tết nhảy. Thầy mo rúc tù và, “Chải peng pi” ra giữa sân dùng chiếc sừng trâu hướng về bốn phương tám hướng rúc 3 hồi gọi chư thần thượng giới xuống dự lễ. Một số “sài cỏ” hú lên một hồi dài lao vào bếp lửa tắm than. Than đỏ rực và dường như họ có phép màu nên không một ai có cảm giác bỏng. Tắm than nhằm làm cho người “trong sạch” chuẩn bị đón rước tổ tiên về. Tiếng hú lại vang lên, các chàng trai lại lao vào bếp than cả vai, tay chân vững vàng trong than lửa. Bếp than thì tàn còn các “sài cỏ” vẫn khoẻ mạnh.\nSau lễ trình báo tổ tiên, thầy cúng và các phụ lễ nhảy 14 điệu nhảy. Mỗi điệu nhảy lại thể hiện những động tác khác nhau và đều có tính biểu tượng cao. Điệu nhảy “Plây Thiên Tả Vàng” nhằm chào đón các vị thần trên thượng giới về dự lễ nhảy theo điệu cò bay “Pê họ”. Điệu nhảy luôn cúi đầu, hai bàn tay xoè ra và chỉ xuống đất. Điệu nhảy chào bố mẹ đã khuất nhảy một chân, ngòn tay trỏ bên phải luôn chỉ ngược cùng chiều với nhịp nhấc của chân phải. Điệu nhảy chào sư phụ, nhảy một chân nhưng hai tay đặt lên đùi, đầu cúi chào trịnh trọng. Điệu nhảy mời tiên nữ xuống dự khá uyển chuyển, mềm mại, hai cánh tay múa theo cánh hạc bay…v.v. Các điệu nhảy mở đường, xua tà ma, người nhảy thể hiện sự mạnh mẽ và hùng dũng.\nKhi nhảy bao giờ cũng phải nhảy lò cò một chân. Nhảy hết một vòng tròn, nhảy quay lại bàn thờ để lạy tạ. Kết thúc các điệu nhảy, cả dòng họ làm lễ rước tổ tiên.\nTết nhảy diễn ra từ cuối giờ Thìn đến giờ Dậu với tổng hợp các loại hình nghệ thuật dân gian. Đó là nghệ thuật múa nhảy đan xen với nghệ thuật âm nhạc. Đó là nghệ thuật ngôn từ kể về sự tích dòng họ, công lao tổ tiên. Đó là nghệ thuật tạo hình với các loại tranh thờ, tranh cắt giấy, điêu khắc tượng gỗ… sinh hoạt tết của người Dao đỏ Tả Van giầu bản sắc, độc đáo nhưng đều thấm đậm tính nhân văn.\nTrong Lễ hội còn có hội hát giao duyên của trai gái trong bản và các trò chơi mang đậm nét văn hóa của đồng bào các dân tộc thiểu số như: ném còn, bịt mắt bắt dê, đẩy gậy, leo cột mỡ, đi cầu tre… thu hút rất nhiều khách du lịch trong nước và quốc tế đến tham gia và khám phá\n','',1),(43,7,'Lễ hội Nhặn Sồng và Nào Sồng',' Đây là Lễ hội của người Dao đỏ ở làng Giàng Tả Chải (Tả Van – Sa Pa). Trước đây, vào những ngày tốt của tháng đầu năm hàng năm, người Dao ở Giàng Tả Chải thường tổ chức lễ “Nhặn Sồng” (1) ở khu rừng cấm của làng. Từ đầu thập kỷ 50, do sự gia tăng dân số, nạn phá rừng làm nương rẫy cũng phát triển, nên chỉ năm nào rừng bị phá nhiều, trâu ngựa thả rông phá vườn tược hoa mầu, người Dao mới tổ chức lễ “Nhặn Sồng”. Đồ cúng lễ là một con lợn (to hay nhỏ tuỳ thuộc số người đến dự nhiều hay ít). Con lợn này luân phiên hàng năm từng hộ gia đình trong làng nuôi dưỡng. Lợn dâng cúng phải là lợn có lông đen tuyền, khoẻ mạnh, béo tốt.\nNgày làm lễ, mỗi hội gia đình cử từ một hay hai người nam giới đi dự. Người đi dự lễ đều mặc quần áo đẹp, mang theo nửa lít rượu và một bát gạo, nét mặt hồ hởi tiến vào khu rừng hay bị phá nhất. Địa điểm họp có khi cũng chọn ngôi nhà gần khu rừng bị phá (vì theo quan niệm của đồng bào, nhà ở gần rừng hay thả rông gia súc và hay phá rừng nhiều hơn).\nKhi mọi người đến đông đủ, dân làng bầu ra một người làm gốc, “Chẩu chiếu” – người đứng đầu trông coi rừng trong năm. Người “Chẩu chiếu” phải là người có sức khoẻ, giỏi lý lẽ, hiểu biết lệ tục. Sau khi được bầu “Chẩu chiếu” làm lễ cúng thần thổ địa “Thủ Ti” – Vị thần cai quản cộng đồng làng. Sau đó ông ta trịnh trọng đọc quy ước của làng:\n•	Bà con trong làng đã bầu tôi làm “Chẩu chiếu”, tôi nói điều gì bà con phải tuân theo. Rừng của làng ta bị phá nhiều rồi, cây trúc cây vầu không mọc kịp. Từ nay, ta phải giữ gìn bảo vệ cây cối trong rừng này. Trong vòng ba năm tới không ai được đến đây chặt cây chém vầu, bẻ măng.\n•	Nếu có ai cần cây gỗ cây vầu, cây trám về làm việc gì thì phải xin với người “Chẩu chiếu”. Xin một cây chỉ được lấy một cây, xin làm việc gì thì dùng việc đó không chặt cây về làm củi. Ai xin từ 1 đến 5 cây thì “Chẩu chiếu” tôi giải quyết. Nếu ai xin từ 6 cây trở lên, “Chẩu chiếu” phải hỏi ý kiến dân làng. Dân làng cho phép mới đến chặt. Nếu ai tự ý chặt 1 cây thì phải phạt gấp 3 con lợn cúng hôm nay.\nSau khi “Chẩu chiếu” đọc xong một điều quy định, đại diện các gia đình thảo luận. Cuối cùng, “Chẩu chiếu” tổng hợp các ý kiến thành quy ước riêng của làng về bảo vệ rừng, mọi người dân trong làng Giàng Tả Chải đều có trách nhiệm thực hiện. Quy ước của làng đã được “Thiêng” hoá vì có sự chứng kiến, công nhận của thần thổ địa. Quy ước của làng là nguyện vọng của cả làng, trở thành “luật lệ” của làng, mọi dân làng đều tự giác tuân theo. Trong niềm vui thống nhất được quy ước, mọi người đều ăn chung một bữa ăn cộng đồng. Thịt, cơm bầy ra lá rừng, rượu uống bằng ống bương nhưng mọi người đều hân hoan trong niềm vui chung của cả làng.\nNgười Mông ở Séo Mí Tỷ, ở Dền Thàng Tả Van cũng như ở Lao Chải, Hầu Thào, trước đây đều tổ chức lễ ăn ước tương tự như lễ “Nhặn Sồng” của người Dao. Nhưng ngày cúng thường là ngày Thìn của tháng giêng (với ý niệm mong mưa thuận gió hoà).\nĐịa điểm cúng thường tổ chức ở khu rừng cấm của cả làng – nơi thờ thần thổ địa, thần thường ngự ở một gốc cây to hoặc một hòn đá lớn trong rừng cấm. Sau khi ông “Chứ lồng” – người chủ lễ dâng cúng thần, đọc lời quy ước. Người dân đến dự đều có quyền tự do thảo luận, bàn bạc.\nNội dung quy ước của lễ “Nào Sồng” tại các làng dân tộc H’Mông có sự mở rộng phạm vi điều chỉnh hơn làng người Dao. Bên cạnh việc bảo vệ rừng, chống thả rông gia súc, quy ước còn đề cập đến các vấn đề phòng chống trộm cắp, bảo vệ mùa màng, tương trợ giúp đỡ lẫn nhau..\n','',1),(44,7,' Lễ hội Roóng Poọc của người Giáy',' Hàng năm vào ngày Thìn tháng Giêng âm lịch người Giáy ở Tả Van (huyên SaPa) lại mở hội Roóng Poọc để cầu mùa màng bội thu, người yên vật thịnh, mưa thuận, gió hoà. Tuy vốn là lễ hội dân tộc truyền thống của người Giáy ở Tả Van, nhưng nhiều năm nay đã lan rộng, trở thành lễ hội chung của cả vùng thung lũng Mường Hoa. Từ sáng sớm, làn sương còn giăng mù mịt từng đoàn người tíu tít nói cười trong mây, hồ hởi về dự hội. Người Mông từ Hầu Thào, Lao Chải dồn xuống, người Dao từ Bản Hồ, Bản Phùng ngược lên, du khách từ thị trấn SaPa cũng tới dự làm cho lễ hội đông vui tới vài nghìn người.\nĐịa điểm mở hội là một khu ruộng tương đối bằng phẳng phía đầu bản. Trung tâm hội dựng cây còn cao vút bằng cây mai có một vòng tròn trên ngọn. Vòng tròn đó một mặt dán giấy đỏ tượng trưng cho mặt trời, một mặt dán giấy vàng tượng trưng cho mặt trăng. Mâm cúng của thầy mo gồm các lễ vật tượng trưng cho sự no ấm như : vải, trứng , măng , bạc trắng và 6 qủa còn của các cô gái chưa chồng. Mở đâu lễ hội là cúng thần linh cầu cho người yên, vật thịnh . Khi lễ cúng kết thúc là dàn nhạc trống, chiêng điệu kèn pí lè tấu lên thông báo các chò chơi mang tính nghi lễ tượng trưng bắt đầu.\nMở đầu là chò chơi ném còn. Những người cao tuổi (nam một bên, nữ một bên) lấy 6 quả còn cùng ném tượng trưng 3 lần khai mạc, rồi sau đó mọi người vào cuộc chơi. Những quả còn tua xanh đỏ vun vút lao len phông còn.tiếng xuýt xoa hò reo cổ vũ rền vang.Phông còn bị ném thủng là báo hiệu cho một năm mùa màng tươi tốt.\nCùng với ném còn là chơi kéo co cũng bắt đầu bằng hình thức kéo nghi lễ. Tốp nam đứng phía đông cầm phần gốc dây song (dây kéo co).Tốp nữ đứng phía tây cầm phần ngọn. Hồi trống kèn nổi nên thùc giục.Bên nam(đằng đông tượng trưng cho dương, mặt trời) luôn kéo thắng. Bên nữ (tượng trưng cho âm) giả vờ thua. Và như vậy, năm đó cả làng sẽ được mùa. Phần nghi lễ kết thúc, đông đảo nam nữ thanh niên cùng ùa vào chia phe thi kéo, kể cả du khách cũng có thể tham gia.\nCác trò chơi đang tiếp diễn, thì những đôi nam nữ lặng lẽ rút khỏi cuộc chơi tìm góc vắng tâm tình qua đàn môi, tiếng khèn, lời hát. Ngày hội rồi cũng đến hồi kết thúc, các già làng làm lễ khấn và hạ cột còn. Hai thanh niên khoẻ mạnh cùng 2 con trâu mộng được chọn cầy 5 đường “xuống đồng” tượng trưng cho vụ mùa mới bắt đầu.\n','',1),(45,7,' Hội Gầu Tào của người Mông ở Sapa',' Lễ hội Gầu Tào ở San Sả Hồ chỉ khai hội vào đầu mùa xuân. Nếu như ở nơi khác, lễ hội Gầu Tào do một gia đình có nhu cầu sinh con được dân bản chọn ra làm chủ hội thì ở xã San Sả Hồ lâu nay lễ hội Gầu Tào do chính quyền xã đứng ra tổ chức nên thu hút đông người tới dự hơn. Lễ hội Gầu Tào và một số lễ hội truyền thống khác do bà con các dân tộc ít người ở Sa Pa tổ chức vào dịp đầu xuân cũng là sản phẩm du lịch độc đáo của vùng núi Sa Pa dành cho du khách.\nĐây cũng là hoạt động nhằm tôn vinh bảo tồn, phát huy bản sắc văn hóa dân tộc và giới thiệu với du khách những nét văn hoá truyền thống của dân tộc Mông San Sả Hồ.\n','',1),(46,7,' Lễ hội Xuống đồng Sapa',' Lễ hội xuống đồng đầu xuân của đồng bào dân tộc Tày, Dao xã Bản Hồ- Sapa (Lào Cai) khai hội sáng ngày mồng 8 Tết thường thu hút rất đông nhân dân địa phương và du khách thập phương, có rất nhiều khách du lịch nước ngoài đã đến dự vui và khám phá nét văn hoá đặc sắc của đồng bào vùng núi cao phía bắc.\nPhần lễ được bắt đầu từ tục rước đất, rước nước. Đoàn rước bao giờ cũng đi từ rất sớm khi trời còn chưa rõ mặt người. Trong đoàn gồm có: thầy cúng, đội trống, đội khèn, hai đôi nam nữ chưa vợ chưa chồng khiêng kiệu rước. Kiệu rước được trang trí sặc sỡ nhiều mầu theo biểu tượng âm dương ngũ hành. Đi đầu đoàn rước là thầy cúng, người được dân bản giao trách nhiệm là sứ giả để giao tiếp với thần linh, trên tay thầy cầm cây nêu biểu tượng của sự sinh sôi, nảy nở. Đi sau là kiệu rước nước, nước được đựng trong hai ống bương to một ống bố và một ống mẹ. Tiếp đến là kiệu rước đất, đất thiêng được lấy từ trên núi cao gọi là đất mẹ.\nSau đó là các mâm lễ để dâng các vị thần linh. Lễ vật gồm một mâm quả còn (bên trong các quả còn có đựng các hạt giống), mâm xôi 7 màu, bánh dày ngũ sắc và thủ lợn, gà luộc, hoa quả… Đội chiêng trống đi hai bên thầy cúng nổi chiêng trống để thầy cúng giao linh với thần linh. Khi đoàn rước về đến địa điểm làm lễ, thầy cúng ra hiệu cho đội nhạc lễ tấu lên ba hồi kèn trống vang vọng cả núi rừng, trời đất, tiếp đó thầy cúng thực hiện nghi lề cúng. Thầy khấn và phun nước làm phép để xua đuổi ma quỉ, xua đuổi điều không may, rồi thầy tung lộc (là các hạt giống) của thần linh cho dân bản.\nPhần hội được bắt đầu bằng các điệu múa và các tiết mục văn nghệ dân gian đặc sắc của người Tày, người Dao. Nhưng nổi bật nhất, vui nhất, nhiều người tham gia nhất là những màn xoè, khi tiếng kèn trống vang lên các cô gái Tày mở đầu màn xoè với những động tác xoè duyên dáng, điệu nghệ mời mọi người tham gia, vòng xoè cứ rộng mãi đi đều trong tiếng kèn, tiếng trống dập dìu.\nKhi các màn xoè kết thúc mọi người lại đổ tới khu chơi trò chơi. Các trò chơi ở đây đa số là trò chơi dân gian. Đầu tiên là trò chơi ném còn, hai đôi nam thanh nữ tú được vinh dự ném quả còn đầu tiên, sau đó tất cả mọi người đều được tham gia. Trò chơi ném còn được tiếp tục cho đến khi quả còn được ai đó ném qua vòng. Tiếp theo là các trò chơi như đẩy gậy, kéo co, đánh quay, đánh bóng, bịt mắt bắt dê, leo cột mỡ…\nHội xuống đồng Bản Hồ- Sapa tiếp thêm sinh lực mới cho người dân trong sản xuất và xây dựng, gìn giữ bản sắc văn hoá.\n','',1),(47,7,' Lễ hội Hoa chuối của người Xá Phó',' Hội hoa chuối của người Xa Phó, Lào Cai được tổ chức vào ngày 9.9 hằng năm để cầu mùa màng tốt tươi, gia súc, gia cầm phát triển, nhà nhà ấm no, hạnh phúc.\nTrong ngày hội, độc đáo nhất là các điệu múa truyền thống, các động tác múa diễn tả khung cảnh tăng gia sản xuất và đời sống sinh hoạt hằng ngày được bà con mang đến lễ hội với mong muốn có được một cuộc sống an vui.\nTrong buổi lễ, người ta dựng một cây chuối rừng phải có cả hoa và quả tại trung tâm nơi làm lễ, sau đó cắm các loài hoa vào thân cây chuối. Mọi người đi vòng quanh cây chuối để múa cầu mùa, dâng cúng cơm mới và các món đặc sản của núi rừng quê hương. Điệu múa còn được diễn tả các động tác như: gặt lúa, săn bắn, bắt cá…\nHội hoa chuối là nơi tụ họp vui chơi, cầu chúc, múa hát, thể hiện tinh thần đoàn kết, nhớ ơn tổ tiên, cùng phấn đấu vươn lên trong cuộc sống, lao động của người dân tộc Xa Phó.\nTrước khi tổ chức hội hoa chuối, các gia đình tham dự mang lễ vật đến góp cho gia đình chủ hội gồm: Gạo, gà, rượu, 3 con chim nướng, mắm cá ủ chua, muối ớt… Khi các món ăn đã chế biến xong, chủ nhà bày tất cả lên một chiếc mâm đan bằng mây và đem đặt thành từng dãy theo thứ tự trên khu đất đầu làng nơi tổ chức hội.\nTrước khi chủ hội hành lễ, các gia đình thắp hương tại mâm lễ của mình và khấn chứng kiến tấm lòng của gia chủ với thần linh và những người đã khuất”. Khi hương tàn, chủ hội vái lạy rồi xin phép hóa vàng và ra hiệu cho các gia đình hạ lễ. Các món ăn được chia làm 2 mâm, mâm dành riêng cho đàn ông, những người họ hàng, khách mời là đàn ông và một mâm phụ nữ.\nKhi đã ăn uống no say, chủ hội và một số nam thanh niên thực hiện nghi lễ trồng cây chuối trong khu vực hành lễ, xung quanh cây chuối cắm các loại hoa rừng, có cả hoa chuối đỏ biểu thị cho sự may mắn. Khi đã chuẩn bị xong, từng đôi thanh niên nam, nữ thực hiện các nghi lễ múa cầu mùa, diễn tả động tác cày, bừa, cấy, hái, gặt lúa, săn bắn… dâng cúng cơm mới và các đặc sản: Cá suối sấy khô, thịt chuột sấy khô, thịt chim rừng, khoai sọ…\nTrong ngày hội hoa chuối, các gia đình Xa Phó kiêng không cho ai mang bất cứ thứ gì ra khỏi nhà. Những gia đình ở làng khác chưa tổ chức hội hoa chuối không được mời đến dự.\n','',1),(48,8,'Lễ hội Đền Đuổm, huyện Phú Lương','Lễ hội đền Đuổm diễn ra vào ngày mồng 6 tháng giêng âm lịch tại xã huyện Phú Lương, tỉnh Thái Nguyên. Lễ hội tưởng nhớ công lao của Phò mã Dương Tự Minh, người có công đánh giặc Tống dưới thời Lý. Với các hoạt động như dâng hương, cúng cỗ to, hát thờ thần, hát giao duyên nam nữ; lễ hội đền Đuổm là một trong những lễ hội lớn của tỉnh Thái Nguyên, thu hút đông đảo du khách thập phương về tham dự.Tại lễ hội có phần lễ dâng hương tưởng nhớ người anh hùng dân tộc, cầu Thánh Đuổm Dương Tự Minh ban phúc cho một năm mới mùa màng tốt tươi, mưa thuận gió hoà, người người ấm no, hạnh phúc. Phần hội là các màn diễn tích được lưu truyền qua nhiều đời nay như: Thánh Đuổm trị tà thần, chiếc áo tàng hình, sự tích giếng Dội... Ngoài ra, trong lễ hội còn có các trò chơi mang đậm bản sắc văn hoá dân gian: ném còn, đánh đu, kéo co, cờ người... Trong khuôn khổ lễ hội, huyện Phú Lương còn tổ chức giao lưu văn nghệ, thể thao giữa các xã trong vùng, tạo ra một không gian văn hoá vui tươi, lành mạnh trong những ngày đầu xuân mới.',NULL,1),(49,8,'Lễ hội Chùa Hang, huyện Đồng Hỷ','Chùa Hang có tên chữ “Kim Sơn Tự”, còn được gọi là “Tiên Lữ Phật Động”, tọa lạc trong lòng ba ngọn núi đá lớn Huyền Vũ, Thanh Long và Bạch Hổ. Tương truyền \"Chùa Hang - Kim Sơn Tự\" có từ thời nhà Lý (thế kỷ XI), là nơi tu hành của nhiều bậc chân tu. Chùa Hang nổi tiếng là chốn cửa Phật linh thiêng, là điểm thu hút nhiều tín đồ phật tử và khách tham quan trong và ngoài nước. Với những giá trị lịch sử văn hóa, danh lam thắng cảnh, ngày 26/2/1999, Chùa Hang được công nhận là di tích lịch sử - văn hóa, danh lam thắng cảnh cấp Quốc gia.Lễ hội Chùa Hang được tổ chức hàng năm vào cuối tháng giêng Âm lịch, gồm 02 phần: lễ và hội với mong muốn cầu cho quốc thái dân an, mưa thuận gió hòa, nhân dân an lạc, đời sống yên lành, hạnh phúc. Phần lễ gồm: dâng hương lễ Phật trong chùa và đặt vòng hoa tại đài tưởng niệm các anh hùng liệt sỹ của huyện. Phần hội thu hút đông đảo người tham gia với các trò chơi dân gian quen thuộc, mang đậm bản sắc dân tộc như: ném còn, đi cầu kiều, bắt trạch trong chum, bắn nỏ, chọi gà, kéo co...',NULL,1),(50,8,'Lễ hội Lồng Tồng, huyện Định Hóa','Lễ hội Lồng Tồng (Hội xuống đồng) là lễ hội truyền thống mang đậm bản sắc dân tộc của người Tày ở huyện Định Hóa. Lễ hội được tổ chức vào ngày mồng 10 tháng Giêng âm lịch hàng năm nhằm cầu cho mưa thuận gió hoà, cây cối tốt tươi, mùa màng bội thu, đời sống ấm no.Trong quá trình đoàn kết giao lưu văn hóa giữa các dân tộc anh em hiện nay, Lễ hội Lồng Tồng không còn riêng là Lễ hội của người Tày mà đã trở thành Lễ hội chung, biểu trưng của tỉnh đoàn kết giữa các dân tộc anh em trong và ngoài huyện Định Hóa. Tham dự Lễ hội Lồng Tồng ATK Định Hóa, quý khách sẽ gặp lại ở đây những nghi lễ truyền thống có từ lâu đời của các dân tộc như: Lễ cầu mùa của dân tộc Tày, Dân tộc Sán Chay, lễ cầu phúc của dân tộc Dao, lễ xuống đồng, các trò hội dân gian như hội tung còn, hội múa lân, bịt mắt bắt dê, đi cầu thăng bằng… Du khách cũng sẽ được thưởng thức những điệu hát then, điệu hát ví mượt mà của đồng bào dân tộc thiểu số huyện Định Hóa và đặc biệt là được thưởng thức hương vị đậm đà của trà Định Hóa. Đến với lễ hội còn là dịp để du khách về với những giá trị lịch sử của khu di tích lịch sử cấp Quốc gia đặc biệt ATK Định Hóa, Thái Nguyên.',NULL,1),(51,8,'Lễ hội Núi Văn - Núi Võ, huyện Đại Từ','Lễ hội Núi Văn-Núi Võ được tổ chức ngày mùng 4 Tết Âm lịch tại đền thờ Lưu Nhân Chú ở xã Văn Yên, huyện Đại Từ. Lễ hội được tổ chức để tưởng nhớ công đức vị tướng tài ba Lưu Nhân Chú, người con của xã Văn Yên, huyện Đại Từ. Ông là một trong 18 người cùng với Lê Lợi lập ra Hội thề Lũng Nhai (năm 1416) và là một trong những vị công thần khai quốc của triều đại hậu Lê vào cuối thế kỷ thứ 15.Tưởng nhớ công lao, ân đức Đại tư mã Lưu Nhân Chú, hằng năm cứ vào ngày mùng 4 Tết Âm lịch, quê hương Núi Văn, Núi Võ lại mở hội, khai lễ thể hiện sự tri ân của thế hệ sau với tiền nhân. Trong ngày khai hội, dòng họ Lưu của Tướng quân Lưu Nhân Chú sẽ rước lễ và đoàn nghi lễ trình bày bản tế Tướng quân. Ngoài phần lễ, Lễ hội Núi Văn-Núi Võ còn có phần hội với nhiều hoạt động phong phú như văn nghệ, chơi bóng chuyền, cờ tướng và các trò chơi dân gian... Hiện quần thể di tích Núi Văn-Núi Võ đã được xếp hạng Di tích Quốc gia và đã được đầu tư để xây dựng các công trình như Đền thờ Tướng quân Lưu Nhân Chú, nhà tưởng niệm, khuôn viên cây xanh, trạm nghỉ cho khách thập phương...',NULL,1),(52,8,'Lễ hội đình đền chùa Cầu Muối, huyện Phú Bình','Cụm di tích đình - đền - chùa Cầu Muối nằm trên địa bàn xóm Cầu Muối, xã Tân Thành, huyện Phú Bình được xây dựng từ năm 1719 vào thời hậu Lê, đời vua Lê Dụ Tông. Cụm di tích gồm: đình Cầu Muối thờ Cao Sơn Quý Minh Đại Vương (tức Phò mã Dương Tự Minh), người đã có công giúp vua Lý chống giặc Tống; chùa Cầu Muối thờ Phật; đền Thượng thờ mẫu Thượng Ngàn và đền Công Đồng thờ Mẫu Liễu Hạnh. Năm 2005, cụm di tích được công nhận là di tích lịch sử cấp tỉnh.Hằng năm, vào ngày mùng 4 tháng Giêng Âm lịch, nhân dân trong vùng lại tưng bừng tổ chức Lễ khai hội đầu xuân để tưởng nhớ công lao của các anh hùng đã có công đáng đuổi giặc ngoại xâm, bảo vệ Tổ quốc; đồng thời cầu cho mưa thuận gió hòa, mùa màng tốt tươi. Tại lễ hội, sau nghi lễ rước kiệu, dâng hương là các hoạt động vui tươi, sôi động với các màn hát múa mang đậm bản sắc văn hóa dân tộc cùng các trò chơi như kéo co, đẩy gậy... thu hút đông đảo du khách thập phương.',NULL,1),(53,9,'Lễ bỏ mả cho người quá cố','\nLễ bỏ mả (Pthi atau, brư, muk atau…) của các dân tộc Tây Nguyên (Ê đê, Giarai, Bana…) là một lễ hội lớn mang tính tang lễ mà người sống tổ chức để từ biệt người chết, “tiễn” người chết về nơi cư trú vĩnh viễn (làng ma). Đây là dịp sinh hoạt văn hóa cổ truyền với nhiều hoạt động như: hiến tế bằng súc vật, lễ cúng và chia của cải cho người đã khuất, trình diễn âm nhạc, múa hát…\nTheo phong tục các dân tộc ở Tây Nguyên, khi người thân quá cố thì được đặt trong áo quan làm bằng một khúc cây to có đục lỗ, phía trên được bịt kín bằng ván và trét nhựa cây rừng.\nTrước khi hạ huyệt, một già làng bỏ xuống mồ một nắm gạo cho người quá cố. Sau đó, người ta đưa áo quan xuống lấp đất lại. Mộ người quá cố được chôn xong thì lập một nhà mồ tạm. Khu nhà mồ có mái che, người quá cố nằm theo hướng Đông-Tây, đầu quay về hướng mặt trời mọc. Các dân tộc ở Tây Nguyên quan niệm người quá cố có mối liên hệ đồng cảm với thế giới người đang sống. Linh hồn họ vẫn quấn quýt chung quanh, cùng họ lên rẫy trỉa bắp, vào rừng săn thú... Sau đám ma, hàng ngày chủ nhân phải ra làm vệ sinh nhà mồ. Chừng nửa tháng một lần, họ cúng cơm cho tới khi làm lễ bỏ mả, chấm dứt sự quan tâm của người sống đối với người khuất bóng.\nLễ hội bỏ mả là phá bỏ nhà mồ tạm, san phẳng ngôi mộ, rồi xây dựng trên đó một ngôi nhà mồ to hơn, vững chãi, lâu bền hơn. Đây là nhà mồ thực sự của người quá cố.\nTùy theo từng dân tộc diễn ra từ 3-7 ngày vào tháng 9-10 âm lịch hoặc tháng 1-2 âm lịch \nTheo phong tục của người Ê đê, từ một năm trở lên (có khi ba đến năm năm, hoặc lâu hơn nữa), người chết (hồn chính) được tiễn đi một chuyến vĩnh viễn về buôn của người chết để có khả năng phục sinh, nhập vào cơ thể sống khác. Có điều đặc biệt là những người khi chết đều phải còn thân xác nguyên vẹn thì mới được làm lễ bỏ mả.\nLễ bỏ mả thường được tổ chức đúng một năm của người đã chết, gia đình có thể sửa chữa mả theo ý muốn của gia đình và dòng tộc sao cho đẹp và chắc chắn tùy theo khả năng của mỗi gia đình. Mái bằng ngói hay lá, cột bằng gỗ hay bê tông. Nhưng kích thước thì giống nhau, có phần đất để chôn, có mái trước, mái sau, giống như một căn nhà của người đang sống. Trong một năm đó, họ cũng giăng mùng, treo võng và đem tấc cả những gì thân thuộc đối với họ để đặt cạnh mộ, mục đích để họ tiêu dùng.\nChỉ sau khi làm lễ bỏ mả, người sống mới yên tâm rằng mình đã làm tròn bổn phận với người đã khuất và người chết (tức linh hồn hay ma) mới có thể tái sinh vào kiếp khác, tiếp tục một cuộc đời mới. Chính do ý nghĩa nhân sinh này mà lễ bỏ mả (hay lễ bỏ ma) mặc dù mang hình thức tang lễ những lại là hội lễ lớn nhất, vui nhất. Nhưng sau lễ đó, gia đình không làm bất cứ cái gì đến mả cả, không có đám giỗ hàng năm cho người chết giống như người Kinh. \nLễ hội bỏ mả thường diễn ra từ 3-7 ngày, nhưng việc chuẩn bị cho ngày lễ được mọi người sắp xếp trước đó cả tháng. Trai tráng trong làng vào rừng đốn gỗ, chặt trúc, cắt tranh đem về khu nhà mồ. Gia đình người thân qúa cố làm rất nhiều vò rượu. Thiếu rượu là không làm vui lòng khi chia tay với người quá cố. Ngày khai lê, mở đầu của lễ hội bỏ mả là dỡ nhà mồ cũ để dựng nhà mồ mới diễn ra từ 1-2 ngày. Nhà mồ mới của dân tộc Băhnar làm theo kiểu dáng thường, hai mái thấp bằng tre đan, hang hoa văn hình học, xung quanh không có phên vách\" Trên đỉnh nhà mồ trang trí những hình tượng như đàn chim, gia súc và hình người. Những nghệ nhân khéo tay tạc rất nhiều tượng bằng gỗ, gọi là tượng nhà mồ. Các pho tượng này mặc dầu còn thô nhám, nhưng rất có hồn. Các kiểu dáng, đường nét rất sinh động. Như các tượng con khỉ, con trâu, con công... Có tượng người ngồi co ro, gương mặt buồn rười rượi. Người dân tộc Tây Nguyên quan niệm rằng linh hồn người chết sẽ nhập vào các pho tượng. Các pho tượng này sẽ trở thành nô lệ cho linh hồn người quá cố ở thế giới bên kia. Vui buồn, đau khổ, cam chịu, nhẫn nhục đều thể hiện lèn gương mặt từng nhà mồ. Các nghệ nhân tạc tượng cũng chỉ là những người dân bình thường, nhưng bằng cưa rìu( cái búa họ đã thổi hồn vào gỗ, làm hồn in trên từng gương mặt, vóc dáng rất sinh động. Khi đã hoàn tất nhà mồ, các tượng nhà mồ đặt đúng vị trí, thì già làng làm lễ với ý niệm thông báo cho linh hồn người quá cố.\nĐể tổ chức được lễ bỏ mả, thì các nhà phải chuẩn bị đủ gạo, thịt, rượu, đồ dùng cúng lễ nói chung rồi báo tin cho họ hàng, buôn làng tới dự. Phải có hàng chục người chặt gỗ, đẽo tượng, làm nhà mả hàng tháng trời trước lễ bỏ mả và có khi lên tới cả trăm người đến dự và ăn uống trong những ngày chính lễ. Tùy theo khả năng gia đình mà sẽ tổ chức khác nhau cho các mả, có gia đình làm 3 – 4 con trâu bò nhưng cũng có gia đình làm đến cả 10 con bò.\nTrước khi bắt tay làm nhà mả, già làng phải làm lễ cúng gà, khấn ở nhà Rông và ở mả. Người ta còn trồng cây chuối đầu và cuối mộ, thả gà nhỏ vào rừng, tượng trưng cho linh hồn người chết tự do bay đi. Mọi thứ chuẩn bị xong xuôi thì lễ hội bắt đầu. Ngày đầu tiên là ngày bỏ nhà mả cũ, dựng nhà mả mới. Gia chủ thịt lợn (trâu, bò), cúng rượu. Cả buôn làng tới làm giúp, ăn uống, vui chơi như là làm việc nhà mình. Nhà ai có rượu ché (rượu cần) thì mang theo cùng tham gia cùng gia đình. Tiệc được tổ chức từ khoảng trưa cho đến xế chiều sau khi thức ăn được chuẩn bị sẵn từ lúc sáng. Khi dựng xong nhà mả, cả nhà và họ hàng đến đó cúng. Thầy cúng ăn vận nghiêm chỉnh, ngồi bên chén rượu cúng, ngoảnh mặt về phương Đông, đọc lời khấn cầu hồn người chết rất lâm li, thống thiết.\nKhi tế cúng vừa xong, thì lập tức, trong ánh lửa bập bùng của hàng chục đống lửa và dưới ánh trăng mát dịu, tiếng cồng chiêng rộn rã nổi lên. Theo nhịp âm thanh cồng chiêng mọi người hòa vào đoàn múa diễu quanh ngôi nhà mồ nhấp nhô huyền ảo trong đêm. Tiếng nhạc cồng chiêng của đêm bỏ mả, như một sức hút diệu kỳ, kéo tất cả dân làng, kéo bà con họ hàng ở buôn gần, buôn xa tới…\nNgày hôm sau, mọi người tập họp tại nhà Rông rồi mới ra nhà mả. Gia chủ sẵn sàng rượu, thịt để làm lễ to hơn. Đây là lễ cúng chính vĩnh biệt hồn người chết (từ nay hồn đã về buôn của người chết để chờ dịp tái sinh): “Xin ma đừng gọi, đừng lại gần, đừng thương yêu con cháu của ma nữa. Chúng tôi đã làm nhà mồ rồi, ché rượu cúng đã đặt xuống mả rồi, con gà con đã được thả rồi… Chúng tôi đã bỏ ma rồi…”.\nRồi mọi người vào nhà mả đưa những người góa ra sông tắm, chải đầu, mặc áo váy, khố mới cho họ rồi đưa họ về khu nhà mồ đang rộn ràng tiếng cồng chiêng và nhịp chân múa nhảy. Từ nay, họ đã được giải phóng, đã không còn phải ràng buộc gì với người đã chết nữa. Ai nấy đều vui vẻ, hồ hởi, mời, kéo những người góa vào vòng múa vui của dân làng.\nLễ bỏ mả là một lễ hội gắn với việc tang nhưng lại vui vẻ, hào sảng như một ngày hội. Bởi, theo quan niệm của đồng bào Tây Nguyên, càng sớm làm lễ bỏ mả thì linh hồn người chết càng sớm được nhập vào trẻ sơ sinh mà quy về dương thế, sống với đồng tộc. Hơn nữa, đây là dịp thể hiện trách nhiệm cộng đồng, gia đình, người thân với người đã khuất. Và, một lý do nữa, chỉ sau khi đã làm lễ bỏ mả, thì vợ hoặc chồng của người chết mới được tái giá.',NULL,1),(54,9,'lễ cúng bến nước','Thôn dã mà trữ tình\n\nTrở lại các buôn làng Tây Nguyên lần này, người bạn đam mê tìm hiểu về dân tộc học Võ Trần Quốc say sưa chụp ảnh, ngay cả những cảnh sinh hoạt đời thường. Này đây những thửa ruộng nứt nẻ chờ nước, những vạt rừng khô khốc chỉ cần một mồi lửa là bùng lên thành đám cháy lớn. Còn kia là nhịp chày đôi giã gạo của những chàng trai cô gái với làn da nâu chắc lẳn, đôi mắt đẹp đa cảm; những bước chân nhún nhảy và mái tóc chảy tràn như suối của các sơn nữ trên đường tắm suối trở về. \n\nLe cung ben nuoc doc dao o Tay Nguyen hinh anh 1\nTrai làng mổ heo cúng bến nước. Ảnh: KP.\nAnh Quốc cho chúng tôi xem những tranh ảnh về sơn nữ ngực trần của các họa sĩ Đinh Cường, Lê Hoàng, Phan Dũng… mà anh sưu tập được. Tranh rất đẹp như mô tả trong sử thi Tây Nguyên, các sơn nữ quấn váy và để ngực trần với bờ vai tròn, eo thon, ngực săn nhô lên như cặp ngà non cong vút. Anh hào hứng kể chừng 30 năm trước từng bắt gặp các sơn nữ ngực trần tắm suối hay cảnh các cô gùi những quả bầu đựng nước thoăn thoắt leo lên các bậc thang làm nhún nhẩy bầu ngực tròn mọng. Chỉ tiếc lúc ấy không có máy ảnh để lưu lại những khoảnh khắc ấn tượng.\n\n“Đúng là những năm đó sơn nữ vẫn còn để ngực trần. Tốt khoe, xấu che mà! Vùng này mùa khô nóng bức lắm nên cởi trần mát mẻ, thoải mái hơn”, già làng Điểu K’Mốt (người S’tiêng, thôn 3, xã Gia Viễn, Cát Tiên, Lâm Đồng) xác nhận. Còn theo các nhà dân tộc học, các tộc người Tây Nguyên đa phần theo chế độ mẫu hệ, tục để ngực trần có thể xuất phát từ ý niệm về phồn thực, sự sinh sôi, nảy nở sung túc, tốt tươi của đồng bào thiểu số.\n\n“Đôi chân trần từ lúc sinh thành đã được ngâm trong dòng nước mát sông Mẹ và sưởi ấm từ ngọn lửa rừng Cha nên mạnh như hổ, nhanh như sóc chinh phục bao ngọn núi cao, vượt bao con sông dài để lập làng sinh sống. Người Tây Nguyên quan niệm mọi thứ đều có linh hồn; nước, lửa, rừng, núi… được cai quản bởi các vị thần, do đó với bất cứ việc trọng đại nào trong đời mỗi con người và cộng đồng đều phải làm lễ cúng để xin phép thần linh”, già làng Krajan Plin (buôn Đang Ja, huyện Lạc Dương, Lâm Đồng) nói. \n\n',NULL,1);
/*!40000 ALTER TABLE `festival` ENABLE KEYS */;
UNLOCK TABLES;

--
-- Table structure for table `imagedetail_destination`
--

DROP TABLE IF EXISTS `imagedetail_destination`;
/*!40101 SET @saved_cs_client     = @@character_set_client */;
/*!40101 SET character_set_client = utf8 */;
CREATE TABLE `imagedetail_destination` (
  `idDestination` int(11) DEFAULT NULL,
  `idImage` int(11) NOT NULL AUTO_INCREMENT,
  PRIMARY KEY (`idImage`),
  KEY `fk_AnhChiTiet_DiaDiem_1_idx` (`idDestination`),
  CONSTRAINT `fk_AnhChiTiet_DiaDiem_1` FOREIGN KEY (`idDestination`) REFERENCES `destination` (`idDestination`) ON DELETE CASCADE ON UPDATE CASCADE
) ENGINE=InnoDB AUTO_INCREMENT=52 DEFAULT CHARSET=utf8 COLLATE=utf8_unicode_ci;
/*!40101 SET character_set_client = @saved_cs_client */;

--
-- Dumping data for table `imagedetail_destination`
--

LOCK TABLES `imagedetail_destination` WRITE;
/*!40000 ALTER TABLE `imagedetail_destination` DISABLE KEYS */;
INSERT INTO `imagedetail_destination` VALUES (1,1),(1,2),(1,3),(1,4),(1,5),(1,6),(1,7),(2,8),(2,9),(2,10),(2,11),(2,12),(2,13),(2,14),(3,15),(3,16),(3,17),(3,18),(3,19),(4,20),(4,21),(4,22),(4,23),(4,24),(4,25),(5,26),(5,27),(5,28),(5,29),(5,30),(5,31),(6,32),(6,33),(6,34),(6,35),(6,36),(6,37),(7,38),(7,39),(7,40),(7,41),(8,42),(8,43),(8,44),(8,45),(8,46),(9,47),(9,48),(9,49),(9,50),(9,51);
/*!40000 ALTER TABLE `imagedetail_destination` ENABLE KEYS */;
UNLOCK TABLES;

--
-- Table structure for table `imagedetail_festival`
--

DROP TABLE IF EXISTS `imagedetail_festival`;
/*!40101 SET @saved_cs_client     = @@character_set_client */;
/*!40101 SET character_set_client = utf8 */;
CREATE TABLE `imagedetail_festival` (
  `idFestival` int(11) DEFAULT NULL,
  `idImage` int(11) NOT NULL AUTO_INCREMENT,
  PRIMARY KEY (`idImage`),
  KEY `fk_AnhChiTiet_LeHoi_1_idx` (`idFestival`),
  CONSTRAINT `fk_AnhChiTiet_LeHoi_1` FOREIGN KEY (`idFestival`) REFERENCES `festival` (`idFestival`) ON DELETE CASCADE ON UPDATE CASCADE
) ENGINE=InnoDB AUTO_INCREMENT=271 DEFAULT CHARSET=utf8 COLLATE=utf8_unicode_ci;
/*!40101 SET character_set_client = @saved_cs_client */;

--
-- Dumping data for table `imagedetail_festival`
--

LOCK TABLES `imagedetail_festival` WRITE;
/*!40000 ALTER TABLE `imagedetail_festival` DISABLE KEYS */;
INSERT INTO `imagedetail_festival` VALUES (1,1),(1,2),(1,3),(1,4),(1,5),(2,6),(2,7),(2,8),(2,9),(2,10),(3,11),(3,12),(3,13),(3,14),(3,15),(3,16),(4,17),(4,18),(4,19),(4,20),(4,21),(5,22),(5,23),(5,24),(5,25),(5,26),(5,27),(5,28),(6,29),(6,30),(6,31),(6,32),(6,33),(7,34),(7,35),(7,36),(7,37),(7,38),(8,39),(8,40),(8,41),(8,42),(8,43),(9,44),(9,45),(9,46),(9,47),(9,48),(10,49),(10,50),(10,51),(10,52),(10,53),(12,54),(12,55),(12,56),(12,57),(12,58),(13,59),(13,60),(13,61),(13,62),(13,63),(14,64),(14,65),(14,66),(14,67),(14,68),(15,69),(15,70),(15,71),(15,72),(15,73),(16,74),(16,75),(16,76),(16,77),(16,78),(17,79),(17,80),(17,81),(17,82),(17,83),(18,84),(18,85),(18,86),(18,87),(18,88),(19,89),(19,90),(19,91),(19,92),(19,93),(20,94),(20,95),(20,96),(20,97),(20,98),(21,99),(21,100),(21,101),(21,102),(21,103),(22,104),(22,105),(22,106),(22,107),(22,108),(23,109),(23,110),(23,111),(23,112),(23,113),(24,114),(24,115),(24,116),(24,117),(24,118),(25,119),(25,120),(25,121),(25,122),(25,123),(26,124),(26,125),(26,126),(26,127),(26,128),(27,129),(27,130),(27,131),(27,132),(27,133),(28,134),(28,135),(28,136),(28,137),(28,138),(29,139),(29,140),(29,141),(29,142),(29,143),(30,144),(30,145),(30,146),(30,147),(30,148),(31,149),(31,150),(31,151),(31,152),(31,153),(32,154),(32,155),(32,156),(32,157),(32,158),(33,159),(33,160),(33,161),(33,162),(33,163),(34,164),(34,165),(34,166),(34,167),(34,168),(35,169),(35,170),(35,171),(35,172),(35,173),(36,174),(36,175),(36,176),(36,177),(36,178),(37,179),(37,180),(37,181),(37,182),(37,183),(38,184),(38,185),(38,186),(38,187),(38,188),(39,189),(39,190),(39,191),(39,192),(39,193),(40,194),(40,195),(40,196),(40,197),(40,198),(41,199),(41,200),(41,201),(41,202),(42,203),(42,204),(42,205),(42,206),(42,207),(42,208),(43,209),(43,210),(43,211),(43,212),(43,213),(44,214),(44,215),(44,216),(44,217),(44,218),(45,219),(45,220),(45,221),(45,222),(45,223),(46,224),(46,225),(46,226),(46,227),(46,228),(47,229),(47,230),(47,231),(47,232),(47,233),(48,234),(48,235),(48,236),(48,237),(48,238),(48,239),(49,240),(49,241),(49,242),(49,243),(49,244),(49,245),(50,246),(50,247),(50,248),(50,249),(50,250),(51,251),(51,252),(51,253),(51,254),(51,255),(52,256),(52,257),(52,258),(52,259),(52,260),(53,261),(53,262),(53,263),(53,264),(53,265),(54,266),(54,267),(54,268),(54,269),(54,270);
/*!40000 ALTER TABLE `imagedetail_festival` ENABLE KEYS */;
UNLOCK TABLES;

--
-- Table structure for table `imagedetail_landscape`
--

DROP TABLE IF EXISTS `imagedetail_landscape`;
/*!40101 SET @saved_cs_client     = @@character_set_client */;
/*!40101 SET character_set_client = utf8 */;
CREATE TABLE `imagedetail_landscape` (
  `idLandscape` int(11) DEFAULT NULL,
  `idImage` int(11) NOT NULL AUTO_INCREMENT,
  PRIMARY KEY (`idImage`),
  KEY `fk_AnhChiTiet_ThangCanh_1_idx` (`idLandscape`),
  CONSTRAINT `fk_AnhChiTiet_ThangCanh_1` FOREIGN KEY (`idLandscape`) REFERENCES `landscape` (`idLandscape`) ON DELETE CASCADE ON UPDATE CASCADE
) ENGINE=InnoDB AUTO_INCREMENT=291 DEFAULT CHARSET=utf8 COLLATE=utf8_unicode_ci;
/*!40101 SET character_set_client = @saved_cs_client */;

--
-- Dumping data for table `imagedetail_landscape`
--

LOCK TABLES `imagedetail_landscape` WRITE;
/*!40000 ALTER TABLE `imagedetail_landscape` DISABLE KEYS */;
INSERT INTO `imagedetail_landscape` VALUES (1,1),(1,2),(1,3),(1,4),(1,5),(2,6),(2,7),(2,8),(2,9),(2,10),(3,11),(3,12),(3,13),(3,14),(3,15),(4,16),(4,17),(4,18),(4,19),(4,20),(5,21),(5,22),(5,23),(5,24),(5,25),(6,26),(6,27),(6,28),(6,29),(6,30),(7,31),(7,32),(7,33),(7,34),(7,35),(8,36),(8,37),(8,38),(8,39),(8,40),(9,41),(9,42),(9,43),(9,44),(9,45),(10,46),(10,47),(10,48),(10,49),(10,50),(11,51),(11,52),(11,53),(11,54),(11,55),(12,56),(12,57),(12,58),(12,59),(12,60),(13,61),(13,62),(13,63),(13,64),(13,65),(14,66),(14,67),(14,68),(14,69),(14,70),(15,71),(15,72),(15,73),(15,74),(15,75),(16,76),(16,77),(16,78),(16,79),(16,80),(17,81),(17,82),(17,83),(17,84),(17,85),(18,86),(18,87),(18,88),(18,89),(18,90),(20,91),(20,92),(20,93),(20,94),(20,95),(21,96),(21,97),(21,98),(21,99),(21,100),(22,101),(22,102),(22,103),(22,104),(22,105),(23,106),(23,107),(23,108),(23,109),(23,110),(24,111),(24,112),(24,113),(24,114),(24,115),(25,116),(25,117),(25,118),(25,119),(25,120),(26,121),(26,122),(26,123),(26,124),(26,125),(27,126),(27,127),(27,128),(27,129),(27,130),(28,131),(28,132),(28,133),(28,134),(28,135),(29,136),(29,137),(29,138),(29,139),(29,140),(30,141),(30,142),(30,143),(30,144),(30,145),(31,146),(31,147),(31,148),(31,149),(31,150),(32,151),(32,152),(32,153),(32,154),(32,155),(33,156),(33,157),(33,158),(33,159),(33,160),(34,161),(34,162),(34,163),(34,164),(34,165),(35,166),(35,167),(35,168),(35,169),(35,170),(36,171),(36,172),(36,173),(36,174),(36,175),(37,176),(37,177),(37,178),(37,179),(37,180),(38,181),(38,182),(38,183),(38,184),(38,185),(39,186),(39,187),(39,188),(39,189),(39,190),(41,191),(41,192),(41,193),(41,194),(41,195),(42,196),(42,197),(42,198),(42,199),(42,200),(55,201),(55,202),(55,203),(55,204),(55,205),(56,206),(56,207),(56,208),(56,209),(56,210),(57,211),(57,212),(57,213),(57,214),(57,215),(58,216),(58,217),(58,218),(58,219),(58,220),(59,221),(59,222),(59,223),(59,224),(59,225),(60,226),(60,227),(60,228),(60,229),(60,230),(61,231),(61,232),(61,233),(61,234),(61,235),(62,236),(62,237),(62,238),(62,239),(62,240),(63,241),(63,242),(63,243),(63,244),(63,245),(64,246),(64,247),(64,248),(64,249),(64,250),(65,251),(65,252),(65,253),(65,254),(65,255),(66,256),(66,257),(66,258),(66,259),(66,260),(67,261),(67,262),(67,263),(67,264),(67,265),(68,266),(68,267),(68,268),(68,269),(68,270),(69,271),(69,272),(69,273),(69,274),(69,275),(70,276),(70,277),(70,278),(70,279),(70,280),(71,281),(71,282),(71,283),(71,284),(71,285),(72,286),(72,287),(72,288),(72,289),(72,290);
/*!40000 ALTER TABLE `imagedetail_landscape` ENABLE KEYS */;
UNLOCK TABLES;

--
-- Table structure for table `imagedetail_posts`
--

DROP TABLE IF EXISTS `imagedetail_posts`;
/*!40101 SET @saved_cs_client     = @@character_set_client */;
/*!40101 SET character_set_client = utf8 */;
CREATE TABLE `imagedetail_posts` (
  `idPosts` int(11) DEFAULT NULL,
  `idImage` int(11) NOT NULL AUTO_INCREMENT,
  PRIMARY KEY (`idImage`),
  KEY `fk_AnhChiTiet_BaiViet_1_idx` (`idPosts`),
  CONSTRAINT `fk_AnhChiTiet_BaiViet_1` FOREIGN KEY (`idPosts`) REFERENCES `posts` (`idPosts`) ON DELETE CASCADE ON UPDATE CASCADE
) ENGINE=InnoDB AUTO_INCREMENT=118 DEFAULT CHARSET=utf8 COLLATE=utf8_unicode_ci;
/*!40101 SET character_set_client = @saved_cs_client */;

--
-- Dumping data for table `imagedetail_posts`
--

LOCK TABLES `imagedetail_posts` WRITE;
/*!40000 ALTER TABLE `imagedetail_posts` DISABLE KEYS */;
INSERT INTO `imagedetail_posts` VALUES (1,1),(1,2),(1,3),(1,4),(1,5),(2,6),(2,7),(2,8),(2,9),(2,10),(3,11),(3,12),(3,13),(3,14),(3,15),(4,16),(4,17),(4,18),(4,19),(4,20),(5,21),(5,22),(5,23),(5,24),(5,25),(6,26),(6,27),(6,28),(6,29),(6,30),(7,31),(7,32),(7,33),(7,34),(7,35),(12,42),(12,43),(12,44),(14,47),(14,116),(14,117);
/*!40000 ALTER TABLE `imagedetail_posts` ENABLE KEYS */;
UNLOCK TABLES;

--
-- Table structure for table `landscape`
--

DROP TABLE IF EXISTS `landscape`;
/*!40101 SET @saved_cs_client     = @@character_set_client */;
/*!40101 SET character_set_client = utf8 */;
CREATE TABLE `landscape` (
  `idLandscape` int(11) NOT NULL AUTO_INCREMENT,
  `idDestination` int(11) NOT NULL,
  `title` varchar(45) COLLATE utf8_unicode_ci NOT NULL,
  `discription` text COLLATE utf8_unicode_ci NOT NULL,
  `imageProfile` varchar(100) CHARACTER SET utf8 DEFAULT NULL,
  `state` int(1) NOT NULL,
  PRIMARY KEY (`idLandscape`),
  KEY `fk_ThangCanh_1_idx` (`idDestination`),
  CONSTRAINT `fk_ThangCanh_1` FOREIGN KEY (`idDestination`) REFERENCES `destination` (`idDestination`) ON DELETE CASCADE ON UPDATE CASCADE
) ENGINE=InnoDB AUTO_INCREMENT=73 DEFAULT CHARSET=utf8 COLLATE=utf8_unicode_ci;
/*!40101 SET character_set_client = @saved_cs_client */;

--
-- Dumping data for table `landscape`
--

LOCK TABLES `landscape` WRITE;
/*!40000 ALTER TABLE `landscape` DISABLE KEYS */;
INSERT INTO `landscape` VALUES (1,1,'Đền Bạch Mã',' Đền Bạch Mã\n Đền thuộc phường Hà Khẩu, tổng Hữu Túc, huyện Thọ Xương, phủ Hoài Đức, nay là 76 Hàng Buồm, quận Hoàn Kiếm, Hà Nội. Đền thờ thần Long Đỗ tức Bạch Mã, vị thần bảo hộ kinh thành Thăng Long. Theo một bộ sách soạn ở thế kỷ XIV thì chính thần Bạch Mã đã cảnh cáo Cao Biền, một viên quan Trung Quốc, sang cai trị, khoảng thời gian từ năm 866 đến năm 875, khiến y sợ hãi phải lập đền thờ. Một truyền thuyết khác kể thêm: khi vua Lý Công Uẩn định đô Thăng Long (1010), xây thành mà cứ bị sụt lở, ông tới đây cầu lễ và lạ thay, một buổi sáng chợt thấy có con ngựa trắng từ trong đền đi ra, chạy vòng quanh khu vực đang xây thành, chạy đến đâu để dấu chân đến đấy rồi trở lại đền và vụt biến. Vua Lý cứ theo vết chân ngựa mà xây, thành không lở nữa. Vua bèn phong thần Long Đỗ làm thành hoàng bảo vệ cho Thăng Long. Từ đó thần có thêm tên là Bạch Mã.\n \n Đền đã được sửa chữa nhiều lần, cuối thế kỷ XVII được tôn nền cũ và mở rộng. Năm 1781, chúa Trịnh cho dân các giáp Mật Thái, Bắc Thượng, Bắc Hạ thuộc phường Hà Khẩu chung quanh đền Bạch Mã được \"tạo lệ\" (sắm lễ vật tế, không phải sưu sai, tạp dịch khác). Năm 1829, sửa chữa đền thêm tráng lệ. Năm 1839, dựng văn chỉ ở bên trái đền, dựng Phương đình để làm nơi cúng lễ các tuần tiết. Trong đền hiện nay còn lưu giữ được khá nhiều hiện vật có giá trị như 15 văn bia (nội dung các văn bia đề cập sự tích của đền, thần, nghi lễ cúng thần, các lần trùng tu tôn tạo), đồ thờ gồm các vũ khí thời cổ như xích, đao, thương, câu liêm... được sơn son thếp vàng, chạm khắc tinh xảo. Trong đền, cùng với các lư hương đồng, bình đồng, còn có tượng Phật và một đôi hạc, đôi phỗng trong tư thế đứng trang nghiêm.\n Lễ hội đền hằng năm vào tháng hai âm lịch, trước đây có tổ chức lễ đánh trâu rước xuân.\n ','',1),(2,1,'Hồ Tây – Hồ Trúc Bạch',' Hồ Tây\n Hồ Tây, mặt gương của Hà Nội, lá phổi của chốn Long thành có diện tích rộng hơn 500 ha với một bề dày lịch sử mấy nghìn năm. Đường vòng quanh hồ dài tới 17km. Ngành địa lý lịch sử đã chứng minh rằng hồ là một đoạn sông Hồng cũ còn rớt lại sau khi sông đã đổi dòng... Có thể do sông hồ biến đổi như vậy mà đã xuất hiện nhiều truyền thuyết về hồ và tên gọi của hồ.\n Ví như theo truyện \"Hồ Tinh\" thì có tên là hồ (hoặc đầm) Xác Cáo, vì truyện kể là có một con cáo chín đuôi ẩn nấp nơi đây làm hại dân. Long Quân mới dâng nước lên phá hang cáo, hang sập thành ra hồ.\n Theo truyện \"Khổng lồ đúc chuông\" thì hồ lại có tên là Trâu Vàng. Truyện kể rằng có ông khổng lồ có tài thu hết đồng đen của phương bắc đem đúc thành chuông. Khi thỉnh chuông, tiếng vang sang bên bắc. Vì đồng đen là mẹ vàng nên con trâu vàng phương Bắc nghe tiếng chuông liền vùng đi tìm mẹ. Tới đây nó quần mãi đất, khiến sụt thành hồ.\n \n Theo thư tịch thì thế kỷ XI, hồ này đi vào lịch sử với tên là Dâm Đàm (Đầm mù sương), tới thế kỷ XV thì đã gọi là Tây Hồ. Hồ còn có tên là Lãng Bạc, trùng với tên nơi diễn ra những trận đánh ác liệt giữa quân của Hai Bà Trưng và quân Hán ở vùng Tiên Sơn tỉnh Bắc Ninh.\n Hồ Tây từ lâu lắm đã là thắng cảnh. Thời Lý - Trần, các vua chúa lập quanh hồ nhiều cung điện làm nơi nghỉ mát, giải trí, như cung Thúy Hoa thời Lý, điện Hàm Nguyên thời Trần nay là khu chùa Trấn Quốc, cung Từ Hoa thời Lý nay là khu chùa Kim Liên, điện Thuỵ Chương thời Lê nay là khu trường Chu Văn An...\n Những ngày sóng yên gió lặng, chơi thuyền Hồ Tây là một thú tao nhã. Lướt trên sóng hồ nhiều thi sĩ đã có những vần thơ tuyệt tác như Nguyễn Du, Nguyễn Công Trứ, Nguyễn Khuyến...\n Nếu làm một cuộc đi dạo quanh hồ thì đồng thời cũng được thăm khá nhiều di tích và thắng cảnh. Làng Nghi Tàm, quê hương nhà thơ \"Bà huyện Thanh Quan\" với chùa Kim Liên có kiến trúc độc đáo; làng Nhật Tân nguồn hoa đào mỗi độ xuân về, tương truyền là nơi Lạc Thị đời Hồng Bàng sinh ra một bọc trứng nở thành bảy con rồng. Rồi làng Xuân Tảo với đền Sóc thờ Thánh Gióng, làng Trích Sài có chùa Thiên Niên thờ bà tổ nghề dệt lĩnh, sang làng Kẻ Bưởi có nghề làm giấy cổ truyền và đền Đồng Cổ nơi bách quan hội thề thời Lý, làng Thụy Khuê có chùa Bà Đanh nổi tiếng một thời... Và đặc sắc nhất là đền Quán Thánh. Lại còn cả một số công trình nhà ở mới xây dựng bên hồ làm quang cảnh thêm đa dạng.\n Hồ Trúc Bạch\n Hồ Trúc Bạch cách Hồ Tây bởi con đường Thanh Niên. Đường Thanh Niên có từ năm 1957 - 1958 theo ý kiến của Chủ tịch Hồ Chí Minh, sau khi hồ được thanh niên học sinh Hà Nội lao động trong những ngày thứ bảy cộng sản mở rộng như ngày nay. Trước gọi là đường Cổ Ngư, hình thành từ một con đê hẹp được đắp ngăn một góc Hồ Tây.\n Hồ Trúc Bạch có từ thế kỉ XVII khi dân hai làng Yên Hoa (nay là Yên Phụ) và Yên Quang (nay là phố Quán Thánh) đắp con đê ngăn góc đông nam Hồ Tây để nuôi bắt cá. Từ khi thành một hồ biệt lập, hồ đã đi vào thư tịch cổ. Sách \"Tây Hồ chí\" cho biết nguyên ở phía nam hồ có làng Trúc Yên, có nghề làm mành, do đó nhà nào cũng trồng trúc, trúc mọc như rừng. Thời chúa Trịnh Giang (1729 - 1740) xây ở đây một cung điện gọi là Viện Trúc Lâm. Về sau, viện trở thành nơi giam cầm những cung nữ có lỗi, phải dệt lụa để mưu sinh. Lụa đẹp, bóng bẩy, nổi tiếng khắp kinh thành, gọi là lụa làng Trúc.\n Ven hồ Trúc Bạch có nhiều di tích lịch sử và công trình kiến trúc đặc sắc như đền Quán Thánh ở ngay góc tây nam hồ. Phía đông có chùa Châu Long (phố Châu Long), tương truyền xây từ thời Trần, là nơi tu hành của công chúa con vua Trần Nhân Tông. Có đền An Trì, nơi thờ Uy Đô, một anh hùng chống quân Nguyên.\n Ba phía chung quanh hồ phố xá che khuất, chỉ có phía tây giáp đường Thanh Niên mới bày ra vẻ đẹp êm ả phẳng lặng của mặt hồ. Phía bắc hồ có một gò đất nhỏ, trên gò có đền thờ Cẩu Nhi gắn với chuyện Lý Công Uẩn dời đô.\n Lý Công Uẩn sinh năm Giáp Tuất (974), dời đô năm Canh Tuất (1010). Mà \"Tuất\" là \"chó\" - một trong 12 con vật theo lịch âm. Trong tín ngưỡng cổ truyền chó là con vật có khả năng xua đuổi tà ma, bảo vệ đất đai. Huyền thoại kể rằng trước ngày Lý Công Uẩn dời đô, có một con chó tới làm ổ đẻ con trên đỉnh núi Nùng, nơi này sau dựng \"Chính điện đài\" và lập bên điện ngôi đền thờ chó mẹ và chó con. Đến triều đại sau, đền thờ Cẩu Nhi được dời ra ngoài hoàng thành, dựng trên gò trong hồ Trúc.\n Hồ Trúc Bạch cùng với công viên Lý Tự Trọng và Hồ Tây tạo thành một tổng thể thiên nhiên hài hoà, làm thành một thắng cảnh đẹp của thủ đô Hà Nội.\n ','',1),(3,1,'LĂNG CHỦ TỊCH HỒ CHÍ MINH','Lăng Chủ tịch Hồ Chí Minh được chính thức khởi công ngày 2 tháng 9 năm 1973, tại vị trí của lễ đài cũ giữa Quảng trường Ba Đình, nơi Chủ tịch Hồ Chí Minh đã từng chủ trì các cuộc mít tinh lớn.\n \n Lăng được khánh thành vào ngày 29 tháng 8 năm 1975. Lăng gồm 3 lớp với chiều cao 21,6 m, lớp dưới tạo dáng bậc thềm tam cấp, lớp giữa là kết cấu trung tâm của lăng gồm phòng thi hài và những hành lang, những cầu thang lên xuống. Cát được lấy từ suối Kim Bôi, tỉnh Hòa Bình do người dân tộc Mường đem về; quanh bốn mặt là những hàng cột vuông bằng đá hoa cương, lớp trên cùng là mái lăng hình tam cấp, đá cuội được chuyển từ các con suối vùng Sơn Dương, Chiêm Hoá, Ngòi Thìa, Tuyên Quang...; nhân dân dọc dãy Trường Sơn còn gửi ra 16 loại gỗ quí. Các loài cây từ khắp các miền được mang về đây như: cây chò nâu ở Đền Hùng, hoa ban ở Điện Biên-Lai Châu, tre từ Cao Bằng... Thanh thiếu niên còn tổ chức buổi tham gia lao động trong việc mài đá, nhổ cỏ, trồng cây.\n \n Trên đỉnh lăng là hàng chữ \"Chủ tịch Hồ Chí Minh\" ghép bằng đá ngọc màu đỏ thẫm. Cửa lăng làm từ các cây gỗ quýTây Nguyên. Tiền sảnh có dòng chữ \"Không có gì quý hơn Độc lập Tự do\" và chữ ký của Chủ tịch Hồ Chí Minh được dát bằng vàng. Hai bên cửa là hai cây hoa đại. Phía trước và phía sau lăng trồng 79 cây vạn tuế tượng trưng cho 79 năm trong cuộc đời của Hồ Chủ tịch. Hai bên phía Nam và Bắc của lăng là hai rặng tre, loại cây biểu tượng cho nước Việt Nam. Trước cửa lăng luôn có hai người lính đứng gác, 1 giờ đổi gác một lần.\n \n Chính giữa lăng là thi hài Chủ tịch Hồ Chí Minh đặt trong hòm kính khung bằng gỗ quý, điêu khắc hoa văn các đám mây, đặt trên một bục đá. Qua lớp kính trong suốt, thi hài Chủ tịch Hồ Chí Minh nằm trong bộ quần áo ka ki bạc màu, dưới chân có đặt một đôi dép cao su. Trong những dịp có người viếng lăng, sẽ có bốn tiểu binh đứng gác.\n \n Lăng hình vuông, mỗi cạnh 30 m, cửa hướng về phía Đông, hai phía Nam và Bắc có hai lễ đài dài 65 m dành cho khách trong những dịp lễ lớn. Trước lăng là Quảng trường Ba Đình với một đường dành cho lễ diễu binh, duyệt binh, và một thảm cỏ dài xanh tươi suốt bốn mùa. Phía trước lăng là cột cờ, lá Quốc kỳ được kéo lên vào lúc 6 giờ sáng và hạ xuống lúc 9 giờ tối hàng ngày. Thẳng tiếp qua sân cỏ là đường Bắc Sơn, có trồng hoa hồng đỏ và hoa đào. Tận cùng đường Bắc Sơn là Đài Liệt sỹ.\n \n Bên phía Tây của quảng trường là khu lưu niệm Chủ tịch Hồ Chí Minh. Tại đây có Viện Bảo tàng Hồ Chí Minh, ngôi nhà sàn Bác Hồ.\n ','',1),(4,1,'NHÀ SÀN BÁC HỒ',' Địa chỉ: Nằm trong khuôn viên Phủ Chủ tịch, thuộc quận Ba Đình, thành phố Hà Nội.\n \n Nằm trong khu vườn rộng sau Phủ Chủ tịch, ngôi nhà sàn Bác Hồ nằm nhỏ nhắn bình dị giữa những vòm cây, đường vào nhà rải sỏi, hai bên là hàng cây xoài, hàng rào dâm bụt bao quanh nhà, cổng vào kết bằng cành cây đan xen nhau. Đó là ngôi nhà Bác Hồ ở và làm việc từ ngày 17/5/1958 cho tới khi Người qua đời.\n \n Tầng dưới nhà sàn là nơi Bác thường họp với Bộ Chính trị. Tầng trên là hai phòng nhỏ, nơi Bác làm việc và phòng ngủ với những vật dụng đơn sơ, giản dị. Trước nhà là ao cá Bác nuôi, bên bờ ao là các loài hoa phong lan nở quanh năm.\n \n Sau nhà là vườn quả với hàng trăm loài cây quý do các địa phương đưa về trồng, như cây vú sữa của đồng bào miền Nam gửi biếu Bác năm 1954, bưởi Phúc Trạch, Biên Hòa, Mê Linh; cam Hải Hưng, Xuân Mai, Vân Du, Xã Đoài; quýt Hương Cần, Lý Nhân; táo Thiện Phiến, Ngọc Hồ; song mai Đông Mỹ; hồng Tiên Điền - Hà Tĩnh (quê hương nhà thơ Nguyễn Du). Trong vườn còn có những loại cây từ nước ngoài như ngàn hoa, cây bụt mọc quanh ao, cây cau vua gốc từ Caribê...\n \n Theo ý Bác, mùa hè năm 1958, Cục Thiết kế cơ bản thuộc Tổng cục Hậu cần đã thi công ngôi nhà này. Kiến trúc sư là ông Nguyễn Văn Ninh, Cục trưởng Cục Thiết kế Dân dụng, Bộ Kiến trúc (nay là Công ty Tư vấn xây dựng, Bộ xây dựng). Ông Ninh là 1 trong 8 người Việt Nam học kiến trúc khóa đầu tiên ở Trường Cao đẳng Mỹ thuật Đông Dương. Chính ông là người thiết kế lễ đài Ba Đình đón Bác và Trung ương Đảng, Chính phủ trở về thủ đô, ngày 1/1/1955.\n \n Nhân dân từ mọi miền đất nước cũng như du khách quốc tế đến thủ đô Hà Nội, ai cũng muốn đến viếng Chủ tịch Hồ Chí Minh, thăm nhà ở của Bác và đi dạo quanh Quảng trường Ba Đình lịch sử. ','',1),(5,1,'Phố Cổ Hà Nội',' Phố Cổ Hà Nội\n Ðặc điểm chung của các phố cổ Hà Nội là nhiều tên phố bắt đầu bằng từ \"Hàng\", tiếp đó là một từ chỉ một nghề nghiệp nào đó. Thí dụ: Hàng Ðào, Hàng Ðường, Hàng Mã, Hàng Thiếc...\n Du khách mới đến Hà Nội, dạo qua khu phố cổ - phố nghề sẽ thấy được nét khác biệt giữa Hà Nội và các thủ đô khác mà du khách đã đi qua.Từ phía Bắc hồ Hoàn Kiếm đi bộ lần lượt qua các phố Hàng Ðào, Hàng Ngang, Hàng Ðường là đến chợ Ðồng Xuân. Phố Hàng Ðào hình thành từ thế kỷ XV, dân ở đây làm nghề nhuộm vải. Thời đó họ chỉ chuyên nhuộm màu đỏ, màu hồng, màu hoa đào... nên có tên gọi là Hàng Ðào.\n Từ đời Lê (thế kỷ XV) nhiều người Trung Quốc được phép cư trú ở Thăng Long (Hà Nội), họ rủ nhau đến làm ăn buôn bán ở phố Hàng Ngang. Xưa kia ở hai đầu phố có dựng hai cái cổng chắn ngang đường, tối đến đóng lại. Do đó thành tên Hàng Ngang.\n Như tên gọi, Hàng Ðường có rất nhiều cửa hàng bán đường, mứt, bánh, kẹo...\n \n Chợ Ðồng Xuân đã có hơn 100 năm, là chợ lớn nhất Hà Nội, nơi hội tụ sản vật trên rừng, dưới biển của cả nước. Chợ Ðồng Xuân là chiến luỹ oanh liệt của các chiến sĩ cảm tử bảo vệ Hà Nội năm 1946.\n Sát với chợ Ðồng Xuân là phố Hàng Mã. Mặt hàng truyền thống làm từ các loại giấy màu ở phố này gần như không thay đổi từ khi lập phố. Có khác chăng bây giờ nhiều chủng loại hàng hơn trước. Hàng năm, vào dịp tết Trung thu của trẻ em (15/8 âm lịch) cả phố Hàng Mã trở thành một chợ bán đồ chơi muôn màu sắc: đèn ông sao, đèn xếp, đèn kéo quân, đầu sư tử...\n Từ đầu phố Hàng Mã đi thẳng sang phố Hàng Chiếu dài 276m (nơi bán nhiều loại chiếu thảm bằng cói) là đến Ô Quan Chưởng (cửa Ðông Hà) di tích khá nguyên vẹn của một trong 36 phố phường Thăng Long xưa.\n Một phố nghề rất điển hình: Hàng Thiếc. Ðến đây bạn sẽ nghe râm ran tiếng búa gõ vào những mảnh tôn, mảnh thiếc trắng lấp lánh. Những người thợ thiếc ở phố này suốt ngày cặm cụi làm các đồ dùng từ nhỏ đến lớn như chân đèn, thùng, chậu, gáo múc nước, hòm, bể nước... Người các tỉnh cũng về Hàng Thiếc buôn hàng đưa về bán ở các địa phương...\n ','',1),(6,1,'Chùa một cột',' Chùa Một Cột\n Là một cụm kiến trúc gồm ngôi chùa và tòa đài xây dựng giữa hồ vuông. Cả cụm có tên là đài Liên Hoa. Đài này lâu nay quen gọi là chùa Một Cột, hình vuông, mỗi bề 3m, mái cong, dựng trên cột đá hình trụ. Cột có đường kính 1,20m; cao 4m (chưa kể phần chìm dưới đất) đỡ một hệ thống những thanh gỗ tạo thành bộ khung sườn kiên cố đỡ cho ngôi đài dựng bên trên khác nào một đóa hoa sen vươn thẳng trên khu ao hình vuông có lan can bằng gạch bao quanh. Từ bên ngoài có lối nhỏ bằng gạch đi qua ao đến một chiếc thang xinh xắn dẫn lên Phật đài. Trên cửa Phật đài có biển đề \"Liên Hoa đài\" (Đài hoa sen) ghi nhớ sự tích nằm mộng của vua Lý dẫn tới việc xây chùa.\n \n Sử chép \"Lý Thái Tông (1028 - 1054) chiêm bao thấy Phật Quan Âm ngồi trên tòa sen, vua cũng được dắt lên đó. Khi tỉnh giấc vua đem việc ấy hỏi các quan. Có người khuyên vua làm chùa, dựng cột đá ở giữa ao, làm toà sen của Phật đặt trên cột như đã thấy trong mộng. Cho các sư chạy đàn, tụng kinh cầu cho vua sống lâu, vì thế gọi là chùa Diên Hựu (kéo dài cõi phúc)\".\n Việc dựng chùa và đài hoa sen tiến hành vào năm 1049. Chưa rõ ngôi chùa như thế nào, chứ qui mô Liên Hoa Đài thì một tấm bia cổ ngay từ đời Lý đã ghi \"...Đào hồ Linh Chiếu, giữa hồ vọt lên một cột đá đỉnh cột nở đóa hoa sen nghìn cánh, trên sen dựng tòa điện màu xanh. Trong điện đặt pho tượng Quan Âm. Vòng quanh hồ là dãy hành lang. Lại đào ao Bích Trì, mỗi bên đều bắc cầu vòng để đi qua. Phía sân cầu đằng trước, hai bên tả hữu xây tháp lưu ly\" (Bia chùa Đọi ở huyện Duy Tiên, tỉnh Hà Nam).\n Như vậy, Liên Hoa Đài thời Lý lớn hơn ngày nay nhiều, cả những bộ phận hợp thành và hình dáng cũng phong phú hơn.\n Trong thực tế, cụm chùa Một Cột đã qua nhiều lần sửa chữa. Ngày 11-9-1954, trước khi rút khỏi Hà Nội tạm chiếm, quân đội thực dân Pháp đã cho nổ mìn phá huỷ Liên Hoa Đài.\n ','',1),(7,2,'Chùa thiên mụ',' Chùa nằm cách trung tâm thành phố Huế khoảng 5 km, trên đồi Hà Khê, tả ngạn sông Hương, xã Hương Long.\nTên của ngôi chùa bắt nguồn từ một huyền thoại. Chuyện kể rằng từ xa xưa, dân địa phương đêm đêm thường thấy một bà già mặc áo đỏ, quần lục xuất hiện trên ngọn đồi nơi chùa toạ lạc ngày nay, và nói: rồi sẽ có chân chúa đến lập chùa ở đây để tụ khí cho bền long mạch. Hễ nói xong là bà biến mất.\n Sau khi vào trấn Thuận Hoá, chúa Nguyễn Hoàng một lần đi qua, nghe kể chuyện đã cho xây chùa và đặt tên là Thiên Mụ Tự. Chùa nằm cách trung tâm thành phố Huế khoảng 5 km, trên đồi Hà Khê, tả ngạn sông Hương, xã Hương Long.\nNăm 1601 chùa được xây dựng. Năm 1665 chúa Nguyễn Phúc Tần cho trùng tu. Năm 1710, chúa Nguyễn Phúc Chu cho đúc quả đại hồng chung cao 2,5m nặng 3285 kg, và năm 1715, chúa lại cho xây dựng tấm bia cao 2,58m đặt trên lưng con rùa bằng cẩm thạch. Vào thời Nguyễn, các vua Gia Long, Minh Mạng, Thiệu Trị, Thành Thái đều cho trùng tu chùa. Tháp Phước Duyên (ban đầu được đặt tên là tháp Từ Nhân) được vua Thiệu Trị cho xây vào năm 1844. Tháp hình bát giác cao 7 tầng (21 m). Ðiện Ðại Hùng là ngôi chính điện trong chùa, một công trình kiến trúc đồ sộ nguy nga.\n Trong điện, ngoài những tượng phật bằng đồng sáng chói còn treo một khánh đồng được đúc năm 1677 và một bức hoành phi bằng gỗ sơn son thếp vàng do tự tay chúa Nguyễn Phúc Chu đề tặng năm 1714. Hai bên chùa có nhà trai, nơi các sư tĩnh dưỡng và nhà khách để đón khách đến vãn cảnh chùa.\nTrước các điện, quanh chùa là các vườn hoa cây cảnh xanh tươi, rực rỡ. Phía sau cùng là vườn thông tĩnh mịch, phong cảnh nên thơ. Chùa bị hư hỏng nặng năm 1943. Từ năm 1945, Hoà thượng Thích Ðôn Hậu đã tổ chức công cuộc đại trùng tu kéo dài hơn 30 năm.\nNgày nay chùa vẫn được tiếp tục chỉnh trang ngày càng huy hoàng, tráng lệ, luôn hấp dẫn và thu hút đông đảo du khách gần xa.\n','',1),(8,2,'Chùa Huyền Không',' Nếu như Thiền viện Trúc Lâm Bạch mã ẩn hiện giữa lòng hồ Truồi rộng mênh mang thì Chùa Thiền Huyền Không Sơn Thượng lại thu gọn mình trong một thung lũng, giữa những triền đồi, những dãy núi cao và một rừng thông bạt ngàn hàng vạn cây được gọi là Vạn tùng sơn trên độ cao hơn 300m so với mực nước biển. Đây là một ngôi chùa thuộc hệ phái Nam tông (*) được Thượng tọa Giới Đức khai sơn năm 1989.\n\nTrung tâm thung lũng mở ra tả Thanh Long là một triền đồi thoai thoải, hữu Bạch Hổ là một dãy núi cao liền với khối núi mẹ cây cối um tùm. Hướng tây nam có một mỏm núi với cây cổ thụ mọc cheo leo trên đá gọi là Độc Thụ sơn. Dưới gốc cây cổ thụ là bức tượng đá mang dáng vẻ ưu tư của thiền sư trong bóng núi mây ngàn. Những am cốc ẩn cư nằm rải rác sâu trong rừng thông hay quanh quẩn bên sườn núi tạo ra một quần thể kiến trúc tuyệt đẹp.\nHơn chục năm về trước con đường lên Huyền Không Sơn Thượng mới chỉ là con đường dất nhỏ bé, chạy ngoằn nghèo giữa những khu rừng thông với đá núi gập ghềnh. Lúc đó khi đến đây, tôi đã rất thán phục công sức của các nhà sư chỉ bằng những chiếc xe kéo nhỏ đã đưa được vật liệu lên đây để xây dựng nên ngôi chùa. Bây giờ thì con đường nhỏ ngày xưa đã trở thành một con đường bê –tông khá lớn, ô tô có thể vào được, trong chùa còn có cả nơi để xe ô tô và xe máy dành cho khách tham quan đến thăm chùa.\nTừ cổng chùa bạn đã thấy sự khác biệt của Huyền Không Sơn thượng so với các ngôi chùa khác. Ở đây không có cổng Tam quan to lớn, cổng chùa chỉ như cổng của một ngôi nhà theo kiểu kiến trúc sân vườn Huế. Bước vào phía trong là một khu vườn xanh ngắt với những cảnh quan kỳ ảo, đẹp như trong chuyện cổ tích. Một cây cầu gỗ bắc qua dòng suối nhỏ nở đầy bông súng tím ngát đưa khách bước vào Thanh tâm viên, sân trước toà Phật điện.\nKhác hẳn với chính điện của những ngôi chùa khác, chính điện ở đây là ngôi nhà nhỏ nhưng thoáng đãng, giản dị mái thấp và đơn sơ vách gió lùa. Chính giữa thờ duy nhất Tượng Phật Thích Ca Mâu Ni như bất cứ ngôi chùa nào khác thuộc hệ phái Phật giáo Nam tông.\nBên phải Phật điện là Phong Trúc Am, được dùng làm nơi đón khách. Đó đây, dưới bóng những cây tre ngà lao xao hay trong khu rừng trúc um tùm là những bộ bàn ghế giả gỗ để khách ngồi nghỉ, tận hưởng sự yên ả thanh bình nơi cửa Phật. Nếu muốn bạn cũng có thể xốc ba lô lên vai, men theo những con đường mòn nhỏ leo lên những sườn núi xung quanh để từ đó thỏa thích ngắm nhìn toàn bộ thung lũng dưới tầm mắt của mình.\nNếu biết rằng vị sư trụ trì chùa, Thượng tọa Giới Đức - Minh Đức Triều Tâm Ảnh cũng là một nhà thơ, một nhà thư pháp tài hoa thì bạn sẽ không ngạc nhiên khi nhìn thấy thư pháp hiện diện khắp nơi, khắc trên đá trong vườn, chạm trên gỗ, trang trọng treo trên tường, ghi trên cột cổng …Đó là những lời Phật dạy, những điều hay lẽ phải răn đời và răn người, là những cảm xúc bất chợt của các cây bút, là những bài thơ của các nhà thơ nổi tiếng.\nVề Huyền Không Sơn Thượng, giữa đất trời bao la, được trải lòng mình ra với thiên nhiên, để một phút sống thật với chính mình… là những cảm xúc không dễ gì bạn bắt gặp nơi ồn ào, náo nhiệt của chốn thị thành…\nPhật giáo Nam tông hay tiểu thừa, còn gọi là Phật giáo nguyên thủy là hệ phái Phật giáo được truyền theo con đường phía nam từ SriLanka vào Việt Nam ( khác với Phật giáo Bắc tông được truyền từ Trung Quốc đời Bắc Tống sang Việt Nam). Phật giáo Nam tông tu theo lối tu ẩn cư trong những am cốc nhỏ để đạt được đến độ giác ngộ cho bản thân mình. Cũng chính vì vậy những ngôi chùa thuộc hệ phái Nam tông thường ở nơi núi non hoang sơ, có phong cảnh đẹp, xa nơi thị thành.\n','',1),(9,2,'Chùa Từ Đàm',' Chùa Từ Đàm được khai sáng vào khoảng năm 1690, tức vào cuối thế kỷ thứ XVII, đến nay đã trên 300 năm vào thời Trịnh – Nguyễn phân tranh.\nNgài Minh Hoằng -Tử Dung – một vị thiền sư Trung Hoa sang Thuận Hóa thời bấy giờ sáng lập chùa này. Đầu tiên, ngài đặt tên là Ấn Tông Tự – ấn tông nghĩa là “dĩ tâm ấn vi tông”, tức lấy sự truyền tâm làm tông chỉ.\nNăm 1703, chúa Nguyễn Phúc Chu sắc phong cho chùa là Sắc Tứ Ấn Tông Tự. Đến thời Thiệu Trị, vua đặt thêm một tên khác là “Từ Đàm Tự”. Từ đàm là đám mây lành, có ý tượng trưng cho đức Phật, cho hình ảnh ngôi chùa Việt Nam như đám mây lành che mát cho chúng sanh.\nChùa Từ Đàm lúc sơ khai chỉ là tịnh thất nhỏ làm bằng tranh tre nứa lá. Từ đó đến nay chùa đã tồn tại lâu dài trên dãi đất Cố đô Huế. Trải qua bao thăng trầm thay đổi của lịch sử thì năm 1932, khi Phật giáo Việt Nam phục hưng sau bao năm bị phân hóa dưới thời Pháp thuộc, năm 1935 sơn môn tăng già Thừa Thiên chuyển giao Chùa Từ Đàm cho Hội An Nam Phật học làm trụ sở chính của hội.\nNăm 1938, Hội An Nam Phật học đại trùng tu Chùa Từ Đàm và đúc pho tượng bổn sư cùng các pháp khí để tôn trí trong chánh điện. Năm 1940 thì hoàn tất.\nTừ khi trùng kiến ngôi chùa này đến nay đã có những sự kiện sau đây xảy ra:\n-  Thứ nhất: chùa được làm trụ sở chung cho Tỉnh hội Phật giáo Thừa Thiên và cho Tổng hội Phật giáo Trung phần gồm 17 tỉnh Phật giáo miền Trung mỗi năm về họp để vạch chương trình hoằng dương Phật pháp.\n-  Thứ hai: năm 1951, Phật giáo 3 miền trung-nam-bắc phục hưng, lấy ngôi Chùa Từ Đàm làm trụ sở để tổ chức một hội nghị bàn việc thống nhất Phật giáo Việt Nam và sau đó kiến thiết lại quy mô trở thành Chùa Từ Đàm như ngày hôm nay.\n-  Thứ ba: năm 1963, dưới chế độ Ngô Đình Diệm cai trị miền Nam, chính quyền này rất kỳ thị Phật giáo, triệt hạ cờ Phật giáo để tâng bốc một tôn giáo khác là Thiên Chúa giáo. Do vậy các vị lãnh đạo Phật giáo miền Trung đã có sự phản ứng gọi là “Cuộc vận động Phật giáo đòi quyền tự do bình đẳng tôn giáo”.\nTôi xin tóm tắt vài nét đặc trưng về lịch sử Chùa Từ Đàm như vậy để cho thấy sự ảnh hưởng của Phật giáo tại Huế và tại miền Nam này là rất lớn. Phật giáo và Chùa Từ Đàm có ảnh hưởng vô cùng sâu đậm trong lòng quần chúng, vì quần chúng tìm thấy cái hay, cái đẹp, cái đúng, cái thích hợp với đạo với đời, với tín ngưỡng, với luân lý và với dân tộc nên được sự chở che giữ gìn cho đến ngày nay.\nNăm 2006, pl.2550 – nhân dịp tu sửa vì dột nát, chùa được mở rộng tầm vóc thêm một lần nữa, nhưng vẫn giữ duyên xưa, với kiến trúc ngôi chùa tổ, theo ý tưởng của Hòa thượng Trú trì Thích Thiện Siêu cùng với chư tôn thiền đức trưởng thượng cũng như toàn Ban trị sự Giáo hội đã đồng thuận dự án đại trùng tu chùa, và lễ đặt đá trùng tu lần này được tổ chức vào ngày 10 tháng 6 năm bính tuất (04.07.2006).\nSau hơn một năm thực hiện, chùa đã được hoàn thành và làm lễ an vị Phật vào ngày 15 tháng 11 năm đinh hợi (24.12.2007). \n','',1),(10,2,'Chùa Thiền Lâm',' \nChùa Thiền Lâm (hay còn gọi chùa “Phật đứng - Phật nằm”) được sư Hộ Nhẫn xây dựng năm 1960 với hình hài ban đầu chỉ là một Cốc nhỏ. Đến hiện tại, chùa là quần thể gồm nhiều công trình kiến trúc như tượng, tháp mộ, tháp Phật, nhà tăng chúng... ở nhiều vị trí khác nhau.\n\nKhác với bất kỳ những ngôi tự của Phật giáo Bắc Tông với cổng tam quan dẫn lối vào vườn thiền, chùa Thiền Lâm mở cửa đón đồ chúng bằng cổng chào mang phong cách Phật giáo Nam Tông, nhẹ nhàng nhưng ấn tượng.\nVào đến chùa, tận cùng khuôn viên ở bên trái là ngôi bảo tháp màu trắng đỉnh vàng cao vút, uy nghi mà thanh thoát giữa nền trời. Bảo tháp có 2 phần: tầng dưới là chánh điện; tầng trên tôn trí Xá lợi Phật Thích Ca và chư Thánh tăng.\nLà ngôi chùa Phật giáo Nam Tông nhưng chất thiền vẫn rõ nét trong không gian và các công trình kiến trúc của chùa. Không mang trên mình bề dày như những ngôi chùa Bắc Tông trên vùng đất xứ Huế, chùa “Phật đứng - Phật nằm” gợi đến cảm giác “là lạ”, nhẹ nhàng và tĩnh tại toát lên từ những gì mà ngôi tự đang có.\n','',1),(11,2,'Kinh thành Huế',' Kinh thành Huế được xây dựng gần 30 năm (từ 1803 đến 1832), là một dãy thành lũy dài cao 6,60m, dày 21m, với chu vi gần 9.000m. Trên mặt thành ngày xưa có tới 24 pháo đài.Bên ngoài, dọc theo bờ thành có hào sâu bảo vệ. Kinh thành liên lạc với bên ngoài qua 8 cửa trổ theo 8 hướng: Chính Ðông, Chính Tây, Chính Nam, Chính Bắc, Tây Bắc, Tây Nam, Ðông Bắc, Ðông Nam. Ngoài ra hai bên Kỳ Ðài còn có hai cửa Thể Nhơn và Quảng Ðức. Ngoài ra còn có hai cửa bằng đường thủy ở hai đầu sông Ngự Hà là Ðông Thành Thủy Quan và Tây Thành Thủy Quan. Phía Hoàng Thành ở góc đông bắc có một thành nhỏ, thời Gia Long gọi là Thái Bình, đến thời Minh Mạng đổi thành Trấn Bình Ðài có chu vi gần 1km, bên ngoài có hào rộng ăn thông với hào của Hoàng Thành.\n\nTheo nguyên tắc địa lý phong thủy của Ðông Phương và thuyết âm dương-ngũ hành của Dịch học. Kinh thành quay mặt về hướng Nam, dùng núi Ngự Bình làm tiền án và dùng 2 hòn đảo nhỏ trên sông Hương (Cồn Hến - Cồn Dã Viên) làm rồng chầu hổ phục (Tả Thanh Long - Hữu Bạch Hổ) để bảo vệ đế đô. Dòng Sông Hương chảy ngang trước mặt dùng làm Minh Ðường. Bốn mặt kinh thành đều được bao bọc bởi hệ thống sông ngòi gọi là sông Hộ Thành.\n\nỞ trong lòng Kinh thành, Hoàng thành và Tử cấm thành được gọi chung là Ðại Nội. Hoàng Thành dùng để bảo vệ khu vực các cơ quan lễ nghi, chính trị quan trọng nhất của triều đình và các điện thờ. Tử Cấm thành bảo vệ nơi làm việc, ăn ở và sinh họat hàng ngày của nhà vua và gia đình..\n\nÐược xây dựng từ 1804-1833, Ðại Nội có mặt bằng xây dựng theo hình gần vuông, mặt trước và mặt sau dài 622m, mặt trái và phải 604m. Thành xung quanh xây bằng gạch (cao 4,16m, dày 1,04m), bên ngoài có hệ thống hộ thành hào, gọi là Kim Thủy Hồ, để bảo vệ thành. Mỗi mặt trổ một cửa để ra vào: Ngọ Môn (trước), Hòa Bình (sau), Hiển Nhơn (trái), Chương Ðức (phải). Cửa chính của Ngọ Môn chỉ dành cho vua đi.\n\nVới hơn 100 công trình kiến trúc đẹp, mặt bằng Ðại Nội chia thành nhiều khu vực khác nhau:\n• Từ Ngọ Môn đến Ðiện Thái Hòa làm nơi cử hành các lễ lớn của triều đình.\n• Triệu Miếu, Thái Miếu, Hưng Miếu, Thế Miếu và Ðiện Phụng Tiên là nơi thờ các vua chúa nhà Nguyễn.\n• Cung Diên Thọ và Cung Trường Sanh là nơi ở của Hoàng Thái Hậu và Thái Hoàng Thái Hậu.\n• Phủ Nội Vụ là nhà kho tàng trữ đồ quý, xưởng chế tạo đồ dùng hoàng gia.\n• Vườn Cơ Hạ và Ðiện Khâm Văn là nơi các Hoàng tử học tập và chơi đùa.\n','',1),(12,2,'Tử Cấm Thành',' Có mặt bằng cũng gần vuông, cao 3,7m, mặt trước và sau dài 324m; mặt trái và phải dài 290m. Quanh thành trổ 10 cửa. Ðại Cung Môn là cửa chính ở mặt tiền chỉ dành cho vua ra vào, hiện nay đã hư hại hòan toàn. Bức bình phong to rộng dăng ngang sau lưng đIện Cần Chánh (nơi vua làm việc hàng ngày) là dấu hiệu cho biết thế giới sau đó chỉ dành riêng cho vua và gia đình. Trong đó có hàng trăm cung nữ và hàng chục thái giám thường trú để phục vụ hoàng gia. Trong khu vực này có gần 50 công trình kiến trúc vàng son lộng lẫy bao gồm: điện Càn Thành (nơi vua ở), điện Khôn Thái (nơi vợ chính vua ở), Duyệt Thị Ðường (nhà hát), Thượng Thiện (nơi nấu ăn cho vua), Thái Bình Lâu (nơi vua đọc sách),.điện Quang Minh (nơi ở các hòang tử), điện Trinh Minh (nơi các hòang hậu ở), điện Kiến trung, vườn Cẩm Uyển...\n\nHệ thống kiến trúc ở Ðại Nội đã được hoạch định theo những nguyên tắc chặt chẽ, đăng đối: chia ra các vị trí tiền, hậu, tả, hữu, thượng, hạ, chiêu mục tất cả đều nhất quán. Nó thể hiện những khái niệm về triết lý chính trị Nho giáo phương đông. Phần lớn các công trình kiến trúc ở đây đều làm bằng gỗ quý , nhưng cũng không chịu đựng nổi với thiên tai, khí hậu khắc nghiệt hàng thế kỷ qua và các cuộc chiến tranh tàn phá nặng nề. Cho nên một số công trình đã bị hư hỏng, các di tích quý này hiện nay đang được Nhà nước quan tâm đầu tư kinh phí để phục hồi, tôn tạo lại từng bước.\n','',1),(13,2,'Ngọ Môn',' Vừa là cổng chính, vừa là bộ mặt Ðại Nội, được xây dựng vào năm 1833 khi Minh Mạng cho quy hoạch lại mặt bằng và hoàn chỉnh hóa tổng thể kiến trúc trong Ðại Nội. Ngọ Môn là một tổng thế kiến trúc đa dạng, phía trên là lầu Ngũ Phụng với chức năng như một lễ đài, dùng để tổ chức một số lễ nghi trọng thể như duyệt binh, lễ xướng tên những người thi đỗ tiến sĩ, lễ ban sóc hàng năm và đây cũng là nơi diễn ra lễ thoái vị của vua Bảo Ðại - vị vua cuối cùng của Việt Nam vào ngày 30/8/1945.\n\nTheo kinh dịch thì các vị vua bao giờ cũng quay mặt về hướng Nam để cai trị thiên hạ, cho nên ngay từ thời Gia Long (1802-1819), khi xây dựng kinh đô Huế, các nhà kiến trúc đã cho hệ thống thành quách và cung điện ở vào vị thế tọa càn hướng tốn (Tây Bắc - Ðông Nam) cũng có nghĩa là hướng Bắc - Nam, thuộc Ngọ trên trục Tý - Ngọ, do đó Minh Mạng đã đặt tên cho chiếc cổng mới xây ở chính giữa mặt trước hoàng thành là Ngọ Môn, thay cho tên cũ là Nam Khuyết đài.\n\nHệ thống nền đài cao gần 5m, xây trên mặt bằng chữ U vuông góc, đáy dài 57,77m và cánh 27,06m. Ở phần giữa của nền đài trổ ba lối đi. Ngọ Môn dành cho vua đi, Tả và Hữu Giáp Môn dành cho các quan văn võ theo hầu trong đoàn ngự đạo. Tả và Hữu Dịch môn nằm ở hai cánh của nền đài, dành cho lính tráng và voi ngựa đi. Hệ thống lầu ngũ phụng có hai tầng, lầu gồm chín bộ mái lợp ngói hoàng lưu ly và thanh lưu ly, lầu dựng trên nền cao 1,14m xây trên nền đài. Ở tầng trên, mái lầu chia ra thành 9 bộ khác nhau. Tổng thể Ngọ Môn nhìn từ xa như một tòa lâu đài đồ sộ nguy nga, nhưng khi tiếp cận, nó trở thành một công trình kiến trúc xinh xắn, đáng yêu, gần gũi với phong cảnh thiên nhiên và tâm hồn, tình cảm của con người xứ Huế.\n','',1),(14,2,'Điện Thái Hòa',' Trong phạm vị hoàng cung triều Nguyễn, Ðiện Thái Hòa là công trình kiến trúc quan trọng nhất xét về nhiều mặt: chức năng, vị trí, ý nghĩa lịch sử, giá trị văn hóa nghệ thuật. Ðiện Thái Hòa là địa điểm sinh hoạt quan trọng nhất của triều đình nhà Nguyễn. Ðây là nơi diễn ra các lễ đại triều hàng tháng (vào ngày 1 và 15 âm lịch) hoặc các đại lễ khác như lễ Ðăng Quang (vua lên ngôi), lễ Vạn Thọ (sinh nhật vua), lễ Hưng Quốc Khánh Niệm... với sự tham gia của vua, hoàng thân, quốc thích và các vị đại thần. Về lịch sử xây dựng ngôi điện này, có thể chia làm ba thời kỳ chính, trong mỗi thời kỳ đều có một số thay đổi, cải tiến về kiến trúc trang trí...\n\nThời Gia Long Ðiện Thái Hòa được khởi công xây dựng vào 21/2/1805 và hoàn thành vào tháng 10/1805. Thời Minh Mạng, vào tháng Giêng năm Quý Tỵ, tức tháng 3/1833, khi tái quy hoạch và hoàn chỉnh hóa hệ thống kiến trúc cung đình Ðại Nội, vua Minh Mạng đã cho dời điện Thái Hòa hơi dé về phía Nam, đồ sộ và rộng lớn. Thời Khải Ðịnh, năm 1923, vua Khải Ðịnh cho đại tu điện Thái Hòa để chuẩn bị cho lễ Tứ tuần đại khánh tiết. Trong đợt tu sửa lớn này, có một số bộ phận kiến trúc ngôi điện này được thay đổi và làm mới. Trên mái điện, người ta đắp nổi 9 con rồng với một nghệ thuật cực kỳ tinh xảo. Cuối gian giữa của chính điện là ngai vàng được chạm khắc công phu, phía trên là bửu tán được trang trí cực kỳ lộng lẫy. Tám mươi cây cột gỗ lim khá lớn đều vẽ hình rồng vờn mây, màu vàng son rực rỡ.\n\nQua kiến trúc và trang trí của Ðiện Thái Hòa, chúng ta thấy người xưa đã gửi gắm vào đó khá nhiều ý tứ sâu xa đượm màu sắc đạo lý truyền thống phương Ðông. Bên cạnh ngôn ngữ kiến trúc mang tính triết học, tòa cung điện này còn ghi lại nhiều ngôn ngữ văn học với 297 ô hộc khắc chạm và đúc nổi thơ chữ Hán, nói lên một trong những nét đặc sắc của văn hóa Phú Xuân đầu thế kỷ XIX. Phía trước Ðiện Thái Hoà là sân Ðại Triều, hồ Thái Dịch và cầu Trung Ðạo. Sân Ðại triều chia làm 3 tầng, là nơi dành cho các quan từ nhất phẩm đến cửu phẩm sắp hàng làm lễ. thứ tự các quan được đánh dấu bởi hai hàng phẩm sơn (bia đá nhỏ) dựng ở hai bên sân.\n\nÐiện Thái Hòa là một trong những tòa cung điện tiêu biểu được xây dựng khá sớm ở Huế (1805), mang phong cách độc đáo của địa phương, cũng là cung điện rộng lớn, uy nghi, tráng lệ nhất trong hệ thống kiến trúc cung đình còn lại ở Huế.\n','',1),(15,2,'Cửu Đỉnh',' Ðặt tại sân Thế Miếu, là sản phẩm độc đáo, tinh xảo, được Bộ Công đúc tại Huế từ cuối năm 1835-đầu 1837. Cửu Ðỉnh biểu hiện ước mơ về sự trường tồn mãi mãi của triều đinh nhà Nguyễn và sự giàu đẹp của đất nước. Ðiều đó được thể hiện rất rõ trong việc đặt tên gọi cũng như tầm vóc và các hoa văn chạm nổi trên Cửu Ðỉnh. Mỗi đỉnh có khắc một tên riêng bằng chữ Hán, lấy từ miếu hiệu (tên để thờ cúng) của một vị vua nhà Nguyễn. Và cái đỉnh đó được xem là biểu tượng của vị vua đó. Cao Ðỉnh (vua Gia Long) ở vị trí chính giữa, Ðỉnh hai bên trái phải lần lượt là: Nhân Ðỉnh (vua Minh Mạng), Chương Ðỉnh ( vua Thiệu Trị), Anh Ðỉnh (vua Tự Ðức), Nghị Ðỉnh (vua Kiến Phúc), Thuần Ðỉnh (vua Ðồng Khánh), Tuyên Ðỉnh (vua Khải Ðịnh), Dụ Ðỉnh, Huyền Ðỉnh (chưa tượng trưng cho ông vua nào cả, mặc dù triều Nguyễn còn có 6 vị vua khác).\n\nGiá trị của 9 Ðỉnh trước hết ở tầm vóc to lớn và trình độ đúc đồng tinh xảo của các nghệ nhân đúc đồng Huế. Cao Ðỉnh cao 2,5m, nặng 2601kg-là đỉnh cao và nặng nhất. Huyền Ðỉnh cao 2,31m, nặng 1935kg - là đỉnh thấp và nhẹ nhất. Quanh hông đỉnh đều chạm trỗ 17 cảnh vật. Như vậy có tới 153 cảnh vật được chạm nổi trên Cửu Ðỉnh. Ðó là các hình ảnh: núi, sông, trăng, sao, cây cối, hoa, súc vật, vũ khí, xe, thuyền...Có thể xem 153 bức chạm khắc ấy là 153 bức tranh. Ta sẽ thấy sông Hồng trên Tuyên Ðỉnh, sông Cửu Long trên Huyền Ðỉnh, sông Hương trên Nhân Ðỉnh. Chín đỉnh được sắp thành một hàng ngang dưới thềm Hiển Lâm Các, nằm theo thứ tự các án thờ trong Thế Miếu. Riêng Cao Ðỉnh được đặt nhích về phía trước 8 đỉnh kia một khoảng gần 3m, vì vua Minh Mạng cho rằng Gia Long là vị vua có công lớn nhất đối với triều đại.\n','',1),(16,2,'Sông Hương',' Sông Hương bắt nguồn từ dãy Trường Sơn hùng vĩ, hai nguồn Tả Trạch và Hữu Trạch hợp lưu nơi ngã ba Tuần (dân gian còn gọi Bảng Lảng), từ đây sông Hương theo hướng Nam Bắc qua điện Hòn Chén, Ngọc Trản, chuyển Tây Bắc, uốn quanh bãi Nguyệt Biều, Lương Quán, xuôi về phía Ðông Bắc, lặng lẽ trôi về Huế trong dư vang của Trường Sơn, đi qua chốn yên giấc ngàn thu của các vua Nguyễn. Dòng sông mềm như tấm lụa, sắc nước xanh thẳm, tiếp tục cuộc hành trình đi qua Cồn Hến và những làng quê yên ả, qua ngã ba Sình mảnh đất thủ phủ Châu Hóa xưa rồi đổ ra phá Tam Giang hòa vào lòng biển cả.\n\nDòng sông trắng-Lá cây xanh, Sông Hương như \"thanh kiếm bạc dựng giữa trời xanh\". Biết bao tao nhân mặc khách lênh đênh trên quãng sông này với một \"phiến trăng sầu\" \"Hương Giang nhất phiến nguyệt, Kim cổ hứa đa sầu...\" Sông Hương quả là món quà vô giá mà thiên nhiên ban tặng cho Huế. Và nếu bỗng dưng Sông Hương biến mất, thành phố vẫn còn, thì có còn ai buồn nhắc đến Huế nữa không.\n','',1),(17,2,'Lăng tẩm các vua chiều Nguyễn',' Cách đây 80 năm, một người phương Tây, Ph.Eberhard đã viết: Huế là một trung tâm du lịch hấp dẫn, nơi có kinh thành, hoàng thành và lăng tẩm, có sức cuốn hút sự chú ý đặc biệt đối với du khách và các nhà mỹ thuật. Chỉ riêng lăng tẩm của các vua nhà Nguyễn không thôi cũng đủ có giá trị đối với cuộc du lịch rồi Triều Nguyễn (1802-1945) có đến 13 vua, nhưng vì những lý do lịch sử phức tạp khác nhau, nên hiện nay ở Huế chỉ có 7 khu lăng tẩm do triều đình xây dựng.\n\nÐó là các lăng vua Gia Long, Minh Mạng, Thiệu Trị, Tự Ðức (ở đây còn có lăng mộ vua Kiến Phúc), Dục Ðức (ở đây còn có mộ hai vua Thành Thái, Duy Tân), Ðồng Khánh và Khải Ðịnh. Theo ý đồ quy hoạch kiến trúc kinh đô nhà Nguyễn vào đầu thế kỷ XIX, các khu lăng tẩm ấy nằm trong một vùng khá riêng biệt ở phía Tây Huế.\n\nKiến trúc cung đình nhà Nguyễn rất tuân thủ các nguyên tắc phong thủy. Lăng tẩm nào cũng phải theo đúng những quy luật liên quan đến các thực thể địa lý thiên nhiên như: sông, núi, ao hồ, khe suối và nhất là huyền cung ở trung tâm điểm của mặt bằng kiến trúc phải tọa lạc đúng long mạch. Bố cục mặt bằng khu lăng tẩm nào cũng chia làm hai phần chính: phần lăng và phần tẩm.\n\nKhu vực lăng là khu vực chôn thi hài nhà vua, khu vực tẩm là chỗ xây nhiều miếu, điện, lầu gác, đình, tạ,... để nhà vua lúc còn sống thỉnh thoảng rời hoàng cung lên đây tiêu khiển. Chính vì vậy, mỗi lăng tẩm Huế, chẳng những là di tích lịch sử văn hóa mà còn là một thắng cảnh, một đóa hoa nghệ thuật kiến trúc giữa chốn núi đồi xứ Huế. Vì lăng tẩm Huế có được những giá trị văn hóa nghệ thuật cao như thế nên ngày từ năm 1957, trong quyển Les Merveilles du Monde được Viện sĩ Hàn lâm Pháp Jean Cocteau đề tựa, một nhóm gồm 15 tác giả phương Tây xếp lăng tẩm các vua nhà Nguyễn vào hàng kỳ quan của thế giới.\n','',1),(18,2,'Lăng Tự Đức',' Lăng Tự Ðức (Khiêm Lăng)\nLăng được dựng ở hữu ngạn sông Hương, trên núi Dương Xuân, làng Dương Xuân Thượng (cách Huế chừng 8 km), giữa một rừng thông bát ngát. Khởi công năm 1864, hoàn thành năm 1867, trên khoảng diện tích 475 ha. Toàn bộ lăng được bao quanh bằng một bức tường dày uốn lượn theo địa hình đồi núi. Kiến trúc trong lăng ngoài những yếu tố cần thiết của một lăng còn có những công trình kiến trúc phù hợp với nơi ở của vua Tự Ðức\n','',1),(20,2,'Lăng Khải Định',' Lăng Khải Ðịnh (Ứng Lăng)\nLăng được xây dựng từ 1920 đến 1931, trên đỉnh núi Châu Chữ, cách Huế 10km. Nếu các lăng khác được dựng trên một vùng núi non trập trùng rộng hàng trăm héc ta, thì lăng Khải Ðịnh như một toà lâu đài đồ sộ xây bên triền núi. Từ dưới chân núi lên tới Tẩm điện, qua 109 bậc. Vật liệu xây dựng lăng Khải Ðịnh chủ yếu là sắt thép bê tông và sành sứ. Nét nổi bật trong lăng Khải Ðịnh chính là nghệ thuật khảm sành, sứ trang trí lộng lẫy trên mặt tường, cột nhà và trần nhà. Ðây là sự kết hợp giữa hai nền kiến trúc, văn hoá Ðông - Tây rất tinh xảo.\n','',1),(21,3,'Chợ bến thành',' Chợ Bến Thành là một trong những ngôi chợ lâu đời nhất tại Thành phố Hồ Chí Minh và là một trong những điểm đến thu hút đông đảo khách du lịch nhất trên toàn lãnh thổ Việt Nam. Đây là điểm đến không thể bỏ qua khi đến với thành phố hơn 300 năm tuổi. Du khách có thể khám phá những gian hàng đủ màu sắc, mua thức ăn, quà lưu niệm và trang phục, vải vóc tại các gian hàng trong chợ.\n Chợ có lịch sử hình thành từ đầu thế kỷ 17, với nguồn gốc ban đầu là nơi nhóm họp của các tiểu thương bán hàng trên phố gần sông Sài Gòn. Năm 1870, chính quyền thuộc địa Pháp chính thức đặt tên khu vực này là Les Halles Centrales (tức Chợ Trung tâm). Chợ được dời vào một tòa nhà mới vào năm 1912 với tên gọi mới là Chợ Bến Thành.\n Len lỏi qua những gian hàng, xem đủ loại sản phẩm Việt Nam. Du khách có thể tìm được mọi thứ tại đây, từ những món quà lưu niệm bé tí đến những bộ trang phục truyền thống. Tuy nhiên, chợ không chỉ là điểm đến của khách du lịch. Chợ Bến Thành là nơi cư dân Thành phố Hồ Chí Minh vẫn mua sắm hàng ngày; giúp du khách có thể hiểu thêm về đời sống của người bản địa.\n Chợ Bến Thành cũng là một trong những địa điểm lý tưởng để thưởng thức những món ăn Việt Nam truyền thống. Dừng chân bên những gian hàng ăn với các món đặc sản địa phương như cá chiên xù hay nhấm nháp vài ly trà đá giải khát.\n Mặc cả (hay trả giá theo cách nói của người Sài Gòn) là một trải nghiệm thú vị khi mua sắm tại Việt Nam. Và khi đến với chợ Bến Thành, hãy sẵn sàng trả giá khi mua hàng.\n Chợ Bến Thành nằm tại Quận 1, trung tâm của Thành phố Hồ Chí Minh. Du khách có thể dễ dàng nhận ra chợ từ phía xa với tháp đồng hồ đã trở thành một biểu tượng quen thuộc. Khu vực này luôn nhộn nhịp người xe, vì thế hãy cẩn thận khi sang đường. Chợ Bến Thành mở cửa quanh năm. Ban đêm, nhà lồng chợ đóng cửa nhưng du khách vẫn có thể tham quan khu Chợ Đêm Bến Thành với các gian hàng mở từ chiều tối đến khuya\n ','',1),(22,3,'Một thoáng Việt Nam',' Khu du lịch ” Một Thoáng Việt Nam” là quần thể làng thủ công truyền thống tại bến Bò Cạp, ấp Phú Bình, xã An Phú, Củ Chi, TP HCM. Khu du lịch được mệnh danh là không gian văn hóa thu nhỏ của Việt Namowir sự đa dạng và đặc biệt về văn hóa, lịch sử của nó. Khu du lịch có diện tích 22,5 ha, nằm cạnh rạch Bò Cạp, gần sông Sài Gòn. Nơi đây bao gồm 30 hạng mục như đền thờ đắt nước, sa bàn nước Việt, lầu vọng. Ngoài ra còn có khu văn hóa ẩm thực, đảo nuôi chim thú tự nhiên, khu chợ hàng tiểu thủ công nghiệp, chợ trên sông, vườn hoa quả… Từ trên vọng đài cao 5m, khách có thể nhìn bao quát tổng thể cảnh đẹp Việt Nam với núi sông, rừng biển, tháp chàm, chùa Thiên Mụ, tháp Rùa, hồ Hoàn Kiếm, chợ Bến Thành…Tất cả như hội tụ vào đây để làm toát lên vẻ đẹp của nước Việt\n Để đảm bảo an toàn trong những trường hợp bị cướp hoặc khủng bố, trước khi đi du lịch bạn nên chuẩn bị sẵn những kỹ năng tự vệ bằng cách tự học Vịnh Xuân Quyền miễn phí online.\n Nơi đây còn có những hình ảnh đời sống đặc trưng của người Việt: thợ thủ công, nghệ nhân, nông dân… thuộc nhiều dân tộc khác nhau cùng lao động sản xuất bên nhau trong các làng nghề truyền thống: đan lát mây tre, dệt tơ lụa, thổ cẩm, gốm sứ, thêu ren, mộc, làm giấy gió, trồng lúa nước, in khắc tranh… Khách tham quan sẽ tận mắt được thấy những nghệ nhân nơi đây tạo ra những sản phẩm mỹ nghệ đặc sắc, chăm chút cho từng nét văn hóa truyền thống Việt Nam.\n Bất kì ai không có điều kiện đi thăm thú khắp nơi trên đất nước Việt Nam thì có thể tìm đến Một thoáng Việt Nam, bởi khu du lịch này là nơi hội tụ nhiều nét tinh hoa văn hóa Việt, giới thiệu đến đông đảo bạn bè trong và ngoài nước về đất nước, con người Việt Nam từ bao đời nay.\n Một vài hình ảnh ở khu du lịch ” Một Thoáng Việt Nam”','',1),(23,3,'Vườn cỏ Thủ Đức',' Từ ngã tư Thủ Đức đi về phía Tăng Nhơn Phú, rẽ phải theo đường Nguyễn Văn Tăng đến ngã ba Gò Công, tiếp tục rẽ phải, băng qua cầu, cặp theo con đường đất nhỏ khoảng 800m sẽ đến vườn cò của bác Tư Đê. Vườn cò của bác Tư Đê cách ngã tư Thủ Đức chừng 7km bằng đường bộ. Điều kỳ lạ là bên cạnh phố thị luôn nhộn nhịp, sầm uất như vậy lại có một điểm du lịch sinh thái rất yên tĩnh, trong lành. \n Vườn cò Thủ Đức - nay thuộc quận 9. Qua khỏi ngã 4 Thủ Đức, quẹo phải đường Lê Văn Việt, đi đến ngã 3, rẽ phải đường Nguyễn Văn Tăng. Tiếp tục đi thẳng, đến ngã 3 Gò công, quẹo phải, băng qua cầu, khoảng 200m là khu vườn cò. Thuộc phường Long thành mỹ, ngày nay đang trên đà phát triển. Ngày nay đường xá được trải nhựa dễ đi hơn nhiều. \n Không hiểu lý do nào mà loài cò lại chỉ chọn 2 khu vườn này làm nơi trú ngụ. Vào mùa cao điểm từ tháng 9 đến tháng 4, nơi đây quy tụ đàn cò lên đến 2.000 con. Cứ mỗi buổi chiều khi hoàng hôn đến, từng đàn cò lại rủ nhau lũ lượt bay về, xao động cả một góc trời. Ngắm nhìn hình ảnh cánh cò nổi bật trong ánh tà dương sẽ để lại ấn tượng khó quên. Để có được góc nhìn như vậy, khách phải thuê đò ra giữa dòng sông với giá 80.000 đồng/ giờ (cho cả một chuyến đò có thể chứa đến 10 người).\n Khu vườn cò cũng được đầu tư hơn. Khoảng thời gian cò tập trung ở đây nhiều nhất là tháng 4 và tháng 10. Thời điểm chúng tôi đến cũng là thời điểm cò tập trung về để đẻ con. Con đường đi vào vẫn còn giữ nguyên vẻ đường làng vốn có. Bạn sẽ có cảm giác là về quê như thuở nhỏ. Chúng tôi đến nơi cũng tầm trưa. Cò đã bay đi tìm mồi hết, văng vẳng chỉ có tiếng cò con gọi mẹ lao nhao trên những tán cây. \n Tuy nhiên đến vào thời gian buổi trưa cũng khó nhìn thấy cò. Vì thời gian chúng về tụ tập là từ 5-6h chiều. Nhưng nếu quan sát, thi thoảng sẽ thấy những cánh cò trắng chao nghiêng rất nhanh trước mặt - giữa khoảng sông rộng và nắng chói chang. \n Sau một vòng thăm quan ngắm cò thấm mệt, khách trở về có thể thả mình đong đưa trên những chiếc võng mắc sẵn quanh vườn và thưởng thức nước dừa ướp lạnh nguyên trái rất ngọt ngào mát rượi. Nếu cảm thấy bao tử cồn cào, khách có thể thử qua tài nghệ nấu nướng của gia đình bác Tư Đê qua những món đặc sản hiếm có: thịt chuột đồng nướng vàng ngậy, cá tai tượng chiên xù dòn rụm, ếch xào lăn nước cốt dừa béo ngọt, gà nước rô ti, thịt săn chắc, ăn “đã” hơn thịt gà nuôi nhiều...\n Bạn hãy đến vườn cò để tìm một chút hương vị đồng quê và thanh tịnh, tránh xa khỏi cái không khí ồn ào của phố thị nhé, chắc chắn nơi này không làm bạn thất vọng đâu.\n ','',1),(24,3,'Khu du lịch suối Mơ',' Chỉ cách trung tâm thành phố Hồ Chí Minh khoảng 100km, Công viên Suối Mơ là một trong những điểm du lịch mới thu hút bạn trẻ yêu thích khám phá và cũng là điểm đến được nhiều gia đình lựa chọn nghỉ ngơi, tận hưởng không gian xanh mát vào mỗi dịp cuối tuần\n Tọa lạc tại xã Trà Cổ, huyện Tân Phú, tỉnh Đồng Nai, Công viên Suối Mơ được ví như thiêng đường “biển trên rừng” với kiến tạo thiên nhiên ấn tượng cùng dòng suối trong vắt, những ngọn thác mát lạnh kết hợp tuyệt mỹ với khu hồ tắm rộng với diện tích lên đến 150.000 m².\n Để đến với Suối Mơ, bạn sẽ mất khoảng 3 giờ di chuyển bằng xe máy từ Sài Gòn. Tham khảo lộ trình như sau: Xuất phát theo hướng QL1 khoảng hơn 64 km đến Ngã 3 Dầu Dây, sau đó rẽ trái theo QL 20 hướng lên Đà Lạt khoảng 48 km nữa, qua cột số 48 UBND huyện Định Quán khoảng 700m rồi rẽ phải chạy sâu vào bên trong là đến Suối Mơ\n Nước suối ở đây khá đặc biệt, các dòng nước được khai thác từ các mạch nước ngầm, những dòng suối nhỏ len lỏi qua các khe đá, đổ vào lòng hồ mát lạnh và có thể nhìn thấy cả đám rong mọc lên từ dưới nước cực đẹp, chứ không phải như dòng nước lạnh được xử lý đơn thuần giống các hồ, suối khác. Ngoài tham quan, lưu lại những tấm hình tuyệt đẹp ở công viên Suối Mơ thì bạn còn có thể tham gia nhiều hoạt động cắm trại, tiệc BBQ, tổ chức teambuilding…\n ','',1),(25,3,'Bảo tàng Hồ Chí Minh',' Bảo tàng Hồ Chí Minh, thuộc loại hình bảo tàng lưu niệm danh nhân, là công trình văn hoá tưởng niệm Chủ tịch Hồ Chí Minh. Công trình Bảo tàng được khởi công xây dựng ngày 31-8-1985 và khánh thành vào đúng ngày 19-5-1990, nhân kỷ niệm 100 năm ngày sinh Chủ tịch Hồ Chí Minh. Tác giả thiết kế công trình là kiến trúc sư người Nga nổi tiếng - ông Garon Isacovich.  \n Toà nhà mang biểu tượng bông sen trắng tượng trưng cho cuộc đời giản dị thanh cao của Chủ tịch Hồ Chí Minh, đồng thời thể hiện lòng kính trọng, biết ơn sâu sắc của nhân dân Việt Nam đối với vị lãnh tụ kính yêu, quyết tâm đi theo con đường   mà Người đã lựa chọn cho dân tộc Việt Nam.\n Gian mở đầu (còn gọi là gian long trọng) trưng bày Bảo tàng Hồ Chí Minh  cũng là tượng trưng cho nhụy của bông sen trắng. Trung tâm của gian là tượng Chủ tịch Hồ Chí Minh bằng đồng cao 3.5 m, nặng 2.8 tấn. Phía sau tượng là biểu tượng mặt trời và hình ảnh cây đa tượng trưng cho ánh sáng và sự trường tồn của dân tộc Việt Nam. Theo quan niệm “trời tròn, đất vuông” của triết học phương Đông: trần gian mở đầu được trang trí một vòng tròn bằng đồng đan xen những chùm đèn tết hoa, tượng trưng cho trời. Giữa sàn của gian này được trang trí hình vuông với những bông hoa bằng đá ghép lại, tượng trưng cho trái đất với hình ảnh đất nước Việt Nam.  Hai bên cửa gian long trọng là hai bức phù điêu thể hiện truyền thống dựng nước và giữ nước của dân tộc Việt Nam dựa trên các truyền thuyết: Bọc trăm trứng, Thánh Gióng, Sự tích Hồ Gươm.\n Những biểu tượng nghệ thuật trên đã khái quát chủ đề trưng bày của Bảo tàng: giới thiệu cuộc đời và sự nghiệp của Chủ tịch Hồ Chí Minh gắn với sự phát triển của dân tộc Việt Nam và nhân loại.\n Trưng bày chính của Bảo tàng Hồ Chí Minh thể hiện 3 nội dung:\n 1. Giới thiệu tiểu sử Chủ tịch Hồ Chí Minh từ tuổi ấu thơ cho đến khi Người qua đời và nhân dân Việt Nam thực hiện Di chúc của Người.\n 2. Giới thiệu về cuộc sống, chiến đấu và chiến thắng của nhân dân Việt Nam.\n 3. Giới thiệu một số sự kiện lịch sử thế giới (từ cuối thế kỷ 19 và trong thế kỷ 20) có tác động và ảnh hưởng sâu sắc đến cuộc đời và sự nghiệp của Hồ Chí Minh và cách mạng Việt Nam.\n ','',1),(26,3,'Nhà Thờ Đức Bà',' Nhà thờ Đức Bà là một trong những công trình tiêu biểu của kiến trúc đô thị Sài Gòn, tạo nên nét đẹp cổ điển cho thành phố phát triển bậc nhất cả nước\n Vương cung thánh đường Chánh tòa Đức Bà (người dân quen gọi là Nhà thờ Đức Bà) tọa lạc ngay giữa trung tâm thành phố (số 1 Quảng trường Công xã Paris) đã gần 140 năm.\n Nhà thờ Đức Bà do kiến trúc sư người Pháp Bourad thiết kế dựa trên sự mô phỏng nhà thờ Notre Dame của Paris, được khởi công từ năm 1877, có chiều dài 93 m, rộng 35 m và cao 75 m.\n Hầu hết nguyên vật liệu từ gạch, ngói, xi măng, sắt, thép đến ốc vít, kính trang trí đều được chuyển từ Pháp sang và được hoàn thành sau 3 năm xây dựng. Năm 1895, Nhà thờ xây dựng bổ sung thêm hai tháp chuông nhọn có chiều cao 57,6 m, chứa 6 quả chuông đồng lớn có tổng trọng lượng 28,85 tấn.\n Nhà thờ là một công trình đặc biệt về quy hoạch, không có hàng rào hay khuôn viên bao quanh nên là điểm nhấn trong không gian đô thị và có góc nhìn đẹp từ mọi phía.\n Trải qua gần 140 năm với nhiều biến động chính trị, lịch sử, nhà thờ Đức Bà vẫn là tuyệt tác của kiến trúc đô thị Sài Gòn. Đây không chỉ là địa điểm được nhiều du khách trong và ngoài nước đến tham quan, tham dự thánh lễ mà còn là nơi các bạn trẻ Sài Gòn gặp gỡ giao lưu.\n Thoạt nhìn bên ngoài, nhà thờ vẫn giữ được vẻ kiên cố, tuy nhiên, nhiều hạng mục bên trong đã xuống cấp nên sẽ được trùng tu trong thời gian tới. Các hạng mục dự định được trùng tu bao gồm 2 ngọn tháp, kính, cột và xóa sạch các bức tường bị bôi bẩn bằng bút xóa,…\n Việc trùng tu này không ảnh hưởng đến thiết kế ban đầu của nhà thờ Đức Bà. Và trong thời gian trùng tu nhà thờ vẫn mở cửa để du khách và người dân đến dự thánh lễ.\n ','',1),(27,3,'Khu du lịch suối tiên',' Khu du lịch Suối Tiên có tên đầy đủ là Khu du lịch văn hóa Suối Tiên, nằm ở cửa ngõ Ðông Bắc Sài Gòn, trên tuyến Xa lộ Hà Nội, thuộc địa bàn phường Tân Phú, Quận 9, Thành phố Hồ Chí Minh. Đây là một khu giải trí liên hợp, được xây dựng và thiết kế dựa trên các hình ảnh lịch sử, truyền thuyết của dân tộc Việt Nam cùng các tư tưởng đạo học phương Ðông. Hàng năm, Suối Tiên thu hút lượng lớn người dân TPHCM và du khách thập phương đến vui chơi, thưởng lãm.\n \n Khu du lịch Suối Tiên tọa lạc trên một vùng đất đồi hình chữ S, rộng đến 200.000m2, chính giữa có dòng suối uốn lượn qua suốt chiều dài 2.000m. Với mơ ước về sự thái bình, an khang thịnh vượng, khu du lịch văn hóa Suối Tiên đã hình thành nên 4 khu vực theo huyền tích về tứ linh Long - Lân - Quy - Phụng, ứng với ngũ hành Kim - Mộc - Thủy - Hỏa - Thổ. Bên trong là rất nhiều công trình được xây dựng công phu, bố trí hài hòa giữa không gian xanh mát. ','',1),(28,4,'Ngắm bến Ninh Kiều',' Ninh Kiều, nằm ngay hữu ngạn sông Hậu Giang, tại ngã ba giao nhau của Sông Hậu và Sông Cần Thơ. Đây cũng là nơi rất gần với trung tâm Thành Phố Cần Thơ. Và là một trong những điểm mà du khách hay tìm đến nhất mỗi khi du lịch Cần Thơ. \nTrên bến Ninh Kiều luôn tấp nập thuyền bè qua lại, ngược xuôi dòng nước. Trên những chiếc thuyền thô sơ, người ta chở rất nhiều nông sản, hải sản, các sản vật đặc trưng của vùng đồng bằng Sông Cửu Long đi các nơi khác. Ninh Kiều là nơi đáng tự hào của những người Cần Thơ, mỗi khi nhắc đến. Ngay bên cạnh Ninh Kiều chính là Cảng Cần Thơ, cảng này có khả năng tiếp nhận các tàu lớn với sức chứa khoảng 5.000 tấn. Mạn trên của Ninh Kiều chính là Chợ Cần Thơ, một trung tâm buôn bán lớn của khu vực miền Tây. Ở đây có rất nhiều loại hàng hóa của khắp nơi trong nước, hoặc các nước lân cận được bày bán.  \nĐến Ninh Kiều, các bạn sẽ được ngồi trên những nhà hàng nổi, được thưởng thức các món đặc sản và ngắm sông Hậu Giang chảy hiền hòa. Với sự thân thiện của người dân địa phương, nên Ninh Kiều trở thành một trong 8 điểm hút khách du Lịch Cần Thơ . ','',1),(29,4,'Chợ nổi cái răng ',' Cách 30 phút đi bằng CaNo từ bến Ninh Kiều, du khách sẽ lại được hòa mình vào sự nhộn nhịp củachợ nổi Cái Răng. Đến đây du khách sẽ được cảm nhận hết những nét văn hóa đặc trưng, độc đáo của vùng sông nước. Và chợ nổi như là một phần không thể thiếu trong nét văn hóa miệt vườn của người miền Tây Nam Bộ.\nMạng lưới sông ngòi dày đặc, các kênh rạch chẳng chịt nối tiếp nhau từ bao đời nay hình thành nên nét văn hóa mà trộn lẫn với bất kỳ nơi nào. Trên sông là nơi họp chợ, nơi buôn bán tất cả những mặt hàng gia dụng, nông sản, hải sản. Và mặt sông cũng chính là nơi giải trí, bằng những câu đờn ca tài tử. Đến đây du khách được cảm nhận cuộc sống lênh đênh nhưng đầy lạc quan của người dân bản địa. Được thưởng thức những món ăn dân giã độc đáo như: hủ tiếu, cháo cá Lóc, canh rau đắng, bánh tét…Với mức giá vô cùng bình dân. Bên cạnh,  du khách còn cảm nhận được sự thân thiện, mộc mạc dễ gần của những người dân nơi đây. Được ngắm những cô gái với màu da nâu và chiếc nón lá e ấp trong những buổi chiều.\nNếu bạn du lịch Cần Thơ vào những ngày tháng Tư hoặc tháng Chạp thì sẽ có cơ hội tham gia vào Lễ Thượng Điền và lễ Hạ Điền, đây là những lễ hội lớn nhất ở miền Tây. Với những nét văn hóa độc đáo  Chợ Nổi Cái Răng là một trong những điểm thăm quan thu hút nhiều khách du lịch, đặc biệt là khách quốc tế.\n','',1),(30,4,' Thăm quan Vườn cây trái Miệt Vườn',' Xuôi theo các dòng sông, du khách sẽ được tham quan những vườn cây trái hai bên. Từ Tp. Cần Thơ du khách theo quốc lộ 1A về hướng Sóc Trăng, qua cầu Ðầu Sáu, đến gần cầu Cái Răng rẽ phải khoảng 6km là đến vườn du lịch Mỹ Khánh. Đây là khu vườn  rộng 2,2ha với hơn 20 loại cây trái, hoa kiểng và nhiều loại động vật như chim các rùa, rắn, cua, tôm …\nĐến đây, du khách có thể đi dạo trong vườn, hít thở không khí trong lành mát mẻ, tự tay hái quả để thưởng thức mà không lo về vấn đề an toàn thực phẩm. Nếu quý khách muốn nghỉ đêm, thì ở đây cũng có những khu nhà nghỉ nhỏ xinh nằm thấp thoáng dưới những bóng cây xanh rợp mát, với giá cả bình dân.\nDu khách cũng có thể ghé qua khu du lịch Ba Láng ở cách Tp. Cần Thơ 9km (trên quốc lộ 1A theo hướng Sóc Trăng, qua cầu Cái Răng) rộng 4,2ha. Nơi đây có hồ ao sen nuôi động vật, 2 hồ tắm dành cho người lớn và trẻ em, có sân khấu ngoài trời, chuồng thú, khách sạn mini. Những miệt vườn ở đây cũng là điểm đến lý tưởng khi du lịch Cần Thơ  làm phong phú thêm tuyến du lịch miền sông nước Cửu Long.','',1),(31,4,' Thăm quan Vườn Cò Bằng Lăng',' Vườn Cò Bằng Lăng thuộc ấp Thới Bình, xã Thới Thuận, huyện Thốt Nốt, Thành Phố Cần Thơ.  Để vào được Vườn Cò, du khách phải đi bằng thuyền. Nếu bạn đi du lịch Cần Thơ vào mùa xuân thì sẽ được nhìn thấy hoa Bằng Lăng nở rộ, tím ngắt hai bên bờ sông. Từ xa, du khách có thể thấy thấp thoáng vườn cò rộng mênh mông. Vào đến đây, du khách sẽ được nhìn thấy một sân chim rộng lớn, với nhiều loại cò , đủ các chủng loại khác nhau.  Để chiêm ngưỡng hết cảnh đẹp ở đây, thì du khách có thể đến lúc sáng sớm để được nhìn thấy những đàn cò tỏa ra đi kiếm ăn, và lúc 17h để lại được nhìn thấy những đàn có nối đuôi nhau bay về.\nĐã có rất nhiều khách du lịch đến đây và có những cảm nhận sâu sắc về sự rộng lớn của vườn cò. Vì vậy mà người ta lại giới thiệu cho những người bạn, người thân về Vườn Cò đặc biệt này. Do vậy Vườn Cò Bằng Lăng cũng được coi là những điểm đến không thể bỏ lỡ khi du lịch Cần Thơ. \n','',1),(32,4,' Thăm nhà cổ Bình Thủy',' Đây là ngôi nhà cổ năm gian hai mái trên đường Bùi Hữu Nghĩa phường Bình Thuỷ, quận Bình Thủy, Tp. Cần Thơ. Nhà được xây dựng năm 1870 theo kiến trúc kiểu Pháp, thuộc gia đình họ Dương. Đến nay là được gần 150 năm nhưng kiến trúc vẫn còn khá nguyên vẹn.\nCăn nhà rộng 5 gian 2 chái, ngang 22m, sâu 16m, nằm trên lô đất có diện tích 6.000m2. Trước sân có hòn non bộ, hoa kiểng. Bên phải là vườn lan, góc bên trái có cây xương rồng Mexico Kim Lăng Trụ cao khoảng 8 mét có độ tuổi khoảng 40. Sau nhà là vườn cây ăn trái. Sân rộng lót gạch tàu, lối vào nhà xây bốn cầu thang hình cánh cung. Nhà rộng thênh thang với 6 hàng 24 chiếc cột gỗ lim đen bóng, đường kính khoảng 30 cm. Kết nối giữa hệ thống cột, xà là những chi tiết gỗ màu nâu chạm trổ hết sức tinh vi. Khi xây dựng, để chống mối mọt và giữ độ lạnh cho ngôi nhà, chủ nhân đã cho rải đều bên dưới nền gạch một lớp muối hột dày hơn 10 cm. Cùng với hệ thống cửa và cửa sổ thoáng đãng nên trời nắng chang chang mà trong nhà rất mát mẻ.\nĐây là một công trình kiến trúc có giá trị dù đã trải qua hai cuộc chiến tranh nhất là sự xâm hại của thời gian, phủ thờ họ Dương đã may mắn còn tồn tại tới ngày nay và được các thế hệ nối tiếp, chăm sóc và giữ gìn cẩn thận. Và cũng là điểm đến của du khách khi du lịch Cần Thơ.\n','',1),(33,4,'Bảo tàng Cần Thơ',' Bảo tàng Thành phố Cần Thơ gồm 2 tầng lầu. Ở tầng trệt được trưng bày khái quát về đặc điểm tự nhiên – xã hội Cần Thơ xưa và nay, giới thiệu vị trí địa lý, đất đai, khí hậu sông ngòi, động thực vật, cảnh quan, văn hóa óc eo, văn hóa 3 dân tộc Kinh – Khmer – Hoa, triển lảm ảnh chụp Cần Thơ xưa và nay.\nTầng 2 được trưng bày về lịch sử chống giặc ngoại xâm của nhân dân Cần Thơ – Hậu Giang trong kháng chiến chống Mỹ và Pháp cũng như những vũ khí, chiến tích chiến tranh Việt Nam.\nBảo tàng Thành Phố Cần Thơ là một trong những địa chỉ quan trọng trong việc giữ gìn, bảo tồn văn hóa Óc Eo với nhiều tư liệu, hiện vật quý được lưu trữ, trưng bày trong nhiều năm. Văn hóa Óc Eo là nền văn hóa cổ tồn tại từ thế kỷ thứ I đến thế kỷ VII sau công nguyên.\nCác nhà khảo cổ học Việt Nam phát hiện hàng trăm địa điểm thuộc nền văn hóa Óc Eo phân bố khắp khu vực Nam bộ. Trong đó có Di chỉ khảo cổ học văn hóa Óc Eo tại ấp Nhơn Thành, xã Nhơn Nghĩa, huyện Phong Điền, Cần Thơ.\nNhững trưng bày hiện vật của nền văn hóa Óc eo tại Cần Thơ đã được giới khảo cổ công nhận, quan tâm nhiệt tình, nhiều đề tài nghiên cứu đã thực hiện để nghiên cứu về không gian văn hóa Óc Eo xưa.\nBảo tàng Cần Thơ khánh thành và đưa vào hoạt động với các nội dung trưng bày chủ yếu:\n•	Giới thiệu khái quát về những đặc điểm tự nhiên và xã hội của Cần Thơ\n•	Cần Thơ – Đất nước – Con người: Giới thiệu vị trí địa lý, đất đai, khí hậu, động thực vật, cảnh quan, văn hoá Óc Eo, văn hoá 3 dân tộc: Việt – Hoa – Khmer.\n•	Lịch sử chống giặc ngoại xâm của nhân dân Cần Thơ: giới thiệu về cuộc kháng chiến chống Pháp, Mỹ.\n•	Thành tựu Kinh tế – Văn hoá – Xã hội của Cần Thơ từ năm 1975 đến nay.\n•	Trưng bày chuyên đề: thường xuyên thay đổi nội dung trưng bày, giới thiệu về lịch sử, văn hoá của Việt Nam và thế giới.\n•	Trong khu vực trưng bày về đời sống văn hóa, sinh hoạt cũng như tính ngưỡng của ba dân tộc (Kinh – Hoa – Khmer) sinh sống nhiều tại Cần Thơ, những hiện vật được trưng bài khá đa dạng.\n','',1),(34,5,'Vườn Quốc Gia Cúc Phương','Cách thủ đô Hà Nội 120 km về phía nam, nằm lọt sâu trong lòng dãy núi Tam Điệp, có một mảnh đất đã trở lên vô cùng quen thuộc, thân thương, gợi lên tính hiếu kỳ cho biết bao du khách trong và ngoài nước, đó là Vườn quốc gia Cúc Phương - Vườn quốc gia đầu tiên của Việt Nam.\nĐược thành lập ngày 07 tháng 07 năm 1962 theo Quyết định số 72-TTg của Thủ tướng Chính phủ, Vườn quốc gia Cúc Phương thuộc địa phận ba tỉnh Ninh Bình, Hoà Bình và Thanh Hoá với tổng diện tích là 22.408 ha. Với nhiều giá trị về cảnh quan thiên nhiên, sự đa dạng về hệ sinh thái, các giá trị văn hoá, lịch sử nên từ lâu Cúc Phương đã trở thành điểm du lịch sinh thái nổi tiếng và hấp dẫn.\nVới đặc trưng là rừng mưa nhiệt đới, xanh quanh năm, Cúc Phương có quần hệ động thực vật vô cùng phong phú và đa dạng, theo số liệu điều tra gần đây Cúc Phương có 2234 loài thực vật bậc cao và Rêu, trong đó có 433 loài cây làm thuốc, 229 loài cây ăn được, nhiều loài được ghi trong sách đỏ của Việt Nam.\nVề động vật, Cúc Phương có 122 loài bò sát và lưỡng cư, 66 loài cá, gần 2000 loài côn trùng, 135 loài thú (trong đó có loài voọc đen mông trắng là loài thú linh trưởng rất đẹp và quý hiếm được chọn làm biểu tượng của VQG Cúc Phương). Với 336 loài chim cư trú, đặc biệt có nhiều loài đặc hữu của Việt Nam và Đông Dương, vì vậy Cúc Phương từ lâu đã trở thành điểm lý tưởng đối với các nhà xem chim.\nThuộc địa hình Caxtơ nửa che phủ, Cúc Phương có nhiều hang động đẹp với những cái tên gợi cảm như: động Sơn cung, động Phò mã giáng…Đặc biệt có một số hang động còn lưu giữ những dấu tích của người tiền sử, sống cáchngày nay từ 7.500 năm đến 12.000 năm, đó là hang Đắng (động người xưa), hang con Moong. Năm 2000 Cúc Phương đã phát hiện một hoá thạch của loài động vật có xương sống, theo kết luận ban đầu của Viện cổ sinh học Việt Nam đây là hoá thạch của loài bò sát răng phiến, sống cách ngày nay chừng 200 đến 230 triệu năm.\nTừ xa xưa, Cúc Phương là nơi cư trú và sinh sống của cộng đồng người Mường với những nét văn hoá độc đáo và đặc trưng, đó là những nếp nhà sàn, ruộng bậc thang, những cối giã gạo nương, những khung dệt thổ cẩm, độc đáo hơn là những lễ hội, phong tục tập quán và nếp sống của cộng đồng mà du khách có thể cảm nhận được trong thời gian thăm bản.\n','',1),(35,5,'Quần thể thắng cảnh Tràng An',' Quần thể danh thắng Tràng An có diện tích 6.172ha thuộc địa bàn huyện Hoa Lư, Gia Viễn, Nho Quan, thị xã Tam Điệp và thành phố Ninh Bình, cách thủ đô Hà Nội khoảng 90km về phía đông nam. Bao quanh quần thể là vùng đệm có diện tích 6.268ha, chủ yếu là đồng ruộng và làng mạc. Là khu vực có sự hòa lẫn giữa thiên nhiên và văn hóa, quần thể danh thắng Tràng An bao gồm ba vùng được bảo vệ liền kề nhau là khu di tích lịch sử văn hóa cố đô Hoa Lư, khu danh thắng Tràng An-Tam Cốc-Bích Động và rừng nguyên sinh đặc dụng Hoa Lư.\nNằm trong khu vực khí hậu nhiệt đới gió mùa nóng ẩm, quần thể danh thắng Tràng An là vùng bán sơn địa có phương phát triển chung theo hướng tây bắc – đông nam. Phía bắc và tây bắc Tràng An là các dải đồi Bái Đính; phía tây nam và nam là dải đá vôi Đồng Tâm – Sơn Hà, Tam Cốc – Bích Động; phía đông nam và đông bắc là dải đá vôi Trường Yên; phía đông bắc và bắc là dải đá vôi Tràng An. Tràng An có mạng lưới sông suối khá phát triển với sông Hoàng Long ở phía bắc, sông Chanh ở phía đông, sông Hệ ở phía nam, sông Bến Đang ở phía tây cùng hệ thống sông Sào Khê, Ngô Đồng và Đền Vối nằm trong vùng lõi di sản. Trước đây, khu vực Tràng An đã bị biển xâm lấn, biến cải nhiều lần rồi nâng cao trở thành đất liền như hiện nay. Sự kiến tạo địa chất trong giai đoạn lâu dài đã tạo ra những cảnh quan ngoạn mục – một sự pha trộn giữa những ngọn núi dạng tháp có vách dốc đứng trong khu rừng nhiệt đới nguyên sinh, bao quanh những trũng, thung lớn, sâu, chứa nước trong và tĩnh lặng thông với vô số các hang động và sông suối ngầm, nhiều chỗ có thể đi lại bằng thuyền.\nCác giá trị nổi bật\nGiá trị văn hóa\nTràng An là địa điểm nổi bật ở khu vực Đông Nam Á và trên thế giới chứa đựng những bằng chứng khảo cổ phong phú và vẫn còn được bảo tồn gần như nguyên trạng, chủ yếu là vỏ ốc, vỏ sò, xương động vật, đồ gốm, công cụ bằng đá, nền bếp, gốm vặn thừng và di cốt người. Đây là kho tư liệu vô giá cho thấy sự thích ứng của người tiền sử với những biến đổi quan trọng về môi trường kéo dài hơn 30.000 năm, ít nhất từ thời kỳ Băng hà cuối cùng. Trong thời gian này, họ đã trải qua một số biến đổi địa lý và khí hậu khắc nghiệt nhất trong lịch sử trái đất. Bên cạnh đó, các di tích văn hóa lịch sử như đền, chùa, cung điện cũng góp phần bổ sung và củng cố nhiều tư liệu khảo cổ học.  \nGiá trị thẩm mỹ\nCảnh quan tháp karst Tràng An là một trong những khu vực đẹp và ngoạn mục nhất thuộc loại này trên thế giới, gồm chủ yếu một loạt các tháp karst dạng nón với vách dốc đứng cao 200m so với nền đất và mực nước xung quanh. Đan xen các đỉnh  núi hình tháp là hệ thống các thung lũng và hố sụt karst có độ nông sâu khác nhau. Trong các hố sụt là các đầm lầy bồi tích rộng, nối thông với nhau bởi các dòng suối ngầm xuyên qua núi tạo thành vô số hang luồn, trên trần hang lấp lánh những thạch nhũ muôn hình vạn trạng. Hòa vào vẻ đẹp của cảnh quan karst là thảm rừng nguyên sinh dày, bao phủ các vách đá, mang lại không khí mát mẻ, hoang sơ. Điểm xuyết giữa những ngọn núi hùng vĩ, hang động huyền bí, sông nước thanh tĩnh là những đền, chùa, miếu linh thiêng. Đặc biệt, cảnh quan của vùng đệm xung quanh Tràng An tạo nên một bức tranh cuộc sống nông thôn truyền thống sinh động, quyến rũ với những ngôi làng nhỏ nối với nhau bởi các con đường đất hoặc đường mòn cùng mạng lưới sông suối và kênh rạch.\n','',1),(36,5,'Chùa Bãi Đính',' Khu tâm linh núi chùa Bái Đính nằm trong Quần thể Danh thắng Tràng An, cách thành phố Ninh Bình khoảng 15 km, nằm ở phía Tây khu di tích lịch sử cố đô Hoa Lư, là ngôi chùa lớn nhất Việt Nam, được biết đến với nhiều kỷ lục như tượng Phật bằng đồng lớn nhất Đông Nam Á, chuông đồng lớn nhất Đông Nam Á, hành lang có nhiều tượng Phật nhất…là sự tiếp nối tâm linh từ ngàn năm trước chuyển tiếp đến ngàn năm sau. Với kiến trúc đồ sộ, nguy nga, lộng lẫy, những pho tượng có nét uy nghi, bao dung, nghệ thuật chạm khắc, đúc đồng tinh tế, tài tình cùng cảnh quan hùng vĩ, núi gối đầu sông, mây vờn đỉnh núi, không gian tâm linh thanh tịnh bao trùm khiến mỗi khi bước chân đến đây, người người thư thái, lòng sáng, tâm tịnh, hướng đến Chân -  Thiện – Mỹ. Đặt chân đến Bái Đính, ta có thể chiêm ngưỡng ngay trước mắt Tam Quan hoành tráng cao gần 17 mét. Đây chính là ranh giới giữa cõi thiêng và cõi tục. Chỉ cần bước chân qua Tam Quan, người ta có thể hòa mình vào không gian tâm linh thanh tịnh. Tiếp đó là chuông đồng nặng 36 tấn, được treo trên tháp cao với tiếng ngân vang vọng, lan tỏa khắp nơi, xua tan mọi nỗi thống khổ, cảnh tỉnh chúng sinh. Hành lang dài với 500 vị La Hán, là con đường đưa ta đến gần với cõi Phật. Các pho tượng Quan Thế Âm Bồ Tất, Phật Thích Ca Mầu Ni bằng đồng lớn nhất Việt Nam mang trên mình bao nét uy nguy, bác ái, đem niềm tin về những điều thiện gieo vào lòng người. Một công trình kiến trúc đồ sộ, tinh tế được đặt giữa chốn bồng lai tiên cảnh. Nhìn từ xa, khu chùa Bái Đính như đang tựa mình bên sườn đồi xanh thẳm. Cảnh sắc lung linh huyền ảo cùng không gian thiêng rộng lớn đã đưa Bái Đính trở thành một bức tranh tâm linh vừa tuyệt mĩ, vừa cổ kính.','',1),(37,5,'Nhà thờ đá Phát Diệm',' Thông tin chung về địa điểm\n- Vị trí: Nhà thờ Phát Diệm thuộc thị trấn Phát Diệm, huyện Kim Sơn, tỉnh Ninh Bình.\n- Đặc điểm: Là nhà thờ mang đậm kiến trúc phương Đông.\n     Cách Hà Nội khoảng 120 km về hướng Nam, Nhà thờ đá Phát Diệm ( hay Nhà thờ chính tòa Phát Diệm ) là một quần thể nhà thờ Công Giáo rộng khoảng 22ha, nằm tại thị trấn Phát Diệm, huyện Kim Sơn, tỉnh Ninh Bình.\n     Nhà thờ đá Phát Diệm được báo chí đánh giá là một trong những nhà thờ đẹp nhất Việt Nam và được ví như \"kinh đô công giáo\" của Việt Nam.\n      Nhà thờ đá Phát Diệm được xây dựng vào những năm 1875 - 1898. Phát Diệm có nghĩa là phát sinh ra cái đẹp, tên Phát Diệm do Nguyễn Công Trứ đặt.\n      Quần thể nhà thờ Phát Diệm thể hiện sự giao hòa tinh túy giữa đạo Phật và Công giáo, được thiết kế hình mái cong hệt như đình chùa nhà Phật cũng là nét kiến trúc độc đáo nhất Việt Nam. Tiếp đó là tượng thánh giá ngự trên đài sen, hệt như Phật hiện ngự trên đài sen. Có thể coi đây là lối kiến trúc độc đáo nhất thế giới.\n      Ðây là một quần thể kiến trúc phương Ðông gồm có (từ hướng nam đi vào): Ao hồ, Phương Ðình, Nhà thờ lớn với bốn nhà thờ cạnh ở hai bên, ba hang đá nhân tạo, nhà thờ đá.\n     Được xây dựng cách đây hơn một thế kỷ, toàn bộ công trình được xây nên từ những khối đá lớn, phía trong được chạm nhiều bức phù điêu độc đáo và sống động đến lạ thường.\nNhà thờ đá Phát Diệm được xây dựng vào những năm 1875 - 1898. Phát Diệm có nghĩa là phát sinh ra cái đẹp, tên Phát Diệm do Nguyễn Công Trứ đặt vào năm 1828, khi ông được triều đình nhà Nguyễn ở Huế phái ra Bắc với chức “Dinh Điền Sứ”.\nNhà thờ được xây dựng trong suốt thời gian 24 năm liên tục, với trình độ kỹ thuật và điều kiện giao thông của những năm cuối thế kỷ 19 thì chỉ việc vận chuyển hàng nghìn tấn đá, có những phiến nặng 20 tấn, hàng trăm cây gỗ lim về tới Phát Diệm để xây nhà thờ cũng là một kỳ công. Kim Sơn vốn là vùng đất mới khai khẩn, trước đây rất lầy lội, để xử lý độ lún của khu đất trước khi xây dựng người ta đã chuyển cả một quả núi nhỏ cách 40km về Phát Diệm, khách về thăm nhà thờ còn thấy núi Sọ, đấy chính là một phần của trái núi đã được dân rời về Phát Diệm.\n','',1),(38,5,'Hoa Lư',' \nHoa Lư được chọn là kinh đô đầu tiên của Nhà nước phong kiến tập quyền khi Đinh Bộ Lĩnh lên ngôi Hoàng Đế năm 968…. Ngày nay dấu tích của Cố Đô Hoa Lư thuộc xã Trường Yên, huyện Hoa Lư, tỉnh Ninh Bình, cách thủ đô Hà Nội gần 100 km về phía Nam. Tuy chỉ được chọn làm kinh đô của nước Đại Cồ Việt trong thời gian ngắn ngủi ( 42 năm ) nhưng tại nơi đây đã diễn ra rất nhiều sự kiện có liên quan đến vận mệnh của cả dân tộc như: gắn với sự nghiệp của ba triều đại liên tiếp là nhà Đinh, nhà Tiền Lê và nhà Lý với các dấu ấn lịch sử: thống nhất giang sơn, đánh Tống – dẹp Chiêm và phát tích quá trình định đô Hà Nội.\nTheo sử sách thì cố đô Hoa Lư và đôi câu đối đền Vua Đinh thì ta thấy rằng: Hoa Lư xưa là 1 cung điện nguy nga, tráng lệ không kém gì Thành Trường An “ Cồ Việt Quốc Đương Tống Khai Bảo – Hoa Lư Đô Thị Hán Trường An ”…. Nếu nhìn về mặt địa lý ta sẽ hiểu vì sao khi lên Ngôi Vua Đinh Tiên Hoàng lại lựa chọn Hoa Lư làm kinh đô bởi: Những núi đồi trùng điệp bao bọc xung quanh vòng đai kinh đô như tấm bình phong; sông Hoàng Long uốn khúc và cánh đồng Nho Quan, Gia Viễn mênh mông là hào sâu thiên nhiên rất thuận lợi về mặt quân sự.\nKinh đô Hoa Lư xưa rộng khoảng 300 ha, gồm Thành Ngoại, Thành Nội và Thành Nam, được bao quanh bởi hàng loạt núi đá vòng cung, cảnh quan hùng vĩ, khoảng trống giữa các sườn núi được xây kín bằng đất ken gạch, chân thành có gạch bó, đắp cao từ 8 – 10 mét. Thành Ngoại rộng khoảng 140 ha thuộc địa phận thôn Yên Thành, xã Trường Yên. Ðây là cung điện chính mà khu vực đền Ðinh, đền Lê là trung tâm và cũng chính là nơi vua Ðinh Tiên Hoàng cắm cờ dựng nước. Trước cung điện có núi Mã Yên tương truyền vua Ðinh đã lấy nơi này làm án.\nKinh thành Hoa Lư xua gồm 2 vòng thành nằm cạnh nhau và một vùng núi kề sát. 3 vòng tạo thành hình giống số 80 hướng về phía đông. Theo cách bố trí thời Đinh Lê các nhà nghiên cứu chia làm 3 vòng thành là thành Đông, thành Tây và thành Nam. Tuy nhiên do thành Nam chỉ là vùng căn cứ quân sự hiểm trở, phòng thủ mặt sau mà nó thường được dân gian gọi riêng là thành Tràng An, 2 vòng thành kia là nơi đặt cung điện nên còn được gọi là thành Hoa Lư…. Đến năm 1010 Vua Lý Thái Tổ dời đô về Thăng Long thì Hoa Lư chỉ còn là Cố Đô được coi là một căn cứ địa quân sự hết sức quan trọng của quân và dân Đại Việt dưới các triều đại: Lý – Trần – Lê – Mạc – Tây Sơn…..\nÐền vua Ðinh được xây theo kiểu “Nội công ngoại quốc” trên nền cung điện chính thuở xưa, uy nghi với ngọ môn quan, hồ sen, núi Giả, vườn hoa, nghi môn ngoại, nghi môn nội cùng ba toà bái đường, Thiêu hương và hậu cung. Tại bái đường có “Long Sàng” làm bằng đá nguyên khối với đôi nghê đá rất sống động. Tiếp đó là nhà thiêu hương thờ các vị khai quốc công thần. Trong cùng là hậu cung đặt tượng vua Ðinh Tiên Hoàng cùng các con trai ông. Các hình chạm khắc trên đá, trên gỗ với các đề tài rồng, mây, tiên nữ, hoa lá… trang trí tại đền đều khá tinh xảo.\nÐền vua Lê nằm cách đền vua Ðinh chừng 500 mét thờ vua Lê Ðại Hành. Ðền vua Lê có quy mô nhỏ hơn nhưng có có ba toà: Bái đường, Thiêu hương thờ Phạm Cự Lượng, người đã có công giúp Lê Hoàn lên ngôi; Chính cung – thờ vua Lê Ðại Hành (tức Lê Hoàn) ở giữa, bên phải là Lê Ngoạ Triều (con trai vua Lê), bên trái là Hoàng hậu Dương Vân Nga. Ðền vua Lê còn giữ nhiều dấu tích kiến trúc cổ với những mảng chạm trổ công phu, điêu luyện. Tại đây người ta đã tìm thấy di tích nền cung điện cũ cùng một số gốm sứ cổ. Những hiện vật quý này được lưu giữ tại phòng bảo tàng phía trái khu đền. Khu di tích Hoa Lư còn có một số ngôi chùa khá đẹp như: chùa Ngân Xuyên (gần chân núi Mã Yên), chùa Nhất Trụ (cách đền vua Lê khoảng 200 mét) thu hút được nhiều du khách đến dâng hương, vãn cảnh.\nVới khoảng cách 100km tính từ Hà Nội và sự thuận tiện của hệ thống giao thông thì bạn chỉ mất khoảng hơn hai tiếng đồng hồ đi Ôtô… Đến đây và được nghe những câu chuyện về các vị vua được kể một cách giản dị, thành kính và đầy tự hào của các thuyết minh viên tại đểm chắc chắn sẽ khiến chi bạn có cảm giác tự hào về lịch sử nước nhà. Bên cạnh đó bạn có thể kết hợp việc thăm Hoa Lưu với một số thắng cảnh nổi tiếng khác ở Ninh Bình như: KDL Bái Đính – Tràng An, Tam Cốc – Bích Động, Nhà Thờ Đá Phát Diệm hoặc Thung Nham, Vân Long…\n','',1),(39,6,'Chùa Linh Phước',' Linh Phước tự tọa lạc trên một khu đất nằm bên phải quốc lộ 20 - đường từ Đà Lạt đi Cầu Đất, thuộc địa bàn Trại Mát, phường 11. Chùa được khởi công xây dựng vào năm 1949 và hòan thành vào năm 1952 do Phật tử địa phương phát tâm đóng góp.\nNăm 1990 dưới sự thiết kế và chỉ huy thi công của Thầy Trụ trì đời thứ năm là Thượng Tọa Thích Tâm Vị và sự đóng góp của Phật tử địa phương cùng Phật tử các nơi, Chùa đã được xây dựng lại toàn bộ như ngày nay.\nCông trình đầu tiên gây được ấn tượng với khách hành hương là Long Hoa Viên, tạc hình con rồng uốn lượn dài tới 49 m quanh tượng đài Phật Di Lạc. Vây rồng được làm bằng 12.000 vỏ chai bia, bên cạnh thân rồng có hồ nước và hòn giả sơn, có tượng Phật Di Lạc ngự trên đỉnh. \n Đến với Chùa Linh Phước, ngoài việc dâng hương lễ Phật, du khách còn được thưởng ngoạn những kiến trúc được xây dựng công phu. Trước hết phải kể đến chánh điện và Tiền đàng bảo tháp, một công trình kiến trúc đồ sộ và độc đáo: chánh điện dài 33 m, rộng 22 m; Tiền đàn bảo tháp cao 27 m được chạm trổ hình rồng. Lầu 1 có gian thờ 108 tượng \"Thiên thủ thiên nhãn\". Trong nội điện, tượng Phật Thích Ca cao 4,9 m kể cả tòa sen, được làm bằng bê-tông cốt thép, bên ngoài thiếp vàng, phía là bức phù điêu cảnh Bồ Đề Thọ rất sống động. \n Dọc hai bên chính điện là hai hàng cột rồng khảm mảnh sành tương tự như phong cách khảm tại các lăng mộ vua nhà Nguyễn. Bên trên hai hàng cột ấy là những bức phù điêu khảm sành mô tả lịch sử Đức Phật Thích Ca từ giáng sinh đến nhập niết bàn. Hai bên vách chánh điện từ ngoài thẳng vào trong phần dưới khảm chai đà trông giống như đóng lam-ri bằng cây trúc. Phía trên điêu khắc những bức tranh về những điển tích kinh A-di-đà, Quán Vô Lượng Thọ và kinh Pháp Hoa. Phía sau Tổ đường thờ Tổ Bồ-đề-đạt-ma, bức phù điêu Thập bát La Hán và Thập mục Ngưu đồ, tất cả đều có vẻ đẹp hoành tráng làm du khách phải kinh ngạc. \n Trước Long Hoa Viên là tòa Linh tháp 7 tầng, cao 37 m (được xem là tháp chuông cao nhất Việt Nam hiện nay được Vietbooks xác lập số 528/KLVN/2008 vào ngày 05/05/2008) đây là nơi thờ các tôn tượng Phật quý và cũng là bảo tàng viện. Lầu 1 còn có Đại hồng chung (đúc vào cuối năm Kỷ Mão 1999), Chuông cao 4,3 m, đường kính 2,3 m và nặng tới 8,5 tấn. Việc đúc chuông có sự đóng góp vật lực, tài lực của Phật tử, du khách từ Bắc chí Nam, trong nước và ngoài nước.. Một nhóm nghệ nhân Huế đã có 3 đời đúc chông được mời đến đã dành ra hơn một năm để tạo khuôn, đúc và chạm khắc những hình ảnh trên chuông, bao gồm các ngôi chùa nổi tiếng của nước ta, tượng Phật nghìn mắt nghìn tay, các thắng cảnh… Toàn bộ ngôi Tháp trang trí rồng phượng hoa văn điển tích tứ thời, tứ quý, bát âm, bát bửu … từ mái đến vách trong ngoài lancan, cột cửa đều khảm sành rất công phu. Mua hàng trăm tấn miểng sành sứ từ Bát Tràng Hà Nội, Tp. Hồ Chí Minh, tỉnh Song Bé, Bình Dương về tôn tạo chùa và bảo tháp. \n Trước sân chùa còn có Bảo đài Quan Thế âm Bồ Tát tạo dáng rất hài hòa cân đối. sau đài Quan Âm là bãi đậu xe rộng rải cho khách hành hương về tham quan lễ bái. \n Bên phải chùa là khu vực nội viện. Ngôi nhà Tăng là nơi sinh hoạt của chư Tăng. Nhà tăng gồm 3 tầng, trên cùng là Tịnh Đường và ao sen bán nguyệt. Tầng giữa và tầng trệt là các phòng cho Tăng chúng. Chính giữa nhà là phòng khách lớn và thư viện của chùa. Trước sân nhà Tăng là tháp mộ của Hòa Thượng Thượng Quang hạ Lý và hoa viên tươi mát cùng bức phù điêu sơn thủy sống động. \n Chùa Linh Phước là một trong những danh thắng nổi tiếng của Thành phố Đà Lạt, là công trình kiến trúc khảm sành đặc sắc, đậm đà bản sắc Á Đông. Hằng năm thường xuyên đón tiếp du khách từ khắp nơi trong và ngoài nước đến lễ bái và tham quan công trình khảm sành độc đáo này. \n','',1),(41,6,'Thiền Viện Trúc Lâm',' Thiền viện Trúc Lâm Đà Lạt nằm trên núi Phụng Hoàng nhìn ra Hồ Tuyền Lâm xanh ngắt tuyệt đẹp. Đây là một trong những địa điểm du lịch Đà Lạt có số lượng khách tới tham quan nhiều nhất.\nThiền viện Trúc Lâm được xây dựng vào ngày 8/4/ 1993 và đến ngày 8/2/1994 thì hoàn thành và bắt đầu khóa thiền đầu tiên. Người thiết kế là ông Vũ Xuân Hùng và Trần Đức Lộc và kiến trúc sư rất nổi tiếng thời đó là Ngô Viết Thụ - người đã thiết kế ra Dinh Độc Lập ở thành phố Hồ Chí Minh.\nTrong thiền viện thì được chia ra làm 4 khu vực chính đó là :\n•	Khu tịnh thất hòa thượng\n•	Hòa thượng viện trưởng\n•	Khu vực ngoại viện\n•	Khu nội viện tăng và nội viện ni\nNếu du khách đang du ngoạn Hồ Tuyền Lâm có thể đi bộ lên một con dốc có 140 bậc bằng đá đi qua tất cả ba cổng tam quan để đi vào tham quan chánh điện.\nChánh điện của Thiền Viện Trúc Lâm có diện tích 192 m2 bên trong thờ đức Phật Bổn Sư Ca Thích Mâu Ni cao 2 m tay phải ngài cầm cành hoa sen đưa lên theo điển tích \"Liên Hoa Vi Tiếu\" của nhà Phật. Nhìn bức tượng phật này chắc chắn du khách sẽ liên tưởng tới bức tượng khổng lồ ở Thiền Viện Vạn Hạnh. \nở phía trên chánh điện có các bức phù điêu chạm khắc tinh sảo về 8 tướng thị hiện của Đức Phật. Bên trái của Đức Phật Thích Ca Mâu Ni còn có tượng Bồ Tát Phổ Hiền cưỡi voi trắng 6 ngà còn bên phải là tượng Bồ Tát Văn Thù cưỡi Sư tử.\nBên ngoài chánh điện là lầu trống và lầu chuông, bên trong lầu chuông là quả đại hồng chung nặng 1,1 tấn có khắc những bài kệ có ý nghĩa đạo lý rất cao.\nRời chánh điện đi ra khu vực vườn hoa có rất nhiều các loại hoa đẹp như cẩm tú cầu, xác pháo.... và một giàn hoa móng cọp tuyệt đẹp rất được du khách thích thú chụp hình làm kỷ niệm. Rời vườn hoa du khách đi xuống phía dưới là Hồ Tĩnh Tâm, nuôi rất nhiều loại rùa cảnh, nước luôn trong xanh quanh năm xung quanh có rất nhiều ghế đá và chòi để du khách nghỉ ngơi. ','',1),(42,6,'Thác Datanla',' Giữa những vách đá sừng sững cao hàng chục mét, các cánh rừng xanh thẳm vả hẻm vực sâu hun hút, thác Datanla hiện lên như một nàng tiên vừa hùng vĩ, dữ tợn như muốn cuốn trôi những người chinh phục. Ngắm thác trong tiết trời mát lành và giữa thiên nhiên bất tận cho bạn cảm giác thư thái, như rũ bỏ bớt những ưu tư muộn phiền.\nDatanla là một quần thể thác gồm 7 tầng khác nhau, có nơi nước chảy nhẹ nhàng, nơi róc rách như một dòng suối nhỏ hay chảy xiết cuồn cuộn kêu rít lên, xối xả ầm ầm từ vách đá cao xuống vực thẳm,… Tất cả đều mang lại cho bạn nhiều trải nghiệm thú vị ở mỗi tầng thác đi qua.\nNếu không muốn cuốc bộ vài trăm mét để đến thác tham quan, bạn có thể đi máng trượt để trải nghiệm cảm giác mạnh mà không phải tốn sức. Máng trượt có phần điều khiển chạy nhanh chậm, đưa bạn chạy uốn lượn qua những dải rừng xanh, vách núi hiểm trở. Một số cây cối mọc cao nhô ngọn ra quất vào người, kèm với tốc độ cao khiến ai nấy đều hoảng hốt,…\nĐể tham quan hết các tầng thác ở Datanla bằng việc đi bộ qua những cung bậc thang được xây bằng xi măng, phủ đầy rêu xanh trơn trượt, quả thật là một thách thức không nhỏ. Nó đòi hỏi bạn phải có sức khỏe, yêu thích khám phá mới lặn lội, vượt hàng trăm mét đầy cực nhọc để đến với dòng thác huyền thoại.\nHầu hết du khách đều bỏ qua những ghềnh thác này vì chúng nằm ẩn mình sâu trong vách núi và được bao phủ bởi những thảm thực vật xung quanh. Các ghềnh thác nhỏ này mang trong mình vẻ đẹp giấu kín của một nàng thiếu nữ còn say giấc nồng, chỉ dám thổ lộ với người dân bằng những dải nước chảy mềm mại, thướt tha.\nVực cao hàng trăm mét, hai bên là những vách đá cao ngút ngàn, dưới là vực sâu thăm thẳm với những thảm thực vật xanh tươi tốt phủ kín. Phía trên là dòng thác hung tàn như cơn thịnh nộ trút nước lớn xuống ầm ầm. Vì địa hình đặc biệt nên nhiều công ty du lịch thiết kế các tour khám phá trải nghiệm, đu dây leo trèo qua các vách đá để chinh phục dòng thác.\n','',1),(55,7,' Tả Phìn',' Cách thị trấn Sa Pa hơn 10 km về phía Đông Bắc là xã Tả Phìn với nhiều di tích hấp dẫn du khách bởi vẻ đẹp quyến rũ và ý nghĩa thiêng liêng của nó. Đó là tu viện dòng Luyện Tâm xây dựng dở dang từ năm 1942 - 1944, đến nay vẫn là một công trình kiến trúc đồ sộ giữa vùng núi cao. Đó là miếu thờ người có công khai khẩn lập nên Tả Phìn, nơi mùa xuân có các nghi thức tưởng nhớ, nghi lễ ăn thề cố kết cộng đồng. đó là hợp tác xã thổ cẩm với kỹ thuật dệt truyền thống điêu luyện của dân tộc Mông và Dao, bên cạnh việc sản xuất ra mặt hàng thổ cẩm đẹp và nổi tiếng bán trong và ngoài nước, dệt thổ cẩm còn tạo ra sự chú ý tìm hiểu của du khách.\nNếu bạn đến Tả Phìn mà quên vào thăm hang động Tả Phìn sẽ thật là thiếu sót. Động Tả Phìn huyền ảo đi sâu vào trong lòng núi, đường vào quanh co, gập ghềnh, bên trong động có rất nhiều nhũ đá hình thù kỳ thú như: hình tiên múa, tiên tắm, đoàn tiên ngồi, thiếu phụ bồng con, mâm xôi khổng lồ với những mảng nham thạch xù xì phớt trắng, tựa như những mảnh san hô bám viền xung quanh, những dãy cột nhà trắng mịn buông từ trên nóc xuống, đan thành đăng ten uốn lượn, nhấp nhô, long lanh màu ngọc bích. Những giọt nước từ đỉnh thấm dần rồi đọng lại nơi chóp nhữ đá, thánh thót nhỏ giọt như điểm từng nhịp trong không gian mờ ảo... Tất cả tạo nên một Tả Phìn, nơi được xác định là một trong những điểm du lịch của Sa Pa, đang được chú trọng đầu tư, hứa hẹn mang lại cho khách thăm quan nhiều điều mới lạ.\n','',1),(56,7,' Tả Van',' Tả Van là một xã của thung lũng Mường Hoa, nằm ở phía Nam, cách thị trấn Sa Pa khoảng 8 km, Tả Van có nghĩa là \"đường quành lớn\", tựa như đường vành thúng, đường chân kiềng. Cánh đồng bậc thang mênh mông với thế \"đường quành\" là một thắng cảnh và là một điều kỳ lạ của Tả Van. Khu rừng thông cổ thụ Séo Mí Tỉ cách trung tâm hơn nửa ngày đường leo dốc cũng là một điểm du lịch sinh thái kỳ thú và mát mẻ nữa của Tả Van. Tả Van trở thành điểm du lịch không thể thiếu trong những hành trình dã ngoại sinh thái của du khách khi đến với Sa Pa.\n','',1),(57,7,' Bãi đá cổ',' Nhắc đến Sa Pa kông thể không nhắc đến bãi đá cổ ở thung lũng Mường Hoa, nơi có những cuốn \"sách trời\" vĩ đại. diện tích của bãi đá cỗ khoảng 8 km2, gồm 200 hòn đá lớn nhỏ nằm rải rác dọc theo thung lũng Mường Hoa và gối mình lên 3 xã Lao Chải, Tả Van, Hầu Thào. Bãi đá cổ này được nhà Đông Phương học người Pháp gốc Nga là Victo Goloubev phát hiện vào năm 1925. Các nhà khoa học đã tìm thấy 159 tảng đá có hình khắc, đó cũng là những bia đá cổ nhất ở Việt Nam hiện nay.\nNhững dòng chữ lạ, hình ảnh bản đồ dư địa chí, sơ đồ chiến trận khắc trên đá đều là dấu ấn của người xưa chưa được giải mã. Nhưng theo các nhà khoa học, bãi đá cổ là một kho sách khổng lồ chứa đựng những kiến thức, quan niệm của người xưa về thiên nhiên, miêu tả đời sống sinh hoạt của cộng đồng. Còn truyền thuyết dân gian lại cho rằng đây là những giao ước, văn tự của một nền văn minh xưa.\nVới tầm quan trọng của những chứng tích về sự phát triển của con người, năm 1994, bãi đá cổ được công nhận là di tích lịch sử - văn hoá quốc gia, được đưa vào danh mục bảo vệ, giữ gìn. Bãi đá cổ hiện đang được Việt Nam đề nghị UNESCO xếp hạng di sản văn hoá thế giới.\n','',1),(58,7,' Núi Hàm Rồng',' Qua Mường Tiên, tới Sa Pa, ngước lên xa xa giữa làn mây trắng mờ ảo du khách sẻ thấy mỏm đá nhô cao tựa như đầu rồng. Đó chính là thắng cảnh núi Hàm Rồng co diện tích 100 ha. Tên núi Hàm Rồng xuất xứ từ sự tích: thủa hồng hoang, có đôi rồng đang mải mê quấn quýt bên nhau khi cơn đại hồng thuỷ đang ào ạt dâng sóng mà vẫn không hay. Đến khi choàng tỉnh, hốt hoảng rời nhau, rồi quẩy mình lên nhưng không kịp. Tức thì mỗi con rời ra một nơi, đến bây giờ rồng nàng tuy hoá đá nhưng bản năng sinh tồn vẫn còn mảnh liệt, vẫn cố ngước nhìn theo rồng chàng bên phía Hoàng Liên phía trời Tây.\nDu khách đến Sa Pa không thể không leo núi Hàm Rồng để tận hưởng bầu không khí mát mẻ và ngắm nhìn cảnh quan tươi đẹp ở nơi đây như: sân mây vườn đá, vườn cây, vườn cây thuốc, đặc biệt là vườn cây lan trăm nghìn vạn sắc và những ngôi nhà sàn độc đáo của đồng bào dân tộc. Một rừng đá hình thù giống những móng vút và lông vây của rồng hiện ra trước mắt, bước tới ta ngỡ như lạc vào chốn bồng lai tiên cảnh. Cứ lần theo vách đá là thấy đường lên cổng trời một và hai. Lên đến cổng trời đứng trên mỏm đá bạn tha hồ thả mắt ngắm cảnh thiên nhiên kỳ thú xung quanh, phóng tầm mắt ra xa bạn sẻ tận hưởng vẻ thơ mộng của thị xã Sa Pa ẩn hiện trên đồi mây.\nDu lịch núi Hàm Rồng sẻ giúp bạn thư giản đầu óc, quên đi buồn phiền, lấy lại sức khoẻ để tiếp tục những cuộc hành trình mới đầy thú vị.\n','',1),(59,7,' Thác bạc',' Thác bạc nằm cách thị trấn Sa Pa 13 km về phía tây. Thác Bạc được tạo bởi nhiều \"động mạch\" từ đỉnh Lồ Súi Tổng. quan sát từ xa, Thác Bạc giống như con rồng trắng đang nhìn từ trên trời xuống. Trong tư thế rơi tự do, thác bạc khổng lồ làm bốc và bay hơi nước bàng bạc lan toả trong không gian tạo cảm giác vừa dịu mát vừa lành lạnh.\n','',1),(60,7,' Chợ Sa Pa\n',' Chợ không chỉ là nơi thông thương hàng hóa mà còn là ngày hội của 18 đơn vị hành chính của huyện. Chợ họp tại thị trấn Sa Pa từ 6h sáng tới quá trưa thì vắng dần. Chợ thường rất đông và kết thúc muộn hơn vào ngày chủ nhật hoặc những ngày giáp Tết.\nSau một tuần lao động sản xuất, chủ nhật là ngày bà con các dân tộc Sa Pa xuống chợ mua bán hàng hoá. Để có thể bắt đấu buổi chợ đúng giờ, đồng bào ở xa thường đi từ ngày thứ 7. Và để rút ngắn khoảng cách đêm - ngày, họ cùng nhau thức, cùng nhau hát những bài dân ca của dân tộc mình. Họ dùng đàn môi, sáo, khèn và những bát rượu đầy để thể hiện tình cảm. Về hình thức, đêm thứ 7 tại chợ Sa Pa(sau này chúng ta quen gọi là \"chợ tình\") giống như đêm hát Trống quân vùng đồng bằng hay hát quan họ Bắc Ninh. Về nội dung \"chợ tình\" chỉ dừng lại là một buổi tối giao duyên truyền thống kéo dài tới 21h mà thôi. Tuy nhiên, nếu đôi trai gái ưng nhau thì sau đó họ sẻ hẹn ước và trở thành vợ chồng.\n','',1),(61,7,' Bản Cát Cát',' Bản Cát Cát hình thành từ thế kỷ 19, nằm cách trung tâm thị trấn Sa Pa 2km, các hộ gia đình ở đây chủ yếu là người Mông, cư trú dựa vào sườn núi, cách nhau chừng vài chục mét. Họ trồng lúa trên ruộng bậc thang, trồng ngô trên núi theo phương pháp canh tác thủ công. Hiện nay, những di sản làng Cát Cát còn lưu giữ được điển hình là kiểu kiến trúc nhà ba gian lợp ván gỗ pơ mu và nhiều nghề thủ công truyền thống thực sự hấp dẫn khách du lịch như nghề trồng bông và lanh, dệt vải, nghề chế tác đồ trang sức. Qua khung dệt, người Mông tạo nên những tấm thổ cẩm nhiều màu sắc hoa văn mô phỏng cây, lá, hoa, muông thú, gắn liền với công đoạn dệt vải bông, vải lanh khâu nhuộm màu và in thêu hoa văn, phổ biến là kỹ thuật nhuộm chàm, nhuộm nước tro thảo mộc và cây lá rừng. Vải nhuộm xong còn được đánh bóng bằng cách lăn vải với khúc gỗ tròn trên phiến đá phẳng có bôi sáp ong.\n','',1),(62,8,'Trung tâm thành phố Thái Nguyên','Thành phố Thái Nguyên được xác định là trung tâm du lịch của tỉnh, sản phẩm du lịch đặc trưng là:- Du lịch văn hoá, nghiên cứu nền văn hoá lịch sử các dân tộc Việt Nam;Toạ lạc giữa trung tâm thành phố Thái Nguyên, trên một vùng đất rộng 28.000m2. Tại đây thời Pháp thuộc năm xưa từng là khuôn viên của toà sứ, toà phó sứ tỉnh Thái Nguyên, phía sau là một khuôn viên rộng nhiều cây cối cổ thụ, tạo phong cảnh râm mát. Bảo tàng là một công trình kiến trúc lớn được trang trí bởi nhiều đường nét hoa văn dân gian dân tộc Việt Nam. Có thể nói nơi đây là một công trình kiến trúc đẹp nhất và là niềm tự hào của mỗi người dân Thái Nguyên, với hơn 3.000m2 sử dụng cho trưng bày, kho bảo quản và các hoạt động khác. Bảo tàng được xây dựng thành 5 khối kiến trúc là phòng trưng bày lớn. Trước đây bảo tàng chuyên giới thiệu về lịch sử đấu tranh Cách Mạng của nhân dân các dân tộc Việt Bắc, ngày nay bảo tàng lưu giữ và trưng bày hơn 10.000 hiện vật, tài liệu di sản văn hoá của 54 dân tộc Việt Nam bao gồm:Phòng Việt Mường: Gồm các dân tộc Việt, Mường, Thổ, Chứt- Phòng Tày Thái: Gồm các dân tộc Tày, Nùng, Thái, Lao, Lự, Sản Cháy...- Phòng Mông Dao và nhóm Nam á khác: Gồm Hmông, Dao, Pà Thẻn, La Chí, La Ha, Cờ Lao, Pu Péo.- Phòng Nôm, Khơ Me: Gồm các dân tộc Ba Na, Khơ ú, Sơ Đăng, Cờ Ho, Hrê, Cờ Tu, Mạ...- Phòng Hán Hoa: Gồm các dân tộc Hoa Ngái, Sán Dìu, Hà Nhi, Lô Lô, Gia Lai, Ê Đê...Hiện nay Bảo tàng văn hoá các dân tộc Việt Nam đã thu hút nhiều khách trong và ngoài nước đến thăm quan và tìm hiểu về bản sắc văn hoá dân tộc Việt Nam.',NULL,1),(63,8,'Đền thờ Đội Cấn.','Đền thờ đội cấn trên đồi lịch sử cách mạng Đội Cấn tại trung tâm thành phố Thái Nguyên, thuộc phố Phủ Liễn - Phường HVT - thành phố Thái Nguyên. Đội Cấn tên thật là Trịnh Văn Đạt (1881 - 1918). Ông sinh tại Vĩnh Tường tỉnh Vĩnh Yên. Tại đây vào đêm 30 rạng sáng ngày 31/8/1917 Trịnh Văn Cấn đã cùng Lương Ngọc Quyến lãnh đạo cuộc khởi nghĩa Thái Nguyên, nghĩa quân gồm những binh lính yêu nước, tù chính trị, công nhân và thị dân. Có thể nói lần đầu tiên trong lịch sử cận đại Việt Nam một cuộc khởi nghĩa chống thực dân Pháp đã chiếm được tỉnh lỵ, không những làm vang dội cả nước Việt Nam, mà còn làm rung động nước Pháp và ảnh hưởng tới các sứ thuộc địa của Pháp. Khởi nghĩa Thái Nguyên cùng tên tuổi Đội Cấn, Lương Ngọc Quyến đã thực sự là những nét vàng ghi trong trang sử hào hùng của đất Thái Nguyên, của lịch sử dân tộc. Và cũng tại đây nhân dân ta đã dựng ngôi đền thờ để tưởng nhớ về người anh hùng dân tộc Đội Cấn, một di tích lịch sử cấp quốc gia đã được nhà nước xếp hạng bảo tồn. Ngày nay, đài tưởng niệm ghi danh, tưởng nhớ các anh hùng liệt sĩ Thái Nguyên một công trình kiến trúc hiện đại trang nghiêm trong quần thể Đội Cấn lịch sử - Văn hoá tại Trung tâm thành phố Thái Nguyên đã trở thành một điểm tham quan hấp dẫn du khách ngay từ khi đặt chân đến Thái Nguyên.',NULL,1),(64,8,'Khu du lịch Hồ Núi Cốc','Được đánh giá là điểm du lịch có tầm cỡ Quốc gia thuộc tiểu vùng miền núi Đông Bắc, loại hình du lịch sinh thái với các sản phẩm du lịch đặc trưng:- Du lịch nghỉ dưỡng, giải trí- Du lịch nghiên cứu sinh thái rừng, hồ- Du lịch thể thao leo núi, thể thao mặt nước- Du lịch văn hoá - lịch sử.Hồ Núi Cốc thuộc xã Tân Thái, huyện Đại Từ, Thái Nguyên, cách trung tâm thành phố Thái Nguyên 15 km về hướng Tây Nam. Đến với khu du lịch Núi Cốc có hồ nằm giữa một khung cảnh thiên nhiên kỳ thú \"Sởn thuỷ hữu tình\" Nơi đây đã nổi tiếng bởi nét đẹp thiên tạo.  Núi Cốc tên gọi một vùng đất, vùng Hồ nên thơ (Hồ trên Núi) lung linh sắc mầu huyền thoại câu chuyện tình thuỷ chung truyền thuyết Chàng Cốc - Nàng Công. Hồ Núi Cốc một hồ nhân tạo chắn ngang dòng Sông Công nằm trên cao lưng chừng núi có diện tích mặt hồ rộng 25km2, trên lòng hồ có 89 hòn đảo, có đảo là rừng xanh, có đảo là nơi cư trú của những đàn Cò, có đảo là quê hương của loài Dê và đảo đền thờ bà chúa Thượng Ngàn... Con đập chính của Hồ dài gần 500m, Hồ có độ sâu 23m với dung tích 175 triệu m3 nước. Hồ Núi Cốc là một danh lam thắng cảnh đẹp, đến với Khu du lịch Hồ Núi Cốc du khách sẽ cảm thấy sự thoải mái và hài lòng với nhiều hoạt động dịch vụ vui chơi, giải trí, huyền thoại cung, công viên cổ tích, vườn thú và hệ thống khách sạn nhà hàng phong phú... Từ nhiều năm nay Hồ Núi Cốc đã trở thành địa chỉ tham quan hấp dẫn du khách trong nước và ngoài nước.',NULL,1),(65,8,' Di tích văn hoá lịch sử Núi Văn - Núi Võ','Núi Văn - Núi Võ nằm dưới chân núi Tam Đảo thuộc 2 xã Văn Yên, Ký Phú, huyện Đại Từ - Thái Nguyên, cách thành phố Thái Nguyên 30 km về phía Tây. Một di tích gắn với tên tuổi vị danh tướng, là quê hương Lưu Nhân Chú với những đóng góp kiệt xuất cho cuộc kháng chiến chống giặc Minh thế kỷ 15 và triều đại nhà Lê. Ông đã từng dự thề Lũng Nhai năm 1416 kết nghĩa anh em với Lê Lợi. Những năm 1425 - 1426 Lưu Nhân Chú chỉ huy nhiều cuộc khởi nghĩa chống giặc Minh, chiến tích năm 1427 tại ải Chi Lăng chém tướng giặc Liễu Thăng đánh tan 10 vạn quân viện binh. Ông cùng Hoàng Tử Từ Tế (con trai cả của vua Lê Lợi)  xây thành Đông Quan và cũng chính bản thân ông đã làm sứ giả đàm phán buộc Vương Thông rút quân về nước để nước Đại Việt được thái bình. Năm 1485 Lê Thánh Tông đã truy phong ông tước \"Thái phó vinh quốc công\"',NULL,1),(66,8,'Khu du lịch ATK Định Hoá Thái Nguyên.','Cách thành phố Thái Nguyên 50 km về phía Tây Bắc. Các sản phẩm Du lịch đặc trưng:\n\n- Du lịch văn hoá, lễ hội truyền thống các dân tộc\n\n- Du lịch lịch sử\n\n- Du lịch sinh thái              \n\n- Trung tâm ATK Tỉn Keo - Khuôn Tát, Phú Đình, Định Hoá\n\nTheo Quốc Lộ 3 (Thái Nguyên - Cao Bằng) cách trung tâm thành phố Thái Nguyên 50 km về phía Tây, Tây Bắc, một miền đồi núi hiểm trở có địa thế chiến lược về quân sự. Định Hoá được chọn làm an toàn khu (ATK) là trung tâm lãnh đạo cuộc kháng chiến 9 năm chống thực dân Pháp xâm lược. Chủ tịch Hồ Chí Minh, các đồng chí lãnh đạo của Đảng, Nhà nước, các cơ quan Trung ương Đảng và chính phủ đã từng làm việc ở đây từ năm 1947 - 1954. Có thể nói ATK là nơi đặt đại bản doanh Thủ Đô của cuộc kháng chiến chống thực dân Pháp năm xưa. Đã có đến gần 100 di tích lịch sử còn khắp núi rừng Định Hoá, đến nay 6 di tích đã được nhà nước xếp hạng bảo tồn cấp Quốc Gia đó là:\n\n- Di tích Tỉn Keo, xã Phú Đình: Nơi Bác Hồ đã ở và làm việc từ 1947 - 1948, cũng là nơi Hồ Chủ Tịch quyết định chiến dịch Đông Xuân năm 1953 - 1954.\n\n- Di tích đồi Cọ xóm Khuổi Tát, xã Phú Đình; Nơi Hồ Chủ Tịch ở và làm việc với các đồng chí Trường Chinh, Phạm Văn Đồng, Võ Nguyên Giáp...\n\n- Di tích lịch sử Phụng Hiểu, xã Điềm Mặc, huyện Định Hoá là nơi làm việc của đồng chí Trường Chinh.\n\n- Di tích xóm Bảo Biên, xã Bảo Linh nơi cơ quan Bộ Quốc Phòng và Đại tường Võ Nguyên Giáp đóng từ 1949 - 1954.\n\n- Di tích làng Quạng, xã Định Biên, tại đây ngày 15/5/1945 diễn ra lễ hợp nhất Việt Nam TTGPQ và đội Cứu Quốc quân thành lập đội Việt Nam Giải Phóng Quân.\n\nDi tích nhà tù chợ Chu do thực dân Pháp xây dựng để giam giữ các chiến sĩ Cách Mạng từ  năm 1916.\n\nNgoài ra Định Hoá còn hấp dẫn du khách với nhiều cảnh quan thiên nhiên kỳ thú như: Thắng cảnh chùa Hang, thác nước 7 tầng, Hồ Bảo Linh... là những điểm du lich sinh thái hấp dẫn.\n\nVới một địa danh truyền thống lịch sử và văn hoá nhiều di tích lịch sử cách mạng giàu ý nghĩa lại có nhiều danh lam thắng cảnh, ATK Định Hoá chắc hẳn sẽ hấp dẫn du khách với những chương trình tham quan du lịch: Văn hoá - Lịch sử - Sinh thái\n\n',NULL,1),(67,8,'Đền Đuổm','Di tích nằm ngay chân núi Đuổm, thuộc xã Động Đạt, huyện Phú Lương, Thái Nguyên, cạnh Quốc Lộ 3, cách thành phố Thái Nguyên 23 km về phía Tây Bắc. Đền được xây dựng từ thời nhà Lý để thờ Phò Mã Dương Tự Minh, Mẫu hậu và hai người vợ của ông là Diên Bình\n\nCông chúa và Thiều Dung Công chúa (Có tư liệu ghi rằng đền xây dựng năm 1180).\n\nDương Tự Minh là người Tày ông sinh ở vùng Quán Triều, Phủ Phú Lương. Là một người có tài, có đức và có trí thông minh nên đã được triều đình nhà Lý trọng dụng trở thành thủ lĩnh phủ Phú Lương. Ông có công lớn trong việc đánh giặc Tống sang xâm chiếm phía Bắc. Năm 1127 vua Lý Nhân Tông đã gả Công chúa Diên Bình cho ông, và đến năm 1144 đời Vua Lý Anh Tông ông lại được triều đình gả cho Công chúa Thiều Dung và được phong là Phò Mã Lang.\n\nĐền Đuổm được xây dựng trên một vùng có phong cảnh thiên nhiên hùng vĩ. Hàng năm nhân dân địa phương tổ chức lễ hội Đền Đuổm vào ngày 6 tháng giêng. Có thể nói đền đuổm vừa là di tích lịch sử vừa là thắng cảnh đẹp của Thái Nguyên thu hút nhiều khách thập phương đến tham quan, dự hội tháng giêng.\n\n',NULL,1),(68,8,'Du lịch sinh thái Hang động Đồng Hỷ - Võ Nhai','Một quần thể có nhiều phong cảnh thiên nhiên đẹp, nhiều di tích văn hoá lịch sử lớn được nhà nước xếp hạng bảo tồn. Với những sản phẩm du lịch đặc trưng là\n\n- Du lịch sinh thái Hang Động\n\n- Du lịch văn hoá                                         \n\n· Chùa Hang\n\nTừ Trung tâm thành phố Thái Nguyên, qua cầu Gia Bảy, du khách theo hướng QL 1 (Thái Nguyên - Lạng Sơn) đên di tích Chùa Hang thuộc thị trấn Chùa Hang, huyện Đồng Hỷ, Thái Nguyên, cách trung tâm thành phố Thái Nguyên 2km về phía Tây Bắc.\n\nChùa Hang nằm trong hệ thống núi đá vôi tự nhiên có phong cảnh thiên nhiên đẹp, có động ăn sâu vào trong lòng núi. Phong cảnh đẹp nơi đây được thể hiện bằng tấm bia đá khắc trực tiếp trên vách đá bằng chữ Hán - Nôm và gọi hang là \"Tiên Nữ Động\", Bia có niên hiệu Hồng Đức Đinh Tỵ năm thứ 27 (1487) thế kỷ XV, tấm bia này là hiện vật lịch sử ghi dấu một thời vua sáng tôi hiền.\n\n \n\n· Động Linh Sơn (Còn gọi là Hang Dơi)\nĐộng Linh Sơn thuộc xóm núi Hột, xã Linh Sơn, Đồng Hỷ Thái Nguyên cách trung tâm thành phố Thái Nguyên 6 km về phía Đông Bắc và cách thị trấn chùa Hang Đồng Hỷ, Thái Nguyên 3 km về phía Đông Nam. Động là một trong những thắng cảnh đẹp của Thái Nguyên, được Bộ Văn hoá Thông tin xếp hạng di tích thắng cảnh - lịch sử. Lòng hang rộng có thể chứa được cả ngàn người, khí hậu mát mẻ, thiên nhiên trong lành. \n\nNgày 25 tháng 10 năm 1995 nhân đân địa phương đã phát hiện ra tấm bia đá có diện tích 1,2 m x 0,8 m trên vách đá trước cửa hang, bia có ghi sự ban chiếu của ỷ Lan Linh Nhân Hoàng Thái Hậu, cho lập đình chùa danh lam thắng cảnh sau khi quân ta đánh thắng giặc Tống xâm lược. Do bia không được rõ nên chỉ ước định bia có niên đại vào khoảng cuối đời nhà Lê (năm ất mùi).\n\n· Di tích khảo cổ học Thần Sa\n\nTheo Quốc Lộ 1B di tích khảo cổ thuộc xã Thần Sa, huyện Võ Nhai cách thành phố Thái Nguyên 40 km về phía Bắc. Nơi đây những di chỉ khảo cổ đồ đá về con người sống cách chúng ta chừng 2 - 3 vạn năm được phát hiện ở hang Phiềng Tung (hang Miệng Hổ), Ngườm thuộc vùng Thần Sa chứng minh rằng tại đây đã tồn tại một nền văn hoá cổ gọi là văn hoá Thần Sa. Đây là nền văn hoá cổ nhất được biết đến cho tới nay ở Việt Nam và cả vùng lục địa Đông Nam Á.\n\nDi tích khảo cổ học Thần Sa đã được nhà nước xếp hạng bảo tồn Quốc Gia. Đến với Thần Sa du khách đến với vùng núi đá vôi hùng vĩ, non xanh, nước biếc, du khách có thể thoả ước để xem và suy ngẫm tương tư về cuộc sống người xưa, và nay, đến Thần Sa để được ngắm tận mắt những bản nhà sàn đẹp mà ít nơi có được.\n\n· Di tích Rừng Khuôn Mánh\n\nRừng Khuôn Mánh thuộc xã Tràng Xá - huyện Võ Nhai cách trung tâm thành phố Thái Nguyên 50 km về phía Đông Bắc. Tại đây ngày 15/9/1941 Đồng chí Hoàng Quốc Việt đã thay mặt thường vụ Trung ương Đảng chứng kiến lễ thành lập và trao nhiệm vụ cho đội Cứu Quốc Quân II, là một trong những đội quân tiền thân của Quân đội nhân dân Việt Nam ngày nay.\n\n· Hang Phượng Hoàng\nDi tích thuộc xã Phú Thượng, huyện Võ Nhai, Thái Nguyên, nằm sát trục quốc lộ 1B (Thái Nguyên - Lạng Sơn) cách thành phố Thái Nguyên 42 km về phía Đông Bắc. Là một quần thể thắng cảnh đẹp của tỉnh Thái Nguyên bởi phong cảnh thiên nhiên đẹp hùng vĩ, hang động đẹp, nhiều dáng vẻ kỳ thú, có suối nước, thác nước trong xanh, khí hậu ôn hoà mát mẻ.\n\nHang Phượng Hoàng nằm trên đỉnh núi, cửa hang có độ cao khoảng 100m từ chân núi leo lên miệng hang qua nhiều vách đá tai mèo, hang ăn sâu xuống lòng núi, trong hang có dòng suối mát, nhiều nhũ đá đẹp. Dưới chân núi là suối Mỏ Gà, nước ngầm từ trong lòng núi chảy ra quanh năm. Phía trước cửa hang Suối Mỏ Gà có thác nước nhỏ được tạo nên bởi nhiều mô đá, bậc đá. Hạng Phượng Hoàng, suối Mỏ Gà là một điểm du lịch xanh, leo núi, thám hiểm Du lịch sinh thái lý tưởng cho du khách. Năm 1994 đã được nhà nước xếp hạng di tích thắng cảnh cấp Quốc Gia./.\n\n',NULL,1),(69,9,'Nhà thờ gỗ Kon Tum','Đến với thành phố Kon Tum có một địa chỉ mà du khách không nên bỏ qua đó là nhà thờ Chánh Tòa bằng gỗ đẹp và độc đáo có tuổi đời gần trăm năm.\n\nTheo tư liệu lịch sử, vào những năm giữa thế kỉ 19, có một con đường dài 120 km tên gọi là con đường “Muối, gốm sứ và cồng chiêng” từ Quảng Ngãi lên KonTum. Con đường này hẻo lánh, hoang vu, gập ghềnh từ ngã ba Thạch Trụ, Quảng Ngãi qua Ba Tơ, đèo Violắc là con đường buôn muối, gốm sứ và cồng chiêng hoặc các vật dụng giao thương giữa người Kinh và người dân tộc trong khu vực. Khi đó những người truyền giáo Pháp cũng đã theo con đường này để bắt đầu công cuộc truyền giáo của mình và bắt đầu xây dựng các nhà thờ bằng gỗ hoặc tre, tranh nhỏ để truyền đạo. Ngôi nhà thờ đầu tiên được xây dựng vào năm 1870. Cho đến khi bắt đầu đông giáo dân, linh mục Giuse Decrouille được giao cai quản xứ đạo Kon Tum. Vào năm 1913 ông quyết định xây dựng ngôi nhà thờ lớn với vật liệu là gỗ cà chít. Công việc xây dựng ngôi nhà thờ kéo dài đến năm 1918 mới hoàn tất. Dù đã trải qua bao biến thiên lịch sử, cho đến nay ngôi nhà thờ vẫn không hề bị hư hỏng mà vẫn vững chắc.\n\nNhà thờ gỗ Kon Tum là một kiệt tác bởi được thiết kế theo kiến trúc Romantic, phối hợp hài hoà kiểu nhà sàn của người Ba Na nên đậm sắc thái văn hóa, tín ngưỡng người dân cao nguyên từ những đường nét họa tiết đến những điểm nhấn trên chất liệu. Nhà thờ là một công trình khép kín gồm: giáo đường, nhà tiếp khách, nhà trưng bày các sản phẩm dân tộc và tôn giáo, nhà rông. Ngoài ra còn có cô nhi viện, cơ sở may, dệt thổ cẩm, cơ sở mộc.\n\nCông trình này được xây dựng bằng gỗ do những người thợ mộc lành nghề đến từ Bình Định và Quãng Ngãi. Trần và tường nhà thờ được xây bằng đất trộn rơm theo kiểu làm nhà truyền thống của người miền Trung. Trên tường rơm là những bức tranh kính màu về Chúa, Đức Mẹ rực rỡ khi ánh nắng vùng cao xuyên qua…\n\nKhu hoa viên của nhà thờ có bức tượng Đức Mẹ hai tay nâng bế Chúa Hài Đồng được làm từ một thân gỗ nguyên sơ, tạc theo phong cách mộc mạc của các dân tộc Tây Nguyên. Chiếc thánh giá và các tượng trang trí bên ngoài lẫn bên trong nhà thờ như các con chiên, các tượng thánh bằng gốc rễ cây rừng làm không gian mang đậm màu sắc đại ngàn.\n\nCó thể đến thăm nhà thờ gỗ Kon Tum vào bất cứ thời điểm nào. Nếu vào mùa hoa đậu nở, trên đường tới nhà thờ bạn sẽ gặp sắc hồng, sắc trắng của những con đường hoa làm lộng lẫy thêm nhan sắc KonTum. Nếu bạn đến vào dịp lễ Giáng Sinh, bạn sẽ gặp tại đây cả nghìn giáo dân đủ tộc người tìm đến nhà thờ, họ ở lại ngay bãi đất trống bên phải có khi cả tuần để tham dự lễ. Đó là những ngày nhà thờ náo nhiệt, đầy sức sống với cảnh mua bán tấp nập. Và trong phiên chợ này có rất nhiều sản phẩm thủ công từ các buôn làng đem theo bày bán. Còn nếu đến nhà thờ vào một ngày bình thường nào đó, sẽ gặp sự thầm lặng của một giáo đường. Hàng ghế hai bên hông nhà thờ vào lúc làm lễ là chỗ để giáo dân cầu nguyện, lúc này thành chỗ cho các em học sinh dùng để ôn bài học tập.\n\nKhông xa nhà thờ Chánh Tòa là chủng viện Kon Tum do vị giám mục đầu tiên của giáo phận Kon Tum xây dựng từ năm 1935 đến năm 1938, cũng có kiến trúc tương tự như nhà thờ nhưng quy mô lớn hơn. Bước qua cổng, du khách cảm thấy thư thái với hai hàng cây sứ lâu năm tỏa bóng mát, thoảng hương thơm dìu dịu trên đường vào trong chủng viện. Trên tầng hai của chủng viện có một phòng truyền thống trưng bày chi tiết về lịch sử truyền giáo tại Kon Tum từ giữa thế kỷ 19, gồm nhiều hiện vật, các bút tích... của những vị linh mục trên đường truyền đạo, các hình ảnh, tài liệu liên quan đến lịch sử hình thành và phát triển của giáo phận Kon Tum. Các hiện vật, bản đồ trưng bày trong chủng viện đều rất giá trị, được chạm khắc bằng gỗ tỉ mỉ. Có thể coi đây là một bảo tàng nhỏ về vật dụng sinh hoạt, nông cụ, vật thể văn hóa các dân tộc thiểu số đang sinh sống trên địa bàn tỉnh này.\n\n',NULL,1),(70,9,'BẢO TÀNG KON TUM','Hơn 20 năm trôi qua, kể từ ngày chia tách tỉnh, với rất nhiều thiếu thốn về đội ngũ, cơ sở vật chất ban đầu, đến nay Bảo tàng tỉnh Kon Tum đã vươn lên trở thành một thiết chế văn hóa, phục vụ nhiệm vụ chính trị của địa phương, giữ gìn bảo quản, phát huy tác dụng giá trị di sản văn hóa - lịch sử trên địa bàn tỉnh nhà. Từ hơn 200 hiện vật được chia ra từ Bảo tàng Gia Lai – Kon Tum, đến nay Bảo tàng tỉnh đã sưu tầm, giữ gìn, bảo quản trên 20.000 hiện vật. Trong đó có gần 15.000 hiện vật khảo cổ học; 3.974 hiện vật dân tộc học; 1.400 hiện vật cách mạng kháng chiến và xây dựng chủ nghĩa xã hội; 5.757 trang tư liệu; 2.589 ảnh tư liệu, thời sự ( Số liệu cập nhật đến tháng 3/2015).',NULL,1),(71,9,'Đức Mẹ Măng Đen','Tượng Đức Mẹ được một công nhân máy ủi tìm thấy dưới tầng đất sâu trong rừng rậm, khi anh thi công cố gắng ủi đất rừng phá núi để làm đường giao thông. Tượng đã bị mất đầu, gãy tay. Anh và gia đình vốn là lương dân, lúc đầu mang tượng đến nhà chùa, nhưng nhận thấy ko phải tượng ảnh của nhà chùa, vì có trái tim trước ngực, nên đem tượng về lại nhà và cố gắng đắp lại cái đầu mới theo khả năng hiểu biết của riêng anh. Anh dùng vật liệu tạo lại đôi tay cho tượng Đức Mẹ, nhưng ko thành công. Anh và bạn bè đã đem đặt tượng Đức Mẹ trên bệ cao sát lề đường gần bên vị trí Tượng được phát hiện. Do vậy,Tượng Đức Mẹ Măng Đen có khuôn mặt rất khác lạ so với tất cả các khuôn mặt tượng Đức Mẹ khác ta thường nhìn thấy với đôi bàn tay cụt.\nDuc Me Mang Den\nTòa Giám Mục Kon Tum đã chính thức chọn địa điểm đặt tượng Đức Mẹ này làm địa điểm hành hương kính viếng Đức Mẹ của Giáo Phận Kon Tum, và định ngày 9-12 hàng năm, ngay sau ngày Lễ Mừng Đức Mẹ Vô Nhiễm Nguyên Tội 8-12, làm ngày hành hương chính thức cho toàn giáo phận Kon Tum.\n\nĐịa điểm này nằm phía ngoài thị xã Măng Đen. cách trung tâm Thành phố Kon Tum trên 50 km về phía Đông, trên trục lộ Kon Tum đi Mộ Đức, Quảng Ngãi.\n\nDu khách có nhu cầu đến hành hương kính viếng Đức Mẹ Măng Đen cần nên biết Măng Đen thuộc vùng rừng núi cao quanh năm khí hậu mát lạnh, nhiều sương mù và mưa nhiều trong mùa mưa, cần chuẩn bị đồ ấm, áo mưa, dụng cụ che mưa, nước uống và nước cắm hoa. Có nhà nghỉ tạm như trong hình giữa, nhưng đó là nhà nghỉ do Cty du lịch sinh thái Măng Đen (Nhà Nước) xây dựng để đón khách.\n\nHàng ngày có nhiều đoàn hành hương từ trong Tỉnh, trong nước và nước ngoài đến kính viếng Mẹ Măng Đen, mặc dầu nơi đây là vùng núi cao, nhiều đèo dốc cao ngoằn nghoèo hiểm trở, với những cánh rừng thông sương mù mát lạnh, gần giống Đà Lạt, nhưng còn thiếu nhiều tiện nghi dành cho khách du lịch. Nếu chỉ đến ngắm Đức Mẹ với đôi mắt trần tục, thì Mẹ chẳng đẹp đẽ gì, vì khác hẳn với các tượng Đức Mẹ thường thấy, nhưng khi đến ngắm Mẹ bằng đôi mắt đức tin, thì có thể cảm nghiệm thêm nhiều điều cao quý, lạ lùng, xinh đẹp hơn gấp nhiều lần qua các ơn lạ Mẹ Maria khấng ban cho mọi tâm hồn thành tâm đến kính viếng Mẹ tại nơi khu rừng cao thâm u vắng lạnh này.\n\nNgày 03 tháng 01 năm 2008 tôi được may mắn hành hương với nhóm Anh em hèn mọn Vườn Mít-Pleiku đến cầu nguyện trước tượng đài Đức Mẹ Măng Đen, cách thị xã Kontum 52km về hướng đông bắc, và cách thành Phố Pleiku 100km. Địa điểm Măng Đen nằm trong huyện Kon Plông của tình Kontum, nên người ta cũng gọi là Đức Mẹ Kon Plông. Trước đây, tôi đã được diễm phúc hành hương tới một số trung tâm Thánh Mẫu như La Salette, Lộ Đức, La Vang…, nhưng chính tại Măng Đen này tôi trải nghiệm những cảm xúc mãnh liệt nhất khi cầu nguyện với Đức Mẹ. Không hiểu vì sao?...\nMe Mang Den\nTôi đã quen với hình ảnh Đức Mẹ đẹp và trang trọng trong nghệ thuật hội họa và tạo hình của Giáo Hội cả phương Tây lẫn phương Đông, với những bức tượng thánh và những tác phẩm điêu khắc tuyệt vời, xứng với những đặc ân vĩ đại Thiên Chúa ban cho Mẹ và những tước hiệu cao quý Giáo Hội gắn cho Mẹ. Tại Măng Đen, lần đầu tiên, tôi nhìn thấy một pho tượng Đức Mẹ với gương mặt không đẹp, và vẻ xấu xí thể hiện nổi bật nhất nơi hai bàn tay cụt. Khi nhẩm đọc những kinh Kính Mừng, không hiểu vì sao tôi liên tưởng một cách tự nhiên tới những người khuyết tật, những bệnh nhân phung cùi, bệnh nhân Aids-Siđa, và cả anh em dân tộc thiểu số nữa. Tôi cảm thấy sốt sắng đến rưng rưng nước mắt khi cầu nguỵện cho họ. Và tôi cũng gửi gắm cho Đức Mẹ Măng Đen một vài ước nguyện thiết tha của nhóm Anh em hèn mọn Vườn Mít chúng tôi đang gặp khó khăn trong việc truyền giáo cho anh em dân tộc. Tôi chú mục cách riêng vào hai bàn tay cụt của Đức Mẹ, và thế là tự thâm tâm nảy ra đề tài suy niệm: “Quyền năng của hai bàn tay cụt nơi Đức Mẹ Măng Đen”.\n',NULL,1),(72,9,'Cột Mốc Biên Giới','Từ Kon Tum lên Cửa khẩu quốc tế Bờ Y gần 80km, đường đi hẹp và cỏ mọc rất cao ảnh hưởng đến tầm nhìn khi lái xe. Đi qua cửa khẩu Bờ Y sang đất Lào là cửa khẩu Phu Cưa. Từ cửa khẩu Phu Cưa đi về Thị xã Attapư, tỉnh Attapư của Lào khoảng 110km theo QL 18B được đầu tư xây dựng bằng nguồn vốn ODA của Việt Nam và nếu đi tiếp thì khoảng 200km nữa là đến tỉnh Păk Xế, tại đây có cửa khẩu giữa Lào và Thái Lan giáp với tỉnh Udon Thani của Thái Lan. Muốn đi Viêng Chăn thì cứ QL 18B là sẽ đến Viêng Chăn.',NULL,1);
/*!40000 ALTER TABLE `landscape` ENABLE KEYS */;
UNLOCK TABLES;

--
-- Table structure for table `posts`
--

DROP TABLE IF EXISTS `posts`;
/*!40101 SET @saved_cs_client     = @@character_set_client */;
/*!40101 SET character_set_client = utf8 */;
CREATE TABLE `posts` (
  `idPosts` int(11) NOT NULL AUTO_INCREMENT,
  `idUser` int(11) NOT NULL,
  `idDestination` int(11) NOT NULL,
  `title` varchar(100) COLLATE utf8_unicode_ci NOT NULL,
  `context` text COLLATE utf8_unicode_ci NOT NULL,
  `state` int(1) NOT NULL,
  `datePost` datetime NOT NULL,
  PRIMARY KEY (`idPosts`),
  KEY `fk_BaiViet_1_idx` (`idUser`),
  KEY `fk_BaiViet_2_idx` (`idDestination`),
  CONSTRAINT `fk_BaiViet_1` FOREIGN KEY (`idUser`) REFERENCES `user` (`idUser`) ON DELETE CASCADE ON UPDATE CASCADE,
  CONSTRAINT `fk_BaiViet_2` FOREIGN KEY (`idDestination`) REFERENCES `destination` (`idDestination`) ON DELETE CASCADE ON UPDATE CASCADE
) ENGINE=InnoDB AUTO_INCREMENT=15 DEFAULT CHARSET=utf8 COLLATE=utf8_unicode_ci;
/*!40101 SET character_set_client = @saved_cs_client */;

--
-- Dumping data for table `posts`
--

LOCK TABLES `posts` WRITE;
/*!40000 ALTER TABLE `posts` DISABLE KEYS */;
INSERT INTO `posts` VALUES (1,1,1,'Hà Nội Một Biển Trời Yêu Thương',' Hà Nội đẹp và bình dị, đáng yêu và mơ màng, giống như một thứ tình yêu không dễ để gọi tên, chỉ biết ngắm nhìn, trân trọng và nâng niu.Có những sớm Hà Nội còn mơ màng chìm trong giấc ngủ, người đi ngoài đường đánh thức nhau với những thanh âm vui tai lạ mắt. Có những buổi trưa nắng vàng óng ả, len mình khe khẽ qua ô cửa sổ những mái nhà nằm san sát bên nhau. Rồi những buổi chiều tà, ánh hoàng hôn nhuộm đỏ ven hồ Tây, trai gái vẫn thường tâm tình bên nhau nhiều hơn một chút. ',1,'2015-10-21 00:00:00'),(2,1,2,'Huế Một Kỳ Nghỉ Hạnh Phúc','Sáng nay, tiết trời thật êm dịu, trải rộng tầm mắt một khoảng không gian bao la, lên boong tàu hứng gió, quang cảnh thôn quê của tả hữu ngạn Hương giang sao mà đơn sơ, mộc mạc, thân thương đến nao lòng. Thuyền lướt qua cánh đồng lúa vừa gặt xong còn trơ gốc rạ, bóng những chú trâu đen trùi trũi nhẩn nha nhai cỏ trên đồng. Trên cao, những cụm mây trắng như bông trên màn trời xanh thẳm. Chấp chới, bóng đàn cò trắng bay về đồng mò tép rồi đứng yên nhìn trời. Bên bến sông, những hình ảnh sinh hoạt như câu cá, giặt giũ, gánh rau đi trên con đường xanh mát của bóng tre, thấp thoáng mái đình cổ, tháp chuông nhà thờ và cả khu mồ mả với những kiến trúc đậm chất Huế như bông sen, mái đình… đều làm những lữ khách đường xa chụp hình không chán. Nhẩn nha, thuyền ghé bến chùa Thiên Mụ, điện Hòn Chén, chúng tôi lên bờ vãn cảnh các di tích, cùng thắp hương kính viếng các vong linh vua chúa đang yên nghỉ trên mảnh đất thần kinh. Trong không gian hanh hao, thi thoảng một lời cầu nguyện thì thào hòa trong mùi trầm thoảng bay. Tất cả tạo nên một vẻ tôn nghiêm trầm mặc, đầy u uẩn.. Chỉ tay cho tôi xem núi Ngự Bình xanh mát từ xa xa, Ân - người đón đoàn chúng tôi chia sẻ với giọng hơi tiếc nuối: “Do vài ngày trước mưa to, dòng Hương giang hứng lũ trên núi đổ về nên nước không còn trong nữa. Nhưng nhờ vậy, cây cối có dáng vẻ được rửa sạch, mát mẻ và xanh tươi hơn”. Trên bờ, con phố Lê Lợi nổi tiếng với hàng cổ thụ xanh cùng các điểm nghỉ dưỡng duyên dáng khoe hình ảnh mình cùng không gian cổ kính. Hình như, mọi vật ở đấy đều trầm lặng, im lìm đưa đón những vòng xe và bước chân người đời lạc đến chốn đây. Cận kề đó, nhấp nhô mái ngói của khu nhà rường tọa lạc sát bờ sông, bên cầu Trường Tiền - Phú Xuân. Thấp thoáng trên đường, bóng các du khách thả bộ dạo chơi trong công viên, chụp hình lưu niệm tại khu công viên tượng hoặc khoác vai nhau ngắm kinh thành Huế mơ màng bên dòng sông huyền thoại.',1,'2015-09-30 00:00:00'),(3,1,3,'Sài Gòn sống lại và Sài Gòn Hối Hả','Thời gian vội vã trôi, con người tấp nập với trăm công ngàn việc. Đó là thế kỷ công nghiệp hóa, hiện đại hóa. Đã bao giờ bạn thử sống chậm lại, suy nghĩ khác một chút và cảm nhận thế giới xung quanh, đặc biệt là nơi Sài Gòn nhộn nhịp.',1,'2016-04-19 00:00:00'),(4,1,4,'Cần Thơ Mãi không quên','Ngày còn nhỏ tôi được ghé xuống ở chơi tại Cần Thơ khi nghỉ hè, từ đó tôi có những tình cảm nồng nàn với tỉnh Cần Thơ. Cần Thơ có vô vàn điều để nói, để nhớ lắm, như người Cần Thơ, vườn trái cây, sông nước, ẩm thực, địa lý thuận lợi như trung tâm của những tuyến giao thông di chuyển khắp miền Tây, tôi nghe người ta còn gọi Cần Thơ là Tây Đô. Ngẫm nghĩ lại không sai đâu cho cái tên để gọi này. Trong bài này tôi mời chị Mindy Hà tiếp tay cho ý kiến về Tây Đô. Người khác tôi hỏi chuyện về Cần Thơ là người bác ruột của tôi. Vì đầu thập niên 60, ông nhiệm chức tại tỉnh Cần thơ. Sau đây, tôi xin được ghi nhận những điều về vùng đất Tây Đô hay Cần Thơ trong sự mến yêu của tôi.',1,'2016-02-15 00:00:00'),(5,1,5,'Bãi Đính Đẹp Mãi Trong Lòng','Tôi đến chùa Bái Đính không phải vì hiếu kỳ, cũng không phải nơi đây nổi tiếng với những kỷ lục Đền Chùa Việt Nam, tôi đến nơi đây chỉ để tìm kiếm sự thanh tịnh trong tâm hồn. Trong trí tưởng tưởng của tôi chùa Bái Đính là một ngôi chùa cổ, với mái vòm uốn cong – nối kiến trúc truyền thống của chùa Việt Nam, và những pho tượng … Nhưng khi đến thăm chùa, tôi thực sự bị choáng ngợp trước không gian rộng lớn của quần thể chùa nơi đây, nơi được coi là khu tâm linh lớn nhất Việt Nam. Tôi đến thăm chùa Bái Đính vào một ngày bình thường, không phải vào mùa lễ hội nhưng cũng không ít khách du lịch tới đây tham quan.  Cũng giống như các ngôi chùa nổi tiếng khác ở Việt Nam, chùa Bái Đính nằm trên đỉnh của một vùng rừng núi khá yên tĩnh, không khí dễ chịu và thanh tịnh.',1,'2016-06-23 00:00:00'),(6,1,6,'Đà Lạt Tình Yêu','Nói về các địa danh tôi đã đi qua trên cả nuớc thì Đà Lạt là một nơi đã để lại trong tôi nhiều ấn tuợng nhất. Từ con người cho đến khung cảnh và đặc biệt nhất vẫn là khí hậu nơi đây.Không đâu như ở Đà lạt, thiên nhiên đã ưu đãi quá nhiều kể cả khí hậu lẫn cảnh quan. Những ai đã từng đến nơi đây một lần sẽ cảm nhận được không khí mát lành như thế nào, sáng sớm thức dậy bước ra ngoài bạn có cảm tưởng như mình vừa rời khỏi chăn êm nệm ấm thì ai đó đã quẳng mình rơi vào trong một chiếc tủ lạnh khổng lồ, cái tủ lạnh đó không tối tăm như những điều bình thuờng mà nó mang một cảm giác vừa lạ vừa sảng khoái. Hít một bầu không khí no căng lồng ngực bạn sẽ thấy ngày hôm nay sao đẹp một cách lạ lùng. Cái hơi lạnh buổi sáng mang đến cho bạn một sự tinh khiết, tinh khiết đến thanh cao và bình dị. Nếu đã lạnh không thì chưa đủ vì cái lạnh đến ở một nơi hoang sơ và hẻo lánh, một nơi không có sự sống của con người và thực vật thì cái lạnh đó chỉ gợi lên một hình ảnh đạm trong một không khí buồn tẻ cô liêu.   Với Đà Lạt nếu những buổỉ sáng sớm hoặc những khi chiều về mà thiếu vắng những ngọn gió se lạnh thì cảm giác trong ta sẽ hụt hẫng không tả đuợc, cái lạnh mát rượi ấy đã làm tăng thêm nét duyên dáng thướt tha của các cô gái, nhìn họ cười với nét mặt rạng ngời trong khung cảnh thanh bình mới thấy hết được sự quyến rũ đuợc hòa hợp giữa con người và thiên nhiên. Làn da trắng và những đôi má hây hây hồng đi trong sương khói Đà Lạt làm ta có cảm giác như mình đang lạc vào trong chốn thần tiên.     Một Đà Lạt mà ngày xưa những chàng trai cô gái tuổi đôi mươi với sức khỏe tràn trề cũng phải luôn mang trên mình những bộ quần áo ấm và xuýt xoa trong cái lạnh khi đi bên nhau, trong cái giá lạnh nhưng lúc đó họ cảm thấy thật gần nhau và thiên nhiên hình như cũng hiểu được tình yêu của họ nên đã mang họ đến gần nhau hơn trong cái không khí lạnh êm đềm đó. Giờ đây thì! còn đâu nữa, các cụ già có tuổi vẫn có thể không cần những áo ấm như xưa và những buổi chiều ngồi bên Hồ Xuân Huơng nhìn dòng nước trôi mà ngậm ngùi nhớ về một ngày xưa đó…! một kỷ niệm mà chỉ có những người sống lâu năm ở vùng đất này mới thấy thấm thía khi nó đã không còn.',1,'2014-02-12 00:00:00'),(7,1,7,'Sapa Tôi Đến đây','Em nhớ cảm giác hồi hộp lúc chờ anh ở bến xe buýt, lúc cả hai vội vàng chạy lên xe hay lúc anh nắm tay em bước vào ga. Đoàn tàu xình xịch lăn bánh cũng là lúc bao nhiêu suy nghĩ, bộn bề của công việc, học tập được gác lại một bên. Em thầm nhắc nhở mình hãy tạm quên đi đã, hạnh phúc trôi qua nhanh lắm và kỷ niệm sẽ lại được đặt tên. Vì quyết định nhanh nên em không mua được vé tốt, điều đó có lẽ lúc đầu đã làm chuyến đi không được vui. Em chỉ trực khóc khi anh nhét hai tấm vé vào tay em rồi bảo: \"Em quyết định đấy, cầm lấy\".Sapa đúng là thành phố của sương mù. Sương mù nhiều đến nỗi chỉ đứng cách một đoạn là anh và em đã chẳng còn nhìn rõ mặt nhau, sương bao quanh mình bồng bềnh, dày đặc, có lẽ sương đã làm cho Sapa thêm lãng mạn, kỳ thú và cuốn hút. Trong suốt những nơi mình đã đi, có lẽ Hàm Rồng là nơi đẹp nhất, thích thú nhất. Hàm Rồng trong một lúc mà có tới 4 mùa, lạnh như mùa đông, lại bất chợt nóng như mùa hè, bao nhiêu là hoa khoe sắc, tô điểm cho mùa xuân và mùa thu khi tự nhiên trời mát dịu. Gió, mây, sương kết hợp cùng nhau tạo cho Hàm Rồng thành bức tranh về khung cảnh.',1,'2016-05-23 00:00:00'),(12,1,1,'Đại Học Bách Khoa Hà NỘI','\r\n:)',-1,'2016-12-15 15:51:54'),(14,2,1,'bài viết về hà nội xxx','hà nội trong tôi xxx',-1,'2016-12-15 22:11:54');
/*!40000 ALTER TABLE `posts` ENABLE KEYS */;
UNLOCK TABLES;

--
-- Table structure for table `rankingfestival`
--

DROP TABLE IF EXISTS `rankingfestival`;
/*!40101 SET @saved_cs_client     = @@character_set_client */;
/*!40101 SET character_set_client = utf8 */;
CREATE TABLE `rankingfestival` (
  `idFestival` int(11) NOT NULL,
  `idUser` int(11) NOT NULL,
  `rank` int(11) NOT NULL,
  PRIMARY KEY (`idFestival`,`idUser`),
  KEY `fk_DanhGiaLeHoi_2_idx` (`idUser`),
  CONSTRAINT `fk_DanhGiaLeHoi_1` FOREIGN KEY (`idFestival`) REFERENCES `festival` (`idFestival`) ON DELETE CASCADE ON UPDATE CASCADE,
  CONSTRAINT `fk_DanhGiaLeHoi_2` FOREIGN KEY (`idUser`) REFERENCES `user` (`idUser`) ON DELETE CASCADE ON UPDATE CASCADE
) ENGINE=InnoDB DEFAULT CHARSET=utf8 COLLATE=utf8_unicode_ci;
/*!40101 SET character_set_client = @saved_cs_client */;

--
-- Dumping data for table `rankingfestival`
--

LOCK TABLES `rankingfestival` WRITE;
/*!40000 ALTER TABLE `rankingfestival` DISABLE KEYS */;
INSERT INTO `rankingfestival` VALUES (1,1,4),(1,2,5),(1,3,4),(2,4,4),(2,5,5),(3,1,4),(4,1,5),(5,1,4),(6,1,5),(7,1,4),(8,1,5),(47,1,4),(47,2,3);
/*!40000 ALTER TABLE `rankingfestival` ENABLE KEYS */;
UNLOCK TABLES;

--
-- Table structure for table `rankinglandscape`
--

DROP TABLE IF EXISTS `rankinglandscape`;
/*!40101 SET @saved_cs_client     = @@character_set_client */;
/*!40101 SET character_set_client = utf8 */;
CREATE TABLE `rankinglandscape` (
  `idLandscape` int(11) NOT NULL,
  `idUser` int(11) NOT NULL,
  `rank` int(11) NOT NULL,
  PRIMARY KEY (`idLandscape`,`idUser`),
  KEY `fk_DanhGiaThangCanh_2_idx` (`idUser`),
  CONSTRAINT `fk_DanhGiaThangCanh_1` FOREIGN KEY (`idLandscape`) REFERENCES `landscape` (`idLandscape`) ON DELETE CASCADE ON UPDATE CASCADE,
  CONSTRAINT `fk_DanhGiaThangCanh_2` FOREIGN KEY (`idUser`) REFERENCES `user` (`idUser`) ON DELETE CASCADE ON UPDATE CASCADE
) ENGINE=InnoDB DEFAULT CHARSET=utf8 COLLATE=utf8_unicode_ci;
/*!40101 SET character_set_client = @saved_cs_client */;

--
-- Dumping data for table `rankinglandscape`
--

LOCK TABLES `rankinglandscape` WRITE;
/*!40000 ALTER TABLE `rankinglandscape` DISABLE KEYS */;
INSERT INTO `rankinglandscape` VALUES (1,1,4),(1,5,2),(2,1,5),(2,2,4),(2,3,4),(3,1,5),(4,1,5),(5,1,5),(6,1,3),(7,1,2),(7,2,2),(8,1,3);
/*!40000 ALTER TABLE `rankinglandscape` ENABLE KEYS */;
UNLOCK TABLES;

--
-- Table structure for table `rankingposts`
--

DROP TABLE IF EXISTS `rankingposts`;
/*!40101 SET @saved_cs_client     = @@character_set_client */;
/*!40101 SET character_set_client = utf8 */;
CREATE TABLE `rankingposts` (
  `idPosts` int(11) NOT NULL,
  `idUser` int(11) NOT NULL,
  `rank` int(11) NOT NULL,
  PRIMARY KEY (`idPosts`,`idUser`),
  KEY `fk_DanhGiaBaiViet_2_idx` (`idUser`),
  CONSTRAINT `fk_DanhGiaBaiViet_1` FOREIGN KEY (`idPosts`) REFERENCES `posts` (`idPosts`) ON DELETE CASCADE ON UPDATE CASCADE,
  CONSTRAINT `fk_DanhGiaBaiViet_2` FOREIGN KEY (`idUser`) REFERENCES `user` (`idUser`) ON DELETE CASCADE ON UPDATE CASCADE
) ENGINE=InnoDB DEFAULT CHARSET=utf8 COLLATE=utf8_unicode_ci;
/*!40101 SET character_set_client = @saved_cs_client */;

--
-- Dumping data for table `rankingposts`
--

LOCK TABLES `rankingposts` WRITE;
/*!40000 ALTER TABLE `rankingposts` DISABLE KEYS */;
INSERT INTO `rankingposts` VALUES (1,1,5),(1,2,2),(1,3,1),(2,1,5),(2,2,1),(2,3,1),(3,1,5),(4,1,5),(4,2,2),(5,2,3),(6,4,4),(7,1,5),(7,3,2);
/*!40000 ALTER TABLE `rankingposts` ENABLE KEYS */;
UNLOCK TABLES;

--
-- Table structure for table `user`
--

DROP TABLE IF EXISTS `user`;
/*!40101 SET @saved_cs_client     = @@character_set_client */;
/*!40101 SET character_set_client = utf8 */;
CREATE TABLE `user` (
  `idUser` int(11) NOT NULL AUTO_INCREMENT,
  `fullname` varchar(50) COLLATE utf8_unicode_ci NOT NULL,
  `username` varchar(45) COLLATE utf8_unicode_ci NOT NULL,
  `password` varchar(45) CHARACTER SET utf8 DEFAULT NULL,
  `email` varchar(45) CHARACTER SET utf8 DEFAULT NULL,
  `state` int(1) NOT NULL,
  `profile` varchar(100) COLLATE utf8_unicode_ci DEFAULT NULL,
  `typeUser` int(1) NOT NULL,
  `facebookid` varchar(40) CHARACTER SET utf8 DEFAULT NULL,
  PRIMARY KEY (`idUser`),
  UNIQUE KEY `username_UNIQUE` (`username`),
  UNIQUE KEY `email_UNIQUE` (`email`)
) ENGINE=InnoDB AUTO_INCREMENT=29 DEFAULT CHARSET=utf8 COLLATE=utf8_unicode_ci;
/*!40101 SET character_set_client = @saved_cs_client */;

--
-- Dumping data for table `user`
--

LOCK TABLES `user` WRITE;
/*!40000 ALTER TABLE `user` DISABLE KEYS */;
INSERT INTO `user` VALUES (1,'Hoàng Thế Hà','hoangha','12345','hoangtheha.95@gmail.com',1,NULL,1,NULL),(2,'Vũ Minh Đức','ducvu','123456abc','duc@gmail.com',1,NULL,1,NULL),(3,'Nguyễn Thị Phương Hằng','hangnt','123456','hang@gmail.com',1,'',1,NULL),(4,'Nguyễn Văn Đức','ducnv','123456','ducnv@gmail.com',1,NULL,1,NULL),(5,'Trần Thị Hồng Giang','giangtth','123456','giang@gmail.com',1,NULL,1,NULL);
/*!40000 ALTER TABLE `user` ENABLE KEYS */;
UNLOCK TABLES;
/*!40103 SET TIME_ZONE=@OLD_TIME_ZONE */;

/*!40101 SET SQL_MODE=@OLD_SQL_MODE */;
/*!40014 SET FOREIGN_KEY_CHECKS=@OLD_FOREIGN_KEY_CHECKS */;
/*!40014 SET UNIQUE_CHECKS=@OLD_UNIQUE_CHECKS */;
/*!40101 SET CHARACTER_SET_CLIENT=@OLD_CHARACTER_SET_CLIENT */;
/*!40101 SET CHARACTER_SET_RESULTS=@OLD_CHARACTER_SET_RESULTS */;
/*!40101 SET COLLATION_CONNECTION=@OLD_COLLATION_CONNECTION */;
/*!40111 SET SQL_NOTES=@OLD_SQL_NOTES */;

-- Dump completed on 2016-12-19 19:43:13
